name,phone,address,category,city,country,reason,date_found
Tia Maria Bar & Kitchen,+44 20 7622 3602,"126 South Lambeth Road, London, SW8 1RB",restaurant,London,GB,No website listed on OpenStreetMap for this restaurant - potential web design / marketing lead.,2026-08-26
Chatora City,+44 20 459 78339,"4 Great St. Thomas Apostle, London, EC4V 2BH",restaurant,London,GB,No website listed on OpenStreetMap for this restaurant - potential web design / marketing lead.,2026-08-26
Ristorante LA COLLINA,+44 20 8423 2598,London,restaurant,London,GB,No website listed on OpenStreetMap for this restaurant - potential web design / marketing lead.,2026-08-26
Wahaca,+44 20 3889 0483,"140 Tabernacle Street, London, EC2A 4SD",restaurant,London,GB,No website listed on OpenStreetMap for this restaurant - potential web design / marketing lead.,2026-08-26
The Diner,+44 20 7226 3272,"21 Essex Road, London",restaurant,London,GB,No website listed on OpenStreetMap for this restaurant - potential web design / marketing lead.,2026-08-26
Donna Sofia,+44 20 7354 9309,"36 Highbury Park, London, N5 2AA",restaurant,London,GB,No website listed on OpenStreetMap for this restaurant - potential web design / marketing lead.,2026-08-26
Ottolenghi,+44 20 7288 1454,"287 Upper Street, London, N1 2TZ",restaurant,London,GB,No website listed on OpenStreetMap for this restaurant - potential web design / marketing lead.,2026-08-26
Café Gallipoli Again,+44 20 7359 1578,"120 Upper Street, London, N1 1QP",restaurant,London,GB,No website listed on OpenStreetMap for this restaurant - potential web design / marketing lead.,2026-08-26
Noodles City,+44 20 7272 3302,"147 Stroud Green Road, London, N4 3PZ",restaurant,London,GB,No website listed on OpenStreetMap for this restaurant - potential web design / marketing lead.,2026-08-26
Aqua Bar & Grill,+44 20 8460 2346,"4-6 East Street, Bromley, BR1 1QN",restaurant,London,GB,No website listed on OpenStreetMap for this restaurant - potential web design / marketing lead.,2026-08-26
La Masseria,+44 20 7535 8575,"69 Upper Berkeley Street, London, W1H 7QZ",restaurant,London,GB,No website listed on OpenStreetMap for this restaurant - potential web design / marketing lead.,2026-08-26
Red Sun,+44 20 7723 5350,"2a New Quebec Street, London",restaurant,London,GB,No website listed on OpenStreetMap for this restaurant - potential web design / marketing lead.,2026-08-26
imm Thai Fusion,+44 20 8650 7887,"16-18 High Street, Beckenham, BR3 1AY",restaurant,London,GB,No website listed on OpenStreetMap for this restaurant - potential web design / marketing lead.,2026-08-26
New Dewaniam,+44 20 7703 1941,"225a Camberwell New Road, London, SE5 0TH",restaurant,London,GB,No website listed on OpenStreetMap for this restaurant - potential web design / marketing lead.,2026-08-26
Villa Toscana,+44 20 8991 9900,"5 Boileau Parade, London, W5 3AQ",restaurant,London,GB,No website listed on OpenStreetMap for this restaurant - potential web design / marketing lead.,2026-08-26
Freej Swaileh,+44 20 7724 0220,"190 Edgware Road, London, W2 2DS",restaurant,London,GB,No website listed on OpenStreetMap for this restaurant - potential web design / marketing lead.,2026-08-26
Restaurante Castelo,+44 20 8671 8527,"369 Norwood Road, London, SE27 9BQ",restaurant,London,GB,No website listed on OpenStreetMap for this restaurant - potential web design / marketing lead.,2026-08-26
Adana Sofrasi,+44 20 8363 1111,"402 High Road, London, N17 9JB",restaurant,London,GB,No website listed on OpenStreetMap for this restaurant - potential web design / marketing lead.,2026-08-26
The Garden House,+44 20 8880 9212,"410 High Road, London, N17 9JB",restaurant,London,GB,No website listed on OpenStreetMap for this restaurant - potential web design / marketing lead.,2026-08-26
Gold Mine,+44 20 7792 8331,"100-102 Queensway, London",restaurant,London,GB,No website listed on OpenStreetMap for this restaurant - potential web design / marketing lead.,2026-08-26
Halal Restaurant,+44 20 7792 5888,"98 Queensway, London, W2 3RR",restaurant,London,GB,No website listed on OpenStreetMap for this restaurant - potential web design / marketing lead.,2026-08-26
Afghan Kitchen,+44 20 7359 8019,"35 Islington Green, London, N1 8DU",restaurant,London,GB,No website listed on OpenStreetMap for this restaurant - potential web design / marketing lead.,2026-08-26
The Vincent Rooms,+44 20 7802 8391,"76 Vincent Square, London, SW1P 2PD",restaurant,London,GB,No website listed on OpenStreetMap for this restaurant - potential web design / marketing lead.,2026-08-26
Sinuhe persian Tapas Bar,+44 20 7229 4422,"13 Hereford Road, London, W2 4AB",restaurant,London,GB,No website listed on OpenStreetMap for this restaurant - potential web design / marketing lead.,2026-08-26
Breddos,+44 20 3535 8301,"82 Goswell Road, London, EC1V 7DB",restaurant,London,GB,No website listed on OpenStreetMap for this restaurant - potential web design / marketing lead.,2026-08-26
Prezzo,+44 20 7499 4690,"17 Hertford Street, London, W1J 7RS",restaurant,London,GB,No website listed on OpenStreetMap for this restaurant - potential web design / marketing lead.,2026-08-26
Mama Thai,+44 20 7277 2734,"235 Walworth Road, London, SE17 1RL",restaurant,London,GB,No website listed on OpenStreetMap for this restaurant - potential web design / marketing lead.,2026-08-26
27 Old Compton Street,+44 20 7183 5467,"27 Old Compton Street, London, W1D 5JP",restaurant,London,GB,No website listed on OpenStreetMap for this restaurant - potential web design / marketing lead.,2026-08-26
Le Chef Masgouf,+44 20 7262 5919,"41 Connaught Street, London, W2 2BB",restaurant,London,GB,No website listed on OpenStreetMap for this restaurant - potential web design / marketing lead.,2026-08-26
Les Associes,+44 20 8348 8944,"172 Park Road, London",restaurant,London,GB,No website listed on OpenStreetMap for this restaurant - potential web design / marketing lead.,2026-08-26
Dar's,+44 20 7485 9921,London,restaurant,London,GB,No website listed on OpenStreetMap for this restaurant - potential web design / marketing lead.,2026-08-26
Curry Mahal,+44 20 8422 7976,"372 Northolt Road, Harrow, HA2 8ES",restaurant,London,GB,No website listed on OpenStreetMap for this restaurant - potential web design / marketing lead.,2026-08-26
Orpheus,+44 20 7481 1931,"26A Savage Gardens, London, EC3N 2AR",restaurant,London,GB,No website listed on OpenStreetMap for this restaurant - potential web design / marketing lead.,2026-08-26
The Leather Uppers,+44 20 7407 0295,"15 Leathermarket Street, London",restaurant,London,GB,No website listed on OpenStreetMap for this restaurant - potential web design / marketing lead.,2026-08-26
Delicious by Franco,+44 20 7482 3460,"320 Kentish Town Road, London",restaurant,London,GB,No website listed on OpenStreetMap for this restaurant - potential web design / marketing lead.,2026-08-26
Centro Galego de Londres,+44 20 8964 4873,"869 Harrow Road, London, NW10 5NG",restaurant,London,GB,No website listed on OpenStreetMap for this restaurant - potential web design / marketing lead.,2026-08-26
The Refectory,+44 20 8543 1945,London,restaurant,London,GB,No website listed on OpenStreetMap for this restaurant - potential web design / marketing lead.,2026-08-26
Wing Sing,+44 20 8532 2883,"78 George Lane, London",restaurant,London,GB,No website listed on OpenStreetMap for this restaurant - potential web design / marketing lead.,2026-08-26
Sayurit Sushi,+44 20 8810 1676,"78 South Ealing Road, London",restaurant,London,GB,No website listed on OpenStreetMap for this restaurant - potential web design / marketing lead.,2026-08-26
Tas Firin,+44 7909 890634,"277 City Road, London",restaurant,London,GB,No website listed on OpenStreetMap for this restaurant - potential web design / marketing lead.,2026-08-26
Loving Hut,+44 20 7281 8989,"669 Holloway Road, London, N19 5SE",restaurant,London,GB,No website listed on OpenStreetMap for this restaurant - potential web design / marketing lead.,2026-08-26
Chilli Cool,+44 20 7383 3135,"15 Leigh Street, London, WC1H 9EW",restaurant,London,GB,No website listed on OpenStreetMap for this restaurant - potential web design / marketing lead.,2026-08-26
The Pie Crust (Thai),+44 20 8534 2873,"273 High Street, London, E15 2TF",restaurant,London,GB,No website listed on OpenStreetMap for this restaurant - potential web design / marketing lead.,2026-08-26
Chaiiwala,+44 20 7625 8532,London,restaurant,London,GB,No website listed on OpenStreetMap for this restaurant - potential web design / marketing lead.,2026-08-26
Bianca Pizzeria,+44 20 8340 5296,"419 Green Lanes, London, N4 1EY",restaurant,London,GB,No website listed on OpenStreetMap for this restaurant - potential web design / marketing lead.,2026-08-26
Lebanese Gardens,+44 20 7834 9941,"10a Vauxhall Bridge Road, London, SW1V 2SD",restaurant,London,GB,No website listed on OpenStreetMap for this restaurant - potential web design / marketing lead.,2026-08-26
Thai Villa,+44 20 8869 9888,"181, London",restaurant,London,GB,No website listed on OpenStreetMap for this restaurant - potential web design / marketing lead.,2026-08-26
Maharaja,+44 1923 823688,London,restaurant,London,GB,No website listed on OpenStreetMap for this restaurant - potential web design / marketing lead.,2026-08-26
Northwood Piazza,+44 1923829670,"28 Green Lane, Northwood, HA6 2QB",restaurant,London,GB,No website listed on OpenStreetMap for this restaurant - potential web design / marketing lead.,2026-08-26
Rosa's Thai Cafe,+44 20 3773 1568,"152 West End Lane, London, NW6 1SD",restaurant,London,GB,No website listed on OpenStreetMap for this restaurant - potential web design / marketing lead.,2026-08-26
Papa Bruno,+44 20 7222 4396,"47 Marsham Street, London, SW1P 3DP",restaurant,London,GB,No website listed on OpenStreetMap for this restaurant - potential web design / marketing lead.,2026-08-26
Pizza Hut,+44 20 8446 8910,"Chaplin Square, London, N12 0GL",restaurant,London,GB,No website listed on OpenStreetMap for this restaurant - potential web design / marketing lead.,2026-08-26
La Fortuna,+44 20 7937 8752,"32 Kensington Church Street, London, W8 4HA",restaurant,London,GB,No website listed on OpenStreetMap for this restaurant - potential web design / marketing lead.,2026-08-26
Brachia,+44 20 8458 7003,"118 Golders Green Road, London",restaurant,London,GB,No website listed on OpenStreetMap for this restaurant - potential web design / marketing lead.,2026-08-26
ASK Italian,+44 20 7224 3484,"56-60 Wigmore Street, London, W1U 2RZ",restaurant,London,GB,No website listed on OpenStreetMap for this restaurant - potential web design / marketing lead.,2026-08-26
Cabana,+44 20 3249 1920,"Southern Terrace, Westfield Centre, London, W12 7GB",restaurant,London,GB,No website listed on OpenStreetMap for this restaurant - potential web design / marketing lead.,2026-08-26
Byron,+44 20 7240 2707,"1a St Giles High Street, London, WC2H 8AG",restaurant,London,GB,No website listed on OpenStreetMap for this restaurant - potential web design / marketing lead.,2026-08-26
Enish,+44 2079676261,"91 Camberwell Road, London",restaurant,London,GB,No website listed on OpenStreetMap for this restaurant - potential web design / marketing lead.,2026-08-26
Nino's,+44 20 8518 8503,"18 Electric Parade, London, E18 2LY",restaurant,London,GB,No website listed on OpenStreetMap for this restaurant - potential web design / marketing lead.,2026-08-26
George's Fish & Souvlaki Bar,+44 20 8989 3970,"164 George Lane, London, E18 1AY",restaurant,London,GB,No website listed on OpenStreetMap for this restaurant - potential web design / marketing lead.,2026-08-26
Lakehouse Hungarian,+44 7711 585380,"83 High Road, London, E18 2QP",restaurant,London,GB,No website listed on OpenStreetMap for this restaurant - potential web design / marketing lead.,2026-08-26
Ma Cuisine,+44 20 8332 1923,"8 Station Approach, Richmond, TW9 3QB",restaurant,London,GB,No website listed on OpenStreetMap for this restaurant - potential web design / marketing lead.,2026-08-26
Hummus Bros,+44 20 7404 7079,"37-63 Southampton Row, London, WC1B 4DA",restaurant,London,GB,No website listed on OpenStreetMap for this restaurant - potential web design / marketing lead.,2026-08-26
Dynasty,+44 20 8504 0475,"139 High Road, London, E18 2PA",restaurant,London,GB,No website listed on OpenStreetMap for this restaurant - potential web design / marketing lead.,2026-08-26
Megan's,+44 20 3468 0224,"214 Chiswick High Road, London",restaurant,London,GB,No website listed on OpenStreetMap for this restaurant - potential web design / marketing lead.,2026-08-26
Barnaby's,+44 20 7610 0880,"47 Lillie Road, London, SW6 1UD",restaurant,London,GB,No website listed on OpenStreetMap for this restaurant - potential web design / marketing lead.,2026-08-26
Crispy Dosa,+44 20 8869 0111,"1280 Greenford Road, Greenford, UB6 0HH",restaurant,London,GB,No website listed on OpenStreetMap for this restaurant - potential web design / marketing lead.,2026-08-26
Burj Al Arab,+44 20 7487 4414,"13c Crawford Street, London, W1U 6BZ",restaurant,London,GB,No website listed on OpenStreetMap for this restaurant - potential web design / marketing lead.,2026-08-26
Go Bong,+44 20 7281 6620,"788 Holloway Road, London",restaurant,London,GB,No website listed on OpenStreetMap for this restaurant - potential web design / marketing lead.,2026-08-26
Wings,+44 20 8904 8326,"294 Preston Road, Harrow, HA3 0QA",restaurant,London,GB,No website listed on OpenStreetMap for this restaurant - potential web design / marketing lead.,2026-08-26
Little Vietnam,+44 20 8543 7585,"1 Kingston Road, London, SW19 1JX",restaurant,London,GB,No website listed on OpenStreetMap for this restaurant - potential web design / marketing lead.,2026-08-26
Legends American Grill & Bar,+44 20 8850 7550,"90 Eltham High Street, London, SE9 1BW",restaurant,London,GB,No website listed on OpenStreetMap for this restaurant - potential web design / marketing lead.,2026-08-26
Viet Ngon,+44 20 7281 5095,"145 Stroud Green Road, London, N4 3PZ",restaurant,London,GB,No website listed on OpenStreetMap for this restaurant - potential web design / marketing lead.,2026-08-26
Sajee,+44 20 8297 6452,"19 Lee High Road, London, SE13 5LD",restaurant,London,GB,No website listed on OpenStreetMap for this restaurant - potential web design / marketing lead.,2026-08-26
Raffles,+44 20 7723 3159,"13 Craven Road, London, W2 3BP",restaurant,London,GB,No website listed on OpenStreetMap for this restaurant - potential web design / marketing lead.,2026-08-26
Villa Rosa,+44 20 7402 2995,"9 Craven Road, London, W2 3BP",restaurant,London,GB,No website listed on OpenStreetMap for this restaurant - potential web design / marketing lead.,2026-08-26
Sambal Express,+44 20 8423 4412,"253 Northolt Road, Harrow, HA2 8HS",restaurant,London,GB,No website listed on OpenStreetMap for this restaurant - potential web design / marketing lead.,2026-08-26
Maruthi Express,+44 20 8423 5000,"248A Northolt Road, Harrow, HA2 8DU",restaurant,London,GB,No website listed on OpenStreetMap for this restaurant - potential web design / marketing lead.,2026-08-26
Kebabish Original,+44 20 8551 0326,"22 High Street, Ilford, IG6 2DF",restaurant,London,GB,No website listed on OpenStreetMap for this restaurant - potential web design / marketing lead.,2026-08-26
Mumbai Ave,+44 20 8991 9145,"25 Castle Hill Parade, London",restaurant,London,GB,No website listed on OpenStreetMap for this restaurant - potential web design / marketing lead.,2026-08-26
Happy Family,+44 20 7735 5433,"311 Kennington Road, London, SE11 4QE",restaurant,London,GB,No website listed on OpenStreetMap for this restaurant - potential web design / marketing lead.,2026-08-26
Theo's Simple Italian,+44 20 7370 9130,"34-44 Barkston Gardens, London, SW5 0EW",restaurant,London,GB,No website listed on OpenStreetMap for this restaurant - potential web design / marketing lead.,2026-08-26
Arya Bhavan,+44 20 7839 8797,"17 Charing Cross Road, London",restaurant,London,GB,No website listed on OpenStreetMap for this restaurant - potential web design / marketing lead.,2026-08-26
Gurmani,+44 20 7018 6860,"238 Langham Road, London, N15 3NB",restaurant,London,GB,No website listed on OpenStreetMap for this restaurant - potential web design / marketing lead.,2026-08-26
Masgouf,+44 20 7373 5591,"134 Cromwell Road, London, SW7 4HA",restaurant,London,GB,No website listed on OpenStreetMap for this restaurant - potential web design / marketing lead.,2026-08-26
Bellavista,+44 20 7373 0200,"132 Cromwell Road, London, SW7 4HA",restaurant,London,GB,No website listed on OpenStreetMap for this restaurant - potential web design / marketing lead.,2026-08-26
Valentino,+44 20 7262 4127,"179-181 Edgware Road, London",restaurant,London,GB,No website listed on OpenStreetMap for this restaurant - potential web design / marketing lead.,2026-08-26
Shaheen,+44 20 7928 8186,"215 Waterloo Road, London, SE1 8XH",restaurant,London,GB,No website listed on OpenStreetMap for this restaurant - potential web design / marketing lead.,2026-08-26
W7 Emporium,+44 20 4537 0916,"60 Boston Road, London, W7 3TR",restaurant,London,GB,No website listed on OpenStreetMap for this restaurant - potential web design / marketing lead.,2026-08-26
Daphanie's,+44 20 7252 8666,"173 Peckham High Street, London, SE15 5SL",restaurant,London,GB,No website listed on OpenStreetMap for this restaurant - potential web design / marketing lead.,2026-08-26
Quaglino's,+44 20 7930 6767,"16 Bury Street, London",restaurant,London,GB,No website listed on OpenStreetMap for this restaurant - potential web design / marketing lead.,2026-08-26
Megumi,+44 20 8337 2226,"358 Malden Road, Worcester Park, KT4 7NW",restaurant,London,GB,No website listed on OpenStreetMap for this restaurant - potential web design / marketing lead.,2026-08-26
Shalinoar,+44 20 8330 7885,"372 Malden Road, Worcester Park, KT4 7NL",restaurant,London,GB,No website listed on OpenStreetMap for this restaurant - potential web design / marketing lead.,2026-08-26
Rosmarino,+44 20 8330 2542,"30 Church Road, Worcester Park, KT4 7RA",restaurant,London,GB,No website listed on OpenStreetMap for this restaurant - potential web design / marketing lead.,2026-08-26
Royal India,+44 20 8337 6767,"208, London",restaurant,London,GB,No website listed on OpenStreetMap for this restaurant - potential web design / marketing lead.,2026-08-26
Sea Fare Fish & Chips,+44 20 7228 9046,"89 Northcote Road, London, SW11 6PL",restaurant,London,GB,No website listed on OpenStreetMap for this restaurant - potential web design / marketing lead.,2026-08-26
Tamra,+44 20 7223 4894,"63 Northcote Road, London, SW11 1NP",restaurant,London,GB,No website listed on OpenStreetMap for this restaurant - potential web design / marketing lead.,2026-08-26
Almahmud Restaurant,+44 20 8575 5522,"584 Greenford Road, Greenford, UB6 8QU",restaurant,London,GB,No website listed on OpenStreetMap for this restaurant - potential web design / marketing lead.,2026-08-26
Masala Cow,+44 20 7837 7799,"64 Caledonian Road, London",restaurant,London,GB,No website listed on OpenStreetMap for this restaurant - potential web design / marketing lead.,2026-08-26
The Original George's Fish Bar,+44 20 8363 1133,"8 Southbury Road, Enfield, EN1 1RT",restaurant,London,GB,No website listed on OpenStreetMap for this restaurant - potential web design / marketing lead.,2026-08-26
Spice of India,+44 20 7928 1286,"65 The Cut, London, SE1 8LL",restaurant,London,GB,No website listed on OpenStreetMap for this restaurant - potential web design / marketing lead.,2026-08-26
Capital Kebab House,+44 20 7207 2274,"63 The Cut, London, SE1 8LL",restaurant,London,GB,No website listed on OpenStreetMap for this restaurant - potential web design / marketing lead.,2026-08-26
Brasserie Transylvania,+44 20 8802 0866,"353 Green Lanes, London, N4 1DZ",restaurant,London,GB,No website listed on OpenStreetMap for this restaurant - potential web design / marketing lead.,2026-08-26
Great Nepalese,+44 20 7388 6737,London,restaurant,London,GB,No website listed on OpenStreetMap for this restaurant - potential web design / marketing lead.,2026-08-26
Beiteddine,+44 20 7235 3969,"8 Harriet Street, London",restaurant,London,GB,No website listed on OpenStreetMap for this restaurant - potential web design / marketing lead.,2026-08-26
Orsini,+44 20 7581 5553,"8a Thurloe Place, London",restaurant,London,GB,No website listed on OpenStreetMap for this restaurant - potential web design / marketing lead.,2026-08-26
Station 31,+44 20 8900 0173,"299-303 Harrow Road, Wembley, HA9 6BD",restaurant,London,GB,No website listed on OpenStreetMap for this restaurant - potential web design / marketing lead.,2026-08-26
Bonnane,+44 20 7055 8278,"ExCeL Marina, London, E16 1AT",restaurant,London,GB,No website listed on OpenStreetMap for this restaurant - potential web design / marketing lead.,2026-08-26
Côte Brasserie,+44 20 7224 4480,"26-27 Devonshire Street, London, W1G 6PL",restaurant,London,GB,No website listed on OpenStreetMap for this restaurant - potential web design / marketing lead.,2026-08-26
China Chef,+44 20 8890 8068,"3 Hamilton Parade, Groveley Road, Feltham, TW13 4PJ",restaurant,London,GB,No website listed on OpenStreetMap for this restaurant - potential web design / marketing lead.,2026-08-26
Curry Nights,+44 20 8751 3300,London,restaurant,London,GB,No website listed on OpenStreetMap for this restaurant - potential web design / marketing lead.,2026-08-26
Las Fuentes,+44 20 8763 1983,"38-40 High Street, Purley, CR8 2AA",restaurant,London,GB,No website listed on OpenStreetMap for this restaurant - potential web design / marketing lead.,2026-08-26
Mekan,+44 20 8645 9375,"2 Purley Parade, Purley, CR8 2AB",restaurant,London,GB,No website listed on OpenStreetMap for this restaurant - potential web design / marketing lead.,2026-08-26
4 Locos,+44 20 8660 5200,"6-8 Russell Hill Road, Purley, CR8 2LA",restaurant,London,GB,No website listed on OpenStreetMap for this restaurant - potential web design / marketing lead.,2026-08-26
Zero Quattro,+44 20 8763 8287,"4 Russell Hill Road, Purley, CR8 2LA",restaurant,London,GB,No website listed on OpenStreetMap for this restaurant - potential web design / marketing lead.,2026-08-26
Adana,+44 20 7359 4911,"25-27 Green Lanes, London, N16 9BS",restaurant,London,GB,No website listed on OpenStreetMap for this restaurant - potential web design / marketing lead.,2026-08-26
Sticks'n'Sushi,+44 20 3343 2223,"100 Shoreditch High Street, London, E1 6JQ",restaurant,London,GB,No website listed on OpenStreetMap for this restaurant - potential web design / marketing lead.,2026-08-26
Ragam,+44 20 7636 9098,"57 Cleveland Street, London",restaurant,London,GB,No website listed on OpenStreetMap for this restaurant - potential web design / marketing lead.,2026-08-26
Three Flames,+44 20 3638 4067,"166 High Street, Feltham, TW13 4BS",restaurant,London,GB,No website listed on OpenStreetMap for this restaurant - potential web design / marketing lead.,2026-08-26
Po Cha 포장마차,+44 7379 349552,"30 Lower Marsh, London, SE1 7RG",restaurant,London,GB,No website listed on OpenStreetMap for this restaurant - potential web design / marketing lead.,2026-08-26
Donde Carlos Restaurant,+44 20 8749 9575,"143 Goldhawk Road, London, W12 8EN",restaurant,London,GB,No website listed on OpenStreetMap for this restaurant - potential web design / marketing lead.,2026-08-26
Hamer Ethiopia,+44 20 3489 6118,"92 Goldhawk Road, London, W12 8HD",restaurant,London,GB,No website listed on OpenStreetMap for this restaurant - potential web design / marketing lead.,2026-08-26
Zippy Diner,+44 20 8740 5473,"42 Goldhawk Road, London, W12 8DH",restaurant,London,GB,No website listed on OpenStreetMap for this restaurant - potential web design / marketing lead.,2026-08-26
Rostomia,+44 20 8749 7373,"40 Goldhawk Road, London, W12 8DH",restaurant,London,GB,No website listed on OpenStreetMap for this restaurant - potential web design / marketing lead.,2026-08-26
Flame Flame,+44 7741 427888,"280 Uxbridge Road, London, W12 7JA",restaurant,London,GB,No website listed on OpenStreetMap for this restaurant - potential web design / marketing lead.,2026-08-26
Jerusalem Star,+44 20 8735 0320,"107 Uxbridge Road, London, W12 8NL",restaurant,London,GB,No website listed on OpenStreetMap for this restaurant - potential web design / marketing lead.,2026-08-26
Red Sea,+44 20 8749 6888,"386 Uxbridge Road, London, W12 7LL",restaurant,London,GB,No website listed on OpenStreetMap for this restaurant - potential web design / marketing lead.,2026-08-26
Savannah,+44 20 8743 9666,"105 Uxbridge Road, London, W12 8NL",restaurant,London,GB,No website listed on OpenStreetMap for this restaurant - potential web design / marketing lead.,2026-08-26
Lahori Restaurant,+44 20 8749 6115,"426 Uxbridge Road, London, W12 0NR",restaurant,London,GB,No website listed on OpenStreetMap for this restaurant - potential web design / marketing lead.,2026-08-26
Tatar Bunar,+44 7771 013190,"152 Curtain Road, London, EC2A 3AT",restaurant,London,GB,No website listed on OpenStreetMap for this restaurant - potential web design / marketing lead.,2026-08-26
Ibérica Canary Wharf,+44 20 7636 8650,"12 Cabot Square, London, E14 4QQ",restaurant,London,GB,No website listed on OpenStreetMap for this restaurant - potential web design / marketing lead.,2026-08-26
Curry House CoCo Ichibanya,+44 20 3904 5633,"17-18 Great Newport Street, London, WC2H 7JE",restaurant,London,GB,No website listed on OpenStreetMap for this restaurant - potential web design / marketing lead.,2026-08-26
Bad Egg,+44 20 3006 6222,"1 Ropemaker Street, London, EC2Y 9AW",restaurant,London,GB,No website listed on OpenStreetMap for this restaurant - potential web design / marketing lead.,2026-08-26
Grill on the Hill,+44 20 7228 2002,"89 Lavender Hill, London, SW11 5QL",restaurant,London,GB,No website listed on OpenStreetMap for this restaurant - potential web design / marketing lead.,2026-08-26
Ohba Leaf,+44 20 3515 0606,"125 Grove Road, London, E17 9BU",restaurant,London,GB,No website listed on OpenStreetMap for this restaurant - potential web design / marketing lead.,2026-08-26
Bluebells of portobello,+44 20 8906 2444,"57 The Broadway, Mill Hill",restaurant,London,GB,No website listed on OpenStreetMap for this restaurant - potential web design / marketing lead.,2026-08-26
Ruman Peri Peri,+44 20 7709 8222,"66 Cleveland Way, London, E1 4UF",restaurant,London,GB,No website listed on OpenStreetMap for this restaurant - potential web design / marketing lead.,2026-08-26
Singapore Garden,+44 20 7328 5314,"83 Fairfax Road, London",restaurant,London,GB,No website listed on OpenStreetMap for this restaurant - potential web design / marketing lead.,2026-08-26
Jihwaja,+44 2075824680,"353 Kennington Lane, London, SE11 5QY",restaurant,London,GB,No website listed on OpenStreetMap for this restaurant - potential web design / marketing lead.,2026-08-26
Hassos Doner,+44 20 8348 1936,"423 Green Lanes, London, N4 1EY",restaurant,London,GB,No website listed on OpenStreetMap for this restaurant - potential web design / marketing lead.,2026-08-26
Penge Masala,+44 20 8776 8080,"75 High Street, London, SE20 7HW",restaurant,London,GB,No website listed on OpenStreetMap for this restaurant - potential web design / marketing lead.,2026-08-26
New May Flower,+44 20 8761 0656,London,restaurant,London,GB,No website listed on OpenStreetMap for this restaurant - potential web design / marketing lead.,2026-08-26
Booking Office 1869,+44 20 7841 3566,"London, NW1 2AR",restaurant,London,GB,No website listed on OpenStreetMap for this restaurant - potential web design / marketing lead.,2026-08-26
Masala,+44 20 7370 4483,"4a Hogarth Road, London",restaurant,London,GB,No website listed on OpenStreetMap for this restaurant - potential web design / marketing lead.,2026-08-26
New Asia,+44 20 7373 0112,"7 Hogarth Place, London",restaurant,London,GB,No website listed on OpenStreetMap for this restaurant - potential web design / marketing lead.,2026-08-26
Strada,+44 20 7731 6404,"175 New King's Road, London",restaurant,London,GB,No website listed on OpenStreetMap for this restaurant - potential web design / marketing lead.,2026-08-26
Go Po Cha,+44 20 7018 5582,"57 Baylis Road, London",restaurant,London,GB,No website listed on OpenStreetMap for this restaurant - potential web design / marketing lead.,2026-08-26
Bardhoshi Bar & Restaurant,+44 20 8341 2747,"651 Green Lanes, London",restaurant,London,GB,No website listed on OpenStreetMap for this restaurant - potential web design / marketing lead.,2026-08-26
Nawroz,+44 20 8341 7142,"1 Queens Parade, London, N8 0RD",restaurant,London,GB,No website listed on OpenStreetMap for this restaurant - potential web design / marketing lead.,2026-08-26
Kitcho,+44 7720 811820,"57 Greenwich High Road, London, SE10 8LP",restaurant,London,GB,No website listed on OpenStreetMap for this restaurant - potential web design / marketing lead.,2026-08-26
Jannah,+44 20 7739 5677,"352 Bethnal Green Road, London, E2 0AH",restaurant,London,GB,No website listed on OpenStreetMap for this restaurant - potential web design / marketing lead.,2026-08-26
Bombay Rickshaw,+44 20 8348 1648,"172 Archway Road, London",restaurant,London,GB,No website listed on OpenStreetMap for this restaurant - potential web design / marketing lead.,2026-08-26
Pizza & Grill,+44 20 3982 3374,"16A Coldharbour Lane, London",restaurant,London,GB,No website listed on OpenStreetMap for this restaurant - potential web design / marketing lead.,2026-08-26
Vieteat,+44 20 7404 4138,"48 Kingsway, London, WC2B 6EP",restaurant,London,GB,No website listed on OpenStreetMap for this restaurant - potential web design / marketing lead.,2026-08-26
Wandle Pirates,+44 7429 317222,"Unit 4 Watermill Way, London, SW19 2RD",restaurant,London,GB,No website listed on OpenStreetMap for this restaurant - potential web design / marketing lead.,2026-08-26
Hozi,+44 20 7242 0978,"25-27 Theobalds Road, London, WC1X 8SP",restaurant,London,GB,No website listed on OpenStreetMap for this restaurant - potential web design / marketing lead.,2026-08-26
Dragon King,+44 20 7627 8001,"4 Riverlight Quay, London, SW11 8DG",restaurant,London,GB,No website listed on OpenStreetMap for this restaurant - potential web design / marketing lead.,2026-08-26
Tohbang,+44 20 7278 8674,"164 Clerkenwell Road, London, EC1R 5DU",restaurant,London,GB,No website listed on OpenStreetMap for this restaurant - potential web design / marketing lead.,2026-08-26
Coco Momo,+44 20 7589 0905,"25 Gloucester Road, London",restaurant,London,GB,No website listed on OpenStreetMap for this restaurant - potential web design / marketing lead.,2026-08-26
Obon Sushi,+44 20 8546 5452,"42 Richmond Road, Kingston upon Thames, KT2 5EE",restaurant,London,GB,No website listed on OpenStreetMap for this restaurant - potential web design / marketing lead.,2026-08-26
Village Masaleh,+44 20 8674 3388,"196 Norwood Road, London, SE27 9AU",restaurant,London,GB,No website listed on OpenStreetMap for this restaurant - potential web design / marketing lead.,2026-08-26
Mr Chan's Cantonese Takeaway,+44 20 8864 8863,"346 Eastcote Lane, Harrow, HA2 9AJ",restaurant,London,GB,No website listed on OpenStreetMap for this restaurant - potential web design / marketing lead.,2026-08-26
First Choice Cafe,+44 20 8854 8131,"51-61 Hare Street, London, SE18 6NE",restaurant,London,GB,No website listed on OpenStreetMap for this restaurant - potential web design / marketing lead.,2026-08-26
Saltanat,+44 20 7476 8879,"67 Barking Road, London, E16 4HB",restaurant,London,GB,No website listed on OpenStreetMap for this restaurant - potential web design / marketing lead.,2026-08-26
Cibaeña 2 España,+44 7864265925,"481 New Cross Road, London, SE14 6TA",restaurant,London,GB,No website listed on OpenStreetMap for this restaurant - potential web design / marketing lead.,2026-08-26
Wu,+44 20 8806 1022,London,restaurant,London,GB,No website listed on OpenStreetMap for this restaurant - potential web design / marketing lead.,2026-08-26
New Fortune Cookie,+44 20 7727 7260,"1 Queensway, London",restaurant,London,GB,No website listed on OpenStreetMap for this restaurant - potential web design / marketing lead.,2026-08-26
Cha Kee,+44 7899 547 405,"347 North End Road, London, SW6 1NN",restaurant,London,GB,No website listed on OpenStreetMap for this restaurant - potential web design / marketing lead.,2026-08-26
Il Conte,+44 20 7434 1823,"17 Air Street, London",restaurant,London,GB,No website listed on OpenStreetMap for this restaurant - potential web design / marketing lead.,2026-08-26
Honesto,+44 20 7287 1318,"84 Brewer Street, London",restaurant,London,GB,No website listed on OpenStreetMap for this restaurant - potential web design / marketing lead.,2026-08-26
Tiwa 'N' Tiwa,+44 20 3737 5331,"34b Peckham High Street, London, SE15 5DP",restaurant,London,GB,No website listed on OpenStreetMap for this restaurant - potential web design / marketing lead.,2026-08-26
Thai Venue,+44 20 8763 9626,"200 Brighton Road, Coulsdon, CR5 2NF",restaurant,London,GB,No website listed on OpenStreetMap for this restaurant - potential web design / marketing lead.,2026-08-26
Osteria Del Portico,+44 20 8840 3297,"7A The Green, London, W5 5DA",restaurant,London,GB,No website listed on OpenStreetMap for this restaurant - potential web design / marketing lead.,2026-08-26
Nandine,+44 20 8001 8322,"82 Vestry Road, London, SE5 8PQ",restaurant,London,GB,No website listed on OpenStreetMap for this restaurant - potential web design / marketing lead.,2026-08-26
Empire Lounge,+44 20 7358 1745,"777-787 Old Kent Road, London, SE15 1NZ",restaurant,London,GB,No website listed on OpenStreetMap for this restaurant - potential web design / marketing lead.,2026-08-26
L'Autre,+44 20 7499 4680,"5b Shepherd Street, London, W1J 7HP",restaurant,London,GB,No website listed on OpenStreetMap for this restaurant - potential web design / marketing lead.,2026-08-26
Manos Grill,+44 20 8966 4140,"1026 Harrow Road, London, NW10 5NN",restaurant,London,GB,No website listed on OpenStreetMap for this restaurant - potential web design / marketing lead.,2026-08-26
Cous Cous Cafe,+44 20 7727 6597,"7 Porchester Gardens, London, W2 4DB",restaurant,London,GB,No website listed on OpenStreetMap for this restaurant - potential web design / marketing lead.,2026-08-26
Noodles City,+44 20 7277 2020,"21-22 Camberwell Green, London, SE5 7AA",restaurant,London,GB,No website listed on OpenStreetMap for this restaurant - potential web design / marketing lead.,2026-08-26
Watandar,+44 20 8690 4238,"377 Lewisham High Street, London, SE13 6NZ",restaurant,London,GB,No website listed on OpenStreetMap for this restaurant - potential web design / marketing lead.,2026-08-26
Arbil City,+44 20 7624 4462,"185 Kilburn High Road, London, NW6 7HY",restaurant,London,GB,No website listed on OpenStreetMap for this restaurant - potential web design / marketing lead.,2026-08-26
Haidilao Hot Pot,+44 20 8150 0616,"13 Coventry Street, London, W1D 7DH",restaurant,London,GB,No website listed on OpenStreetMap for this restaurant - potential web design / marketing lead.,2026-08-26
Roti and Spice,+44 20 8364 0565,"752 Green Lanes, London",restaurant,London,GB,No website listed on OpenStreetMap for this restaurant - potential web design / marketing lead.,2026-08-26
Al-Dhiyafa,+44 20 7723 2797,"228 Edgware Road, London, W2 1DW",restaurant,London,GB,No website listed on OpenStreetMap for this restaurant - potential web design / marketing lead.,2026-08-26
Nala,+44 20 7287 5274,"1 Lower John Street, London",restaurant,London,GB,No website listed on OpenStreetMap for this restaurant - potential web design / marketing lead.,2026-08-26
Conrad's Kitchen,+44 20 3720 7641,"197 Lea Bridge Road, London, E10 7PN",restaurant,London,GB,No website listed on OpenStreetMap for this restaurant - potential web design / marketing lead.,2026-08-26
Diyarbakir Sofrasi,+44 20 7723 1441,"458 Edgware Road, London",restaurant,London,GB,No website listed on OpenStreetMap for this restaurant - potential web design / marketing lead.,2026-08-26
Penang Satay House,+44 2083 408 707,"9 Turnpike Lane, London, N8 0EP",restaurant,London,GB,No website listed on OpenStreetMap for this restaurant - potential web design / marketing lead.,2026-08-26
Mazar Kabuli,+44 7718 182087,"69 Turnpike Lane, London, N8 0EE",restaurant,London,GB,No website listed on OpenStreetMap for this restaurant - potential web design / marketing lead.,2026-08-26
Moza,+44 20 8893 2001,"6 High Street, Feltham, TW13 4HT",restaurant,London,GB,No website listed on OpenStreetMap for this restaurant - potential web design / marketing lead.,2026-08-26
Bunz & Gunz,+44 20 8810 1991,"125 Uxbridge Road, London",restaurant,London,GB,No website listed on OpenStreetMap for this restaurant - potential web design / marketing lead.,2026-08-26
Persian Palace,+44 20 8840 2015,"143-145 Uxbridge Road, London, W13 9AU",restaurant,London,GB,No website listed on OpenStreetMap for this restaurant - potential web design / marketing lead.,2026-08-26
Dim Sum Duck,+44 20 7278 8878,"124 King's Cross Road, London, WC1X 9DS",restaurant,London,GB,No website listed on OpenStreetMap for this restaurant - potential web design / marketing lead.,2026-08-26
Golden Delight,+44 20 7237 7590,"130 Grange Road, London",restaurant,London,GB,No website listed on OpenStreetMap for this restaurant - potential web design / marketing lead.,2026-08-26
Côte Brasserie,+44 20 3866 7764,"21 Station Road, London, SW13 0LF",restaurant,London,GB,No website listed on OpenStreetMap for this restaurant - potential web design / marketing lead.,2026-08-26
Chelo,+44 20 7289 1222,"8 Lauderdale Parade, London",restaurant,London,GB,No website listed on OpenStreetMap for this restaurant - potential web design / marketing lead.,2026-08-26
Moira,+44 20 7538 9001,"2 Mastmaker Road, London, E14 9AW",restaurant,London,GB,No website listed on OpenStreetMap for this restaurant - potential web design / marketing lead.,2026-08-26
Tannourine,+44 20 7018 0330,"334 Harrow Road, London",restaurant,London,GB,No website listed on OpenStreetMap for this restaurant - potential web design / marketing lead.,2026-08-26
Dhaanya,+44 20 7729 6898,"106 Hoxton Street, London, N1 6SG",restaurant,London,GB,No website listed on OpenStreetMap for this restaurant - potential web design / marketing lead.,2026-08-26
Flourish Kitchen,+44 20 3685 7795,"3 Brownhill Road, London, SE6 2HG",restaurant,London,GB,No website listed on OpenStreetMap for this restaurant - potential web design / marketing lead.,2026-08-26
Al Deewan,+44 20 7706 0022,"11 Sale Place, London",restaurant,London,GB,No website listed on OpenStreetMap for this restaurant - potential web design / marketing lead.,2026-08-26
Queen Of Sheba,+44 20 7402 6667,"3 - 4 Bouverie Place, London, W2 1RE",restaurant,London,GB,No website listed on OpenStreetMap for this restaurant - potential web design / marketing lead.,2026-08-26
Ryath Indian Tandoori,+44 20 7262 4621,"32 Norfolk Place, London",restaurant,London,GB,No website listed on OpenStreetMap for this restaurant - potential web design / marketing lead.,2026-08-26
Lezziz,+44 20 8446 6111,"361 Ballards Lane, London, N12 8LJ",restaurant,London,GB,No website listed on OpenStreetMap for this restaurant - potential web design / marketing lead.,2026-08-26
AEDA London,+44 20 7402 6116,"28 Sussex Place, London",restaurant,London,GB,No website listed on OpenStreetMap for this restaurant - potential web design / marketing lead.,2026-08-26
Sfoglia Bologna,+44 20 7247 3354,"3 Middlesex Street, London, E1 7AA",restaurant,London,GB,No website listed on OpenStreetMap for this restaurant - potential web design / marketing lead.,2026-08-26
LINNAEAN,+44 20 3993 6089,"2 New Union Square, London, SW11 7AX",restaurant,London,GB,No website listed on OpenStreetMap for this restaurant - potential web design / marketing lead.,2026-08-26
Alounak Restaurant,+44 20 7229 4158,"44 Westbourne Grove, London",restaurant,London,GB,No website listed on OpenStreetMap for this restaurant - potential web design / marketing lead.,2026-08-26
Jia - Dim Sum,+44 20 7584 7188,"1 Harrington Road, London, SW7 3ES",restaurant,London,GB,No website listed on OpenStreetMap for this restaurant - potential web design / marketing lead.,2026-08-26
Darby's,+44 20 7537 3111,"3 Viaduct Gardens, London, SW11 7AY",restaurant,London,GB,No website listed on OpenStreetMap for this restaurant - potential web design / marketing lead.,2026-08-26
Cocoro Kaiseki,+44 20 7221 9790,"45 Moscow Road, London",restaurant,London,GB,No website listed on OpenStreetMap for this restaurant - potential web design / marketing lead.,2026-08-26
Kung Fu Oriental Buffet,+44 20 7341 0849,"180-182 Earl's Court Road, London",restaurant,London,GB,No website listed on OpenStreetMap for this restaurant - potential web design / marketing lead.,2026-08-26
Granger and Co.,+44 20 7229 9111,"175 Westbourne Grove, London",restaurant,London,GB,No website listed on OpenStreetMap for this restaurant - potential web design / marketing lead.,2026-08-26
Franzos Green Street,+44 20 8472 2600,"11-13 Carlton Terrace, London, E7 8LH",restaurant,London,GB,No website listed on OpenStreetMap for this restaurant - potential web design / marketing lead.,2026-08-26
Pinnacle Grill & Restaurant,+44 1708 606 633,London,restaurant,London,GB,No website listed on OpenStreetMap for this restaurant - potential web design / marketing lead.,2026-08-26
Layang-Layang,+44 7432 482888,"23 Pembridge Road, London, W11 3HG",restaurant,London,GB,No website listed on OpenStreetMap for this restaurant - potential web design / marketing lead.,2026-08-26
The Market Thai,+44 20 7460 8320,"240A Portobello Road, London, W11 1LL",restaurant,London,GB,No website listed on OpenStreetMap for this restaurant - potential web design / marketing lead.,2026-08-26
Saporitalia,+44 20 7243 3257,"271 Portobello Road, London, W11 1LR",restaurant,London,GB,No website listed on OpenStreetMap for this restaurant - potential web design / marketing lead.,2026-08-26
Portobello Garden Caffe,+44 20 7792 8419,"269b Portobello Road, London",restaurant,London,GB,No website listed on OpenStreetMap for this restaurant - potential web design / marketing lead.,2026-08-26
Kipferl,+44 20 8969 5852,"95 Golborne Road, London",restaurant,London,GB,No website listed on OpenStreetMap for this restaurant - potential web design / marketing lead.,2026-08-26
Poppy's,+44 20 8748 2351,"78 Glenthorne Road, London",restaurant,London,GB,No website listed on OpenStreetMap for this restaurant - potential web design / marketing lead.,2026-08-26
Your Mum's Kitchen,+44 20 3302 4390,"17 Goldhurst Terrace, London, NW6 3HX",restaurant,London,GB,No website listed on OpenStreetMap for this restaurant - potential web design / marketing lead.,2026-08-26
Ajimi Japanese Restaurant,+44 20 3062 9668,"116 Churchfield Road, London, W3 6BY",restaurant,London,GB,No website listed on OpenStreetMap for this restaurant - potential web design / marketing lead.,2026-08-26
Alounak,+44 20 7603 1130,"10 Russell Gardens, London",restaurant,London,GB,No website listed on OpenStreetMap for this restaurant - potential web design / marketing lead.,2026-08-26
Megan's,+44 20 3595 1296,"204-206 Kensington High Street, London, W8 7RG",restaurant,London,GB,No website listed on OpenStreetMap for this restaurant - potential web design / marketing lead.,2026-08-26
Bullgogi Restaurant,+44 20 7792 1760,"145 Notting Hill Gate, London",restaurant,London,GB,No website listed on OpenStreetMap for this restaurant - potential web design / marketing lead.,2026-08-26
Khobkhun,+44 20 7584 9514,"9a Gloucester Road, London",restaurant,London,GB,No website listed on OpenStreetMap for this restaurant - potential web design / marketing lead.,2026-08-26
L'Arte Della Pizza,+44 20 8940 5889,"1-2 Twickenham Road, Richmond, TW9 2SE",restaurant,London,GB,No website listed on OpenStreetMap for this restaurant - potential web design / marketing lead.,2026-08-26
Pizzeria San Vito,+44 20 3759 8956,"49 Beckenham Road, Beckenham, BR3 4PR",restaurant,London,GB,No website listed on OpenStreetMap for this restaurant - potential web design / marketing lead.,2026-08-26
Stick & Bowl,+44 20 7937 2778,"31 Kensington High Street, London, W8 5NP",restaurant,London,GB,No website listed on OpenStreetMap for this restaurant - potential web design / marketing lead.,2026-08-26
Vecchiomondo,+44 20 3582 0708,"118 Cromwell Road, London",restaurant,London,GB,No website listed on OpenStreetMap for this restaurant - potential web design / marketing lead.,2026-08-26
Mohsen,+44 20 7603 9888,"152 Warwick Road, London",restaurant,London,GB,No website listed on OpenStreetMap for this restaurant - potential web design / marketing lead.,2026-08-26
Bellingham Fish Bar,+44 20 8697 6431,"26 Randlesdown Road, London, SE6 3BT",restaurant,London,GB,No website listed on OpenStreetMap for this restaurant - potential web design / marketing lead.,2026-08-26
Espresso Pizza,+44 20 8889 9477,"110 Myddleton Road, London, N22 8NQ",restaurant,London,GB,No website listed on OpenStreetMap for this restaurant - potential web design / marketing lead.,2026-08-26
Thai Town,+44 20 8286 3681,"34 High Street Colliers Wood, London, SW19 2AB",restaurant,London,GB,No website listed on OpenStreetMap for this restaurant - potential web design / marketing lead.,2026-08-26
Steak & Oysters,+44 20 7341 4529,"231 Earl's Court Road, London",restaurant,London,GB,No website listed on OpenStreetMap for this restaurant - potential web design / marketing lead.,2026-08-26
Thali,+44 20 7373 2626,"166 Old Brompton Road, London",restaurant,London,GB,No website listed on OpenStreetMap for this restaurant - potential web design / marketing lead.,2026-08-26
Niu Ko,+44 20 3336 8158; +44 7765 555135,"111 Gloucester Road, London",restaurant,London,GB,No website listed on OpenStreetMap for this restaurant - potential web design / marketing lead.,2026-08-26
Al Arez,+44 20 3601 2341,"5b Harrington Road, London",restaurant,London,GB,No website listed on OpenStreetMap for this restaurant - potential web design / marketing lead.,2026-08-26
Ciro's Pizza Pomodoro,+44 20 7589 1278,"51 Beauchamp Place, London",restaurant,London,GB,No website listed on OpenStreetMap for this restaurant - potential web design / marketing lead.,2026-08-26
My & Sanne,+44 20 7584 3369,"215 Brompton Road, London",restaurant,London,GB,No website listed on OpenStreetMap for this restaurant - potential web design / marketing lead.,2026-08-26
Faraya,+44 20 8616 0170,"55 Old Brompton Road, London, SW7 3JS",restaurant,London,GB,No website listed on OpenStreetMap for this restaurant - potential web design / marketing lead.,2026-08-26
Mandaloun,+44 20 7352 9797,"335 Fulham Road, London",restaurant,London,GB,No website listed on OpenStreetMap for this restaurant - potential web design / marketing lead.,2026-08-26
Lucio,+44 20 7823 3007,"257-259 Fulham Road, London",restaurant,London,GB,No website listed on OpenStreetMap for this restaurant - potential web design / marketing lead.,2026-08-26
La Pizza & Pasta,+44 20 8470 9911,"538a Barking Road, London, E13 8QE",restaurant,London,GB,No website listed on OpenStreetMap for this restaurant - potential web design / marketing lead.,2026-08-26
Golden Grill,+44 20 8560 2947,"467 London Road, London, TW7 4BX",restaurant,London,GB,No website listed on OpenStreetMap for this restaurant - potential web design / marketing lead.,2026-08-26
The Noshery,+44 20 8232 8618,"491A London Road, Isleworth, TW7 4DA",restaurant,London,GB,No website listed on OpenStreetMap for this restaurant - potential web design / marketing lead.,2026-08-26
The Swan,+44 20 8560 8779,"465 London Road, London, TW7 4BX",restaurant,London,GB,No website listed on OpenStreetMap for this restaurant - potential web design / marketing lead.,2026-08-26
Captain Hooks Fish & Chips,+44 20 8560 0180,"13 St. John's Road, London, TW7 6NB",restaurant,London,GB,No website listed on OpenStreetMap for this restaurant - potential web design / marketing lead.,2026-08-26
K2 Pizza,+44 20 8840 5504,"7 Leeland Road, London",restaurant,London,GB,No website listed on OpenStreetMap for this restaurant - potential web design / marketing lead.,2026-08-26
Acai Berry,+44 20 7351 0364,"247 King's Road, London",restaurant,London,GB,No website listed on OpenStreetMap for this restaurant - potential web design / marketing lead.,2026-08-26
Shahid Biryani,+44 20 8579 9500,"159 Uxbridge Road, London, W13 9AU",restaurant,London,GB,No website listed on OpenStreetMap for this restaurant - potential web design / marketing lead.,2026-08-26
Jannat,+44 1895 900575,"115 High Street, West Drayton, UB7 7QL",restaurant,London,GB,No website listed on OpenStreetMap for this restaurant - potential web design / marketing lead.,2026-08-26
Taste of Lahore,+44 20 3255 0038,"1 Broadway, London, W13 9DA",restaurant,London,GB,No website listed on OpenStreetMap for this restaurant - potential web design / marketing lead.,2026-08-26
Honest Burgers,+44 20 4542 0590,"1 St. Katharine Docks, London, E1W 1AZ",restaurant,London,GB,No website listed on OpenStreetMap for this restaurant - potential web design / marketing lead.,2026-08-26
Egyptian House,+44 20 8749 9070,"95 Bloemfontein Road, London",restaurant,London,GB,No website listed on OpenStreetMap for this restaurant - potential web design / marketing lead.,2026-08-26
Tai Won Mein,+44 20 8690 8238,"90-92 Rushey Green, London, SE6 4HW",restaurant,London,GB,No website listed on OpenStreetMap for this restaurant - potential web design / marketing lead.,2026-08-26
La Crema,+44 20 8746 1119,"116 Uxbridge Road, London, W12 8AA",restaurant,London,GB,No website listed on OpenStreetMap for this restaurant - potential web design / marketing lead.,2026-08-26
Shabab Grill,+44 20 8743 3885,"33 Uxbridge Road, London",restaurant,London,GB,No website listed on OpenStreetMap for this restaurant - potential web design / marketing lead.,2026-08-26
Nuki's,+44 20 8579 2113,"58 Northfield Avenue, London, W13 9RR",restaurant,London,GB,No website listed on OpenStreetMap for this restaurant - potential web design / marketing lead.,2026-08-26
Happy Garden,+44 20 8567 9338,"20 Northfield Avenue, London, W13 9RJ",restaurant,London,GB,No website listed on OpenStreetMap for this restaurant - potential web design / marketing lead.,2026-08-26
Zgara Korcare,+44 20 8840 2000,"216 Northfield Avenue, London",restaurant,London,GB,No website listed on OpenStreetMap for this restaurant - potential web design / marketing lead.,2026-08-26
More Munchies,+44 20 8742 9026,"113 The Vale, London",restaurant,London,GB,No website listed on OpenStreetMap for this restaurant - potential web design / marketing lead.,2026-08-26
Morley's,+44 20 8743 8777,"141 The Vale, London",restaurant,London,GB,No website listed on OpenStreetMap for this restaurant - potential web design / marketing lead.,2026-08-26
Monkey Temple,+44 20 8743 4597,"92 Askew Road, London",restaurant,London,GB,No website listed on OpenStreetMap for this restaurant - potential web design / marketing lead.,2026-08-26
Mezza&Grill,+44 20 8741 5331,"76 Fulham Palace Road, London, W6 9PL",restaurant,London,GB,No website listed on OpenStreetMap for this restaurant - potential web design / marketing lead.,2026-08-26
Pizza Pappagone Sud,+44 20 8075 5221,"Castle Square, London, SE17 1LB",restaurant,London,GB,No website listed on OpenStreetMap for this restaurant - potential web design / marketing lead.,2026-08-26
NUR Malaysia London,+44 20 8735 2927,"177-179 The Vale, London",restaurant,London,GB,No website listed on OpenStreetMap for this restaurant - potential web design / marketing lead.,2026-08-26
Laziz,+44 20 3609 9329,"155 The Vale, London",restaurant,London,GB,No website listed on OpenStreetMap for this restaurant - potential web design / marketing lead.,2026-08-26
Olive & Thyme,+44 20 8743 9625,"163 The Vale, London",restaurant,London,GB,No website listed on OpenStreetMap for this restaurant - potential web design / marketing lead.,2026-08-26
Poppy's 3,+44 20 8748 8008,"129-131 Brackenbury Road, London",restaurant,London,GB,No website listed on OpenStreetMap for this restaurant - potential web design / marketing lead.,2026-08-26
Teya Dora,+44 20 7602 0405,"40 Shepherds Bush Road, London, W6 7PJ",restaurant,London,GB,No website listed on OpenStreetMap for this restaurant - potential web design / marketing lead.,2026-08-26
Weizi Prawn Hot Pot,+44 20 7602 2888,"236 Blythe Road, London",restaurant,London,GB,No website listed on OpenStreetMap for this restaurant - potential web design / marketing lead.,2026-08-26
Mimino Club,+44 20 7602 5003,"44 Blythe Road, London",restaurant,London,GB,No website listed on OpenStreetMap for this restaurant - potential web design / marketing lead.,2026-08-26
Indian Zing,+44 20 8748 5959,"236 King Street, London",restaurant,London,GB,No website listed on OpenStreetMap for this restaurant - potential web design / marketing lead.,2026-08-26
Friends Fish Restaurant,+44 20 8361 9531,"225 Woodhouse Road, London, N12 9BD",restaurant,London,GB,No website listed on OpenStreetMap for this restaurant - potential web design / marketing lead.,2026-08-26
Perfetta Pizzeria,+44 20 7237 0777,"34 Albion Street, London",restaurant,London,GB,No website listed on OpenStreetMap for this restaurant - potential web design / marketing lead.,2026-08-26
Umut 2000,+44 20 8340 9691,"551 Green Lanes, London, N8 0RL",restaurant,London,GB,No website listed on OpenStreetMap for this restaurant - potential web design / marketing lead.,2026-08-26
Grounded,+44 20 3417 3770,"90 High Street, London, W3 6QX",restaurant,London,GB,No website listed on OpenStreetMap for this restaurant - potential web design / marketing lead.,2026-08-26
Tony's Pita,+44 20 7722 5227,"4 New College Parade, London",restaurant,London,GB,No website listed on OpenStreetMap for this restaurant - potential web design / marketing lead.,2026-08-26
Peony London,+44 20 3375 1988,"High Street, London",restaurant,London,GB,No website listed on OpenStreetMap for this restaurant - potential web design / marketing lead.,2026-08-26
Starvin marvin,+44 20 8143 1762,"190 South Ealing Road, London",restaurant,London,GB,No website listed on OpenStreetMap for this restaurant - potential web design / marketing lead.,2026-08-26
Ember,+44 20 4568 7476,"47 Maida Vale, London, W9 1SD",restaurant,London,GB,No website listed on OpenStreetMap for this restaurant - potential web design / marketing lead.,2026-08-26
Curry House,+44 20 8777 9683,"97 High Street, London",restaurant,London,GB,No website listed on OpenStreetMap for this restaurant - potential web design / marketing lead.,2026-08-26
Harpers,+44 20 8777 7332,"103 High Street, West Wickham, BR4 0LT",restaurant,London,GB,No website listed on OpenStreetMap for this restaurant - potential web design / marketing lead.,2026-08-26
Corza,+44 20 8776 2637,"111 High Street, West Wickham, BR4 0LT",restaurant,London,GB,No website listed on OpenStreetMap for this restaurant - potential web design / marketing lead.,2026-08-26
Topolino,+44 20 8777 3457,"130 High Street, West Wickham, BR4 0LZ",restaurant,London,GB,No website listed on OpenStreetMap for this restaurant - potential web design / marketing lead.,2026-08-26
The Diwana Restaurant,+44 20 8777 7159,"118 High Street, London",restaurant,London,GB,No website listed on OpenStreetMap for this restaurant - potential web design / marketing lead.,2026-08-26
Curry Corner,+44 20 8777 7759,"114 High Street, West Wickham, BR4 0ND",restaurant,London,GB,No website listed on OpenStreetMap for this restaurant - potential web design / marketing lead.,2026-08-26
Scott's Kitchen,+44 20 8777 5820,"62 High Street, West Wickham, BR4 0NH",restaurant,London,GB,No website listed on OpenStreetMap for this restaurant - potential web design / marketing lead.,2026-08-26
Sonargaon,+44 20 8777 6481,"42 Glebe Way, West Wickham, BR4 0RL",restaurant,London,GB,No website listed on OpenStreetMap for this restaurant - potential web design / marketing lead.,2026-08-26
Calm Indian Cow,+447711888810,"69 Front Yard Paul Street, London, EC2A 4NG",restaurant,London,GB,No website listed on OpenStreetMap for this restaurant - potential web design / marketing lead.,2026-08-26
Aquarium,+44 20 8992 8204,"4 Gunnersbury Lane, London, W3 8HR",restaurant,London,GB,No website listed on OpenStreetMap for this restaurant - potential web design / marketing lead.,2026-08-26
Jatt & Juliet,+44 20 3154 6621,"42 Woolwich Road, London, SE10 0JU",restaurant,London,GB,No website listed on OpenStreetMap for this restaurant - potential web design / marketing lead.,2026-08-26
Dormi,+44 20 3161 6702,"96 Trafalgar Road, London, SE10 9UW",restaurant,London,GB,No website listed on OpenStreetMap for this restaurant - potential web design / marketing lead.,2026-08-26
Bhaiya's Kitchen,+44 20 4618 2990,"15 Old Dover Road, London, SE3 7BT",restaurant,London,GB,No website listed on OpenStreetMap for this restaurant - potential web design / marketing lead.,2026-08-26
Pangma Dumplings & Noodles,+44 20 8293 0626,"170 Trafalgar Road, London, SE10 9TZ",restaurant,London,GB,No website listed on OpenStreetMap for this restaurant - potential web design / marketing lead.,2026-08-26
Chilli Pepper,+44 20 8461 0095,"257 Bromley Road, London, SE6 2RA",restaurant,London,GB,No website listed on OpenStreetMap for this restaurant - potential web design / marketing lead.,2026-08-26
Taste Of Raj,+44 20 8244 2822,"9 Royal Parade, London, SE3 0TL",restaurant,London,GB,No website listed on OpenStreetMap for this restaurant - potential web design / marketing lead.,2026-08-26
Panas,+44 20 3589 9032,"1,3 Lee Road, London, SE3 9RQ",restaurant,London,GB,No website listed on OpenStreetMap for this restaurant - potential web design / marketing lead.,2026-08-26
The Saffron Club,+44 20 8313 0858,"39 Tranquil Vale, London, SE3 0BU",restaurant,London,GB,No website listed on OpenStreetMap for this restaurant - potential web design / marketing lead.,2026-08-26
Imperial Chef,+44 20 8858 3002,"240 Woolwich Road, London, SE7 7QU",restaurant,London,GB,No website listed on OpenStreetMap for this restaurant - potential web design / marketing lead.,2026-08-26
The Sushi Co,+44 20 3089 9955,"89 Lower Marsh, London, SE1 7AB",restaurant,London,GB,No website listed on OpenStreetMap for this restaurant - potential web design / marketing lead.,2026-08-26
Kailash Momo,+44 20 3489 8901,"79 Woolwich New Road, London, SE18 6ED",restaurant,London,GB,No website listed on OpenStreetMap for this restaurant - potential web design / marketing lead.,2026-08-26
Lilywhite,+44 20 3842 6268,"290 Sangley Road, London, SE6 2JT",restaurant,London,GB,No website listed on OpenStreetMap for this restaurant - potential web design / marketing lead.,2026-08-26
Mekan Restaurant,+44 20 7998 1598,"11-13 Bromley Road, London, SE6 2TS",restaurant,London,GB,No website listed on OpenStreetMap for this restaurant - potential web design / marketing lead.,2026-08-26
Dragon & Phoenix,+44 20 8269 1029,"27-29 Charlton Church Lane, London, SE7 7AG",restaurant,London,GB,No website listed on OpenStreetMap for this restaurant - potential web design / marketing lead.,2026-08-26
Ya Beirut,+44 20 8579 0985,London,restaurant,London,GB,No website listed on OpenStreetMap for this restaurant - potential web design / marketing lead.,2026-08-26
Barkingside Kebabish,+44 20 8550 1818,"55a High Street, Ilford, IG6 2AD",restaurant,London,GB,No website listed on OpenStreetMap for this restaurant - potential web design / marketing lead.,2026-08-26
Kemps Grill,+44 1923 842900,London,restaurant,London,GB,No website listed on OpenStreetMap for this restaurant - potential web design / marketing lead.,2026-08-26
Calm Indian Cow,+447711888810,"40 Clifton Street, London, EC2A 4DX",restaurant,London,GB,No website listed on OpenStreetMap for this restaurant - potential web design / marketing lead.,2026-08-26
Calm Indian Cow,+447711888810,"67B Broadway Market, London, E8 4PH",restaurant,London,GB,No website listed on OpenStreetMap for this restaurant - potential web design / marketing lead.,2026-08-26
Zam-Sareh,+44 20 8351 3820,"126 West Green Road, London, N15 5AA",restaurant,London,GB,No website listed on OpenStreetMap for this restaurant - potential web design / marketing lead.,2026-08-26
The Village Kitchen,+44 20 8809 5514,"118A West Green Road, London, N15 5AA",restaurant,London,GB,No website listed on OpenStreetMap for this restaurant - potential web design / marketing lead.,2026-08-26
Ladywell Tandoori,+44 20 8690 1047,"81 Ladywell Road, London, SE13 7JA",restaurant,London,GB,No website listed on OpenStreetMap for this restaurant - potential web design / marketing lead.,2026-08-26
Indian Villa,+44 20 4537 0016,"1 Station Parade, London",restaurant,London,GB,No website listed on OpenStreetMap for this restaurant - potential web design / marketing lead.,2026-08-26
A2 Lounge,+44 20 8695 9822,"77a-79 Rushey Green, London",restaurant,London,GB,No website listed on OpenStreetMap for this restaurant - potential web design / marketing lead.,2026-08-26
Saka Maka,+44 20 8852 6464,"226 Hither Green Lane, London, SE13 6RT",restaurant,London,GB,No website listed on OpenStreetMap for this restaurant - potential web design / marketing lead.,2026-08-26
Aghajoon,+44 20 8346 3022,"59 Ballards Lane, London, N3 1XP",restaurant,London,GB,No website listed on OpenStreetMap for this restaurant - potential web design / marketing lead.,2026-08-26
Forno di Napoli,+44 20 8752 0028,"223 High Street, London, W3 9BY",restaurant,London,GB,No website listed on OpenStreetMap for this restaurant - potential web design / marketing lead.,2026-08-26
Planet 68,+44 20 8690 3131,"68B Rushey Green, London, SE6 4JD",restaurant,London,GB,No website listed on OpenStreetMap for this restaurant - potential web design / marketing lead.,2026-08-26
Caribbean Vybes,+44 20 3859 7304,"164 Broadway, London",restaurant,London,GB,No website listed on OpenStreetMap for this restaurant - potential web design / marketing lead.,2026-08-26
Monsoon,+44 20 8461 5550,"275 Brownhill Road, London, SE6 1AE",restaurant,London,GB,No website listed on OpenStreetMap for this restaurant - potential web design / marketing lead.,2026-08-26
St. Gabriel injera,+44  207 820 000,London,restaurant,London,GB,No website listed on OpenStreetMap for this restaurant - potential web design / marketing lead.,2026-08-26
Jerk in Da Park,+44 7726 234277,London,restaurant,London,GB,No website listed on OpenStreetMap for this restaurant - potential web design / marketing lead.,2026-08-26
K' Korean Takeaway,+44 20 3518 7179,"310 Ewell Road, Surbiton, KT6 7AL",restaurant,London,GB,No website listed on OpenStreetMap for this restaurant - potential web design / marketing lead.,2026-08-26
Thiru,+44 20 8318 3300,"110 Hither Green Lane, London, SE13 6QA",restaurant,London,GB,No website listed on OpenStreetMap for this restaurant - potential web design / marketing lead.,2026-08-26
Da Maria Ristorante,+44 7733143191,"87 Notting Hill Gate, London",restaurant,London,GB,No website listed on OpenStreetMap for this restaurant - potential web design / marketing lead.,2026-08-26
Black & White,+44 20 3730 3056,"75 Atlantic Road, London",restaurant,London,GB,No website listed on OpenStreetMap for this restaurant - potential web design / marketing lead.,2026-08-26
Cafe Cappadocia,+44 20 8761 2281,"43 Norwood High Street, London",restaurant,London,GB,No website listed on OpenStreetMap for this restaurant - potential web design / marketing lead.,2026-08-26
Kaizen,+44 20 8315 0124,"63 - 64 High Street, Bromley, BR1 1DD",restaurant,London,GB,No website listed on OpenStreetMap for this restaurant - potential web design / marketing lead.,2026-08-26
JiL Fresh Cuisine,+44 20 4568 6254,"16 Coldharbour Lane, London, SE5 9PR",restaurant,London,GB,No website listed on OpenStreetMap for this restaurant - potential web design / marketing lead.,2026-08-26
Sushi Handroll,+44 20 8109 6829,"110 Blackheath Road, London, SE10 8DA",restaurant,London,GB,No website listed on OpenStreetMap for this restaurant - potential web design / marketing lead.,2026-08-26
L'Amo,+44 20 8075 7779,"43 Windmill Road, London",restaurant,London,GB,No website listed on OpenStreetMap for this restaurant - potential web design / marketing lead.,2026-08-26
Karama Restaurant,+44 20 8810 1111,"3 Leeland Road, London",restaurant,London,GB,No website listed on OpenStreetMap for this restaurant - potential web design / marketing lead.,2026-08-26
Elizabethan Restaurant,+44 20 7837 3655,"61 Russell Square, London, WC1B 5BB",restaurant,London,GB,No website listed on OpenStreetMap for this restaurant - potential web design / marketing lead.,2026-08-26
Sahib's,+44 1923 840100;+44 1923 836663,"22 Joel Street, Northwood, HA6 1PF",restaurant,London,GB,No website listed on OpenStreetMap for this restaurant - potential web design / marketing lead.,2026-08-26
The Three Lions,+44 20 7582 2291,"125 South Lambeth Road, London, SW8 1XA",restaurant,London,GB,No website listed on OpenStreetMap for this restaurant - potential web design / marketing lead.,2026-08-26
Wood Pizza Time,+44 20 3623 8304,"187 Plumstead Common Road, London, SE18 2UJ",restaurant,London,GB,No website listed on OpenStreetMap for this restaurant - potential web design / marketing lead.,2026-08-26
Bayroot,+44 20 7998 4030,"8 Camberwell Road, London, SE5 0EN",restaurant,London,GB,No website listed on OpenStreetMap for this restaurant - potential web design / marketing lead.,2026-08-26
We Are Mixed Blessings,+44 20 3581 3855,"12-14, London",restaurant,London,GB,No website listed on OpenStreetMap for this restaurant - potential web design / marketing lead.,2026-08-26
Biggin Hill Spice,+44 1959 577639,"10 Rosehill Road, Biggin Hill, Westerham, TN16 3NF",restaurant,London,GB,No website listed on OpenStreetMap for this restaurant - potential web design / marketing lead.,2026-08-26
Firepitt,+44 20 8882 7861,"23 The Broadway, London, N14 6PH",restaurant,London,GB,No website listed on OpenStreetMap for this restaurant - potential web design / marketing lead.,2026-08-26
The Black Olive Tree,+44 20 8882 7433,"18 The Broadway, London, N14 6PH",restaurant,London,GB,No website listed on OpenStreetMap for this restaurant - potential web design / marketing lead.,2026-08-26
Haringey Corbacisi,+44 20 8809 9200,"6-7 Green Lanes, London, N8 0RX",restaurant,London,GB,No website listed on OpenStreetMap for this restaurant - potential web design / marketing lead.,2026-08-26
Durazzo Pizzeria,+44 20 8127 5460,"4 Queens Parade, London, N8 0RD",restaurant,London,GB,No website listed on OpenStreetMap for this restaurant - potential web design / marketing lead.,2026-08-26
China Chef,+44 20 3092 7910,"466 West Green Road, London, N15 3PT",restaurant,London,GB,No website listed on OpenStreetMap for this restaurant - potential web design / marketing lead.,2026-08-26
Umut Ocakbasi,+44 20 8881 2444,"309 West Green Road, London, N15 3PA",restaurant,London,GB,No website listed on OpenStreetMap for this restaurant - potential web design / marketing lead.,2026-08-26
Durak Tantuni,+44 20 8889 6001,"390 West Green Road, London, N15 3PX",restaurant,London,GB,No website listed on OpenStreetMap for this restaurant - potential web design / marketing lead.,2026-08-26
Mo's Grill House,+44 20 3643 4591,"294 West Green Road, London, N15 3QR",restaurant,London,GB,No website listed on OpenStreetMap for this restaurant - potential web design / marketing lead.,2026-08-26
Uludag Restaurant,+44 20 8888 2731,"5 Vicarage Parade, London, N15 3BL",restaurant,London,GB,No website listed on OpenStreetMap for this restaurant - potential web design / marketing lead.,2026-08-26
Belle Congolaise,+44 20 8127 4610,"103-105 West Green Road, London, N15 5DE",restaurant,London,GB,No website listed on OpenStreetMap for this restaurant - potential web design / marketing lead.,2026-08-26
Top Class Caribbean Grill,+44 20 8802 4542,"78 West Green Road, London, N15 5NS",restaurant,London,GB,No website listed on OpenStreetMap for this restaurant - potential web design / marketing lead.,2026-08-26
Makimayo,+44 20 8802 8868,"75 West Green Road, London, N15 5DA",restaurant,London,GB,No website listed on OpenStreetMap for this restaurant - potential web design / marketing lead.,2026-08-26
Caribbean Spice,+44 20 8245 5013,"47 West Green Road, London, N15 5BY",restaurant,London,GB,No website listed on OpenStreetMap for this restaurant - potential web design / marketing lead.,2026-08-26
Sheldon's Caribbean Delight,+44 20 3336 3738,"2 Nether Street, London, N12 0EL",restaurant,London,GB,No website listed on OpenStreetMap for this restaurant - potential web design / marketing lead.,2026-08-26
Albeit Alarabi,+442089653805,"26 Chase Road, London, NW10 6QN",restaurant,London,GB,No website listed on OpenStreetMap for this restaurant - potential web design / marketing lead.,2026-08-26
Il Tocco D'Artista,+44 20 8492 0616,"324 Ballards Lane, London, N12 0EY",restaurant,London,GB,No website listed on OpenStreetMap for this restaurant - potential web design / marketing lead.,2026-08-26
O Bombeiro,+44 20 8961 9161,"25 Park Parade, London, NW10 4JG",restaurant,London,GB,No website listed on OpenStreetMap for this restaurant - potential web design / marketing lead.,2026-08-26
Miód Malina,+44 20 8896 1234,"315 Horn Lane, London, W3 0BU",restaurant,London,GB,No website listed on OpenStreetMap for this restaurant - potential web design / marketing lead.,2026-08-26
Zeit & Zaatar,+44 20 8840 5040,"215 Uxbridge Road, London",restaurant,London,GB,No website listed on OpenStreetMap for this restaurant - potential web design / marketing lead.,2026-08-26
Oren,+44 20 7916 6114,"89 Shacklewell Lane, London",restaurant,London,GB,No website listed on OpenStreetMap for this restaurant - potential web design / marketing lead.,2026-08-26
Et House,+44 20 7464 6124,"65 Fairfax Road, London",restaurant,London,GB,No website listed on OpenStreetMap for this restaurant - potential web design / marketing lead.,2026-08-26
Sweet Jam Rock Restaurant,+44 20 8965 8942,"3 Craven Park Road, London, NW10 8SE",restaurant,London,GB,No website listed on OpenStreetMap for this restaurant - potential web design / marketing lead.,2026-08-26
Yadgar Restaurant,+44 20 8961 0808,"1 Manor Park Road, London, NW10 4JW",restaurant,London,GB,No website listed on OpenStreetMap for this restaurant - potential web design / marketing lead.,2026-08-26
Sagamiya,+44 7507 914874,"County Hall Belvedere Road, London",restaurant,London,GB,No website listed on OpenStreetMap for this restaurant - potential web design / marketing lead.,2026-08-26
The Continental,+44 20 3489 8550;+44 7903 522226,"135 High Street Harlesden, London, NW10 4TR",restaurant,London,GB,No website listed on OpenStreetMap for this restaurant - potential web design / marketing lead.,2026-08-26
Safari,+44 20 3489 8550,"135-137 High Street Harlesden, London, NW10 4TR",restaurant,London,GB,No website listed on OpenStreetMap for this restaurant - potential web design / marketing lead.,2026-08-26
O Brasileirão Restaurant,+44 7518 011591,"236 High Street Harlesden, London, NW10 4TD",restaurant,London,GB,No website listed on OpenStreetMap for this restaurant - potential web design / marketing lead.,2026-08-26
Bitoque,+44 20 3645 0766,"214 High Street Harlesden, London",restaurant,London,GB,No website listed on OpenStreetMap for this restaurant - potential web design / marketing lead.,2026-08-26
Parkside Restaurant & Cafe,+44 132 252 2427,"2 Northend Road, Dartford, DA1 4RA",restaurant,London,GB,No website listed on OpenStreetMap for this restaurant - potential web design / marketing lead.,2026-08-26
Indian Darbar,+44 20 3740 1441,"6 Ashfield Parade, London, N14 5AB",restaurant,London,GB,No website listed on OpenStreetMap for this restaurant - potential web design / marketing lead.,2026-08-26
Kouzina Express,+44 20 8886 5200,"9 Ashfield Parade, London, N14 5EH",restaurant,London,GB,No website listed on OpenStreetMap for this restaurant - potential web design / marketing lead.,2026-08-26
Chunk of Green Cafe,+44 20 8351 6126,"25 Ashfield Parade, London, N14 5EH",restaurant,London,GB,No website listed on OpenStreetMap for this restaurant - potential web design / marketing lead.,2026-08-26
Honeymoon Chinese Restaurant,+44 20 8570 6200,"84 Crown Lane, London, N14 5EN",restaurant,London,GB,No website listed on OpenStreetMap for this restaurant - potential web design / marketing lead.,2026-08-26
All Nations Vegan House,+44 7508 237717,"41 Stoke Newington High Street, London, N16 8DR",restaurant,London,GB,No website listed on OpenStreetMap for this restaurant - potential web design / marketing lead.,2026-08-26
Amici,+44 203 457 4220,"49 Cannon Hill, London, N14 6LH",restaurant,London,GB,No website listed on OpenStreetMap for this restaurant - potential web design / marketing lead.,2026-08-26
Taya Oriental,+44 2031 371373,"87 Tottenham Lane, London, N8 9BE",restaurant,London,GB,No website listed on OpenStreetMap for this restaurant - potential web design / marketing lead.,2026-08-26
Peckham Cellars,+44 20 7207 0124,"125 Queen's Road, London, SE15 2ND",restaurant,London,GB,No website listed on OpenStreetMap for this restaurant - potential web design / marketing lead.,2026-08-26
Van Hing,+44 20 7703 9707,"42 Camberwell Church Street, London, SE5 8QZ",restaurant,London,GB,No website listed on OpenStreetMap for this restaurant - potential web design / marketing lead.,2026-08-26
Oregano Leaf,+44 20 7703 5555,"44 Camberwell Church Street, London, SE5 8QZ",restaurant,London,GB,No website listed on OpenStreetMap for this restaurant - potential web design / marketing lead.,2026-08-26
Silk Road,+44 20 7703 4832,"49 Camberwell Church Street, London, SE5 8TR",restaurant,London,GB,No website listed on OpenStreetMap for this restaurant - potential web design / marketing lead.,2026-08-26
NOKO,+44 20 7642 1257,"15 Camberwell Church Street, London, SE5 8TR",restaurant,London,GB,No website listed on OpenStreetMap for this restaurant - potential web design / marketing lead.,2026-08-26
Bolu,+44 20 7701 1284,"7 Camberwell Church Street, London, SE5 8TR",restaurant,London,GB,No website listed on OpenStreetMap for this restaurant - potential web design / marketing lead.,2026-08-26
Different Taste,+44 20 7737 7999,"120 Denmark Hill, London, SE5 8RX",restaurant,London,GB,No website listed on OpenStreetMap for this restaurant - potential web design / marketing lead.,2026-08-26
Parseh,+44 20 3643 3228,"51 Denmark Hill, London, SE5 8RS",restaurant,London,GB,No website listed on OpenStreetMap for this restaurant - potential web design / marketing lead.,2026-08-26
Shurzo's,+44 7947 773301,"39 Denmark Hill, London, SE5 8RS",restaurant,London,GB,No website listed on OpenStreetMap for this restaurant - potential web design / marketing lead.,2026-08-26
Sichuan House,+44 20 7916 4699,"141-142 Upper Street, London, N1 1QY",restaurant,London,GB,No website listed on OpenStreetMap for this restaurant - potential web design / marketing lead.,2026-08-26
Tiki Bar London,+44 20 8616 2770,"15 The Vale, London, W3 7SH",restaurant,London,GB,No website listed on OpenStreetMap for this restaurant - potential web design / marketing lead.,2026-08-26
Meghna Tandoori,+44 20 8348 6188,"55 Tottenham Lane, London",restaurant,London,GB,No website listed on OpenStreetMap for this restaurant - potential web design / marketing lead.,2026-08-26
The Belash India,+44 20 8340 9513,"53 Tottenham Lane, London",restaurant,London,GB,No website listed on OpenStreetMap for this restaurant - potential web design / marketing lead.,2026-08-26
Roshan's Kitchen,+44 7904 070 439,"23 Crouch End Hill, London, N8 8DH",restaurant,London,GB,No website listed on OpenStreetMap for this restaurant - potential web design / marketing lead.,2026-08-26
Lolak Afrique Peckham,+44 20 7277 8912,"38 Choumert Road, London, SE15 4SE",restaurant,London,GB,No website listed on OpenStreetMap for this restaurant - potential web design / marketing lead.,2026-08-26
1st Point Restaurant and Bar,+44 20 8054 3013,"178 New Cross Road, London, SE14 5AA",restaurant,London,GB,No website listed on OpenStreetMap for this restaurant - potential web design / marketing lead.,2026-08-26
Fung Sing Foodie,+44 20 7708 3898,"40 Peckham Road, London, SE5 8PX",restaurant,London,GB,No website listed on OpenStreetMap for this restaurant - potential web design / marketing lead.,2026-08-26
KoMa,+44 20 3089 8028,London,restaurant,London,GB,No website listed on OpenStreetMap for this restaurant - potential web design / marketing lead.,2026-08-26
The Jones Family Kitchen,+44 20 3929 6000,"7/8 Eccleston Yards, London, SW1W 9AZ",restaurant,London,GB,No website listed on OpenStreetMap for this restaurant - potential web design / marketing lead.,2026-08-26
Indian Curry Corner,+44 19 3371 2380,"62 Bellegrove Road, Welling, DA16 3PY",restaurant,London,GB,No website listed on OpenStreetMap for this restaurant - potential web design / marketing lead.,2026-08-26
Rita's Katering,+44 20 8637 5783,"70a Bellegrove Road, Welling, DA16 3PY",restaurant,London,GB,No website listed on OpenStreetMap for this restaurant - potential web design / marketing lead.,2026-08-26
Sarap Pinoy,+44 7824871726,"66 Mayes Road, London, N22 6TL",restaurant,London,GB,No website listed on OpenStreetMap for this restaurant - potential web design / marketing lead.,2026-08-26
TE’ZGARA,+44 20 3576 1903,"69-70 Mayes Road, London, N22 6YJ",restaurant,London,GB,No website listed on OpenStreetMap for this restaurant - potential web design / marketing lead.,2026-08-26
Mitthi Mumbai,+44 1923 828445,"109 Pinner Road, London",restaurant,London,GB,No website listed on OpenStreetMap for this restaurant - potential web design / marketing lead.,2026-08-26
Lè Joint,+44 20 7207 6789,"193 Old Kent Road, London, SE1 5NA",restaurant,London,GB,No website listed on OpenStreetMap for this restaurant - potential web design / marketing lead.,2026-08-26
Sabor Latino,+44 7304 087036,"160 Loughborough Road, London",restaurant,London,GB,No website listed on OpenStreetMap for this restaurant - potential web design / marketing lead.,2026-08-26
GG,+44 20 8551 0000,"218 Redbridge Lane East, London",restaurant,London,GB,No website listed on OpenStreetMap for this restaurant - potential web design / marketing lead.,2026-08-26
Maries cafe,+44 20 7928 1050,"90 Lower Marsh, London, SE1 7AB",restaurant,London,GB,No website listed on OpenStreetMap for this restaurant - potential web design / marketing lead.,2026-08-26
Kokura,+44 20 7928 1093,"49 The Cut, London, SE1 8LF",restaurant,London,GB,No website listed on OpenStreetMap for this restaurant - potential web design / marketing lead.,2026-08-26
Hanar - Kurdish Restaurant,+447454485005,London,restaurant,London,GB,No website listed on OpenStreetMap for this restaurant - potential web design / marketing lead.,2026-08-26
Great Wall,+44 20 8551 7953,"12 Roding Lane South, London",restaurant,London,GB,No website listed on OpenStreetMap for this restaurant - potential web design / marketing lead.,2026-08-26
Hedonism London,+44 20 4531 1101,"2-3 Woodhouse Road, London, N12 0NB",restaurant,London,GB,No website listed on OpenStreetMap for this restaurant - potential web design / marketing lead.,2026-08-26
Orange Room,+44 20 8980 7336,"63 Burdett Road, London, E3 4TN",restaurant,London,GB,No website listed on OpenStreetMap for this restaurant - potential web design / marketing lead.,2026-08-26
The Pizza Room,+44 20 8981 7566,"2A Grove Road, London, E3 5AX",restaurant,London,GB,No website listed on OpenStreetMap for this restaurant - potential web design / marketing lead.,2026-08-26
Bikanervala Ilford,+44 7555 506015,London,restaurant,London,GB,No website listed on OpenStreetMap for this restaurant - potential web design / marketing lead.,2026-08-26
Sushi Like!!,+44 20 3890 1212,London,restaurant,London,GB,No website listed on OpenStreetMap for this restaurant - potential web design / marketing lead.,2026-08-26
Latin Hits,+44 20 3601 6496,"14 Stoke Newington Road, London, N16 7XN",restaurant,London,GB,No website listed on OpenStreetMap for this restaurant - potential web design / marketing lead.,2026-08-26
Moldova,+44 20 8554 2060,London,restaurant,London,GB,No website listed on OpenStreetMap for this restaurant - potential web design / marketing lead.,2026-08-26
Mr Singh's,+44 20 8270 1234,London,restaurant,London,GB,No website listed on OpenStreetMap for this restaurant - potential web design / marketing lead.,2026-08-26
Desi Fusion Food,+44 20 8894 7966,London,restaurant,London,GB,No website listed on OpenStreetMap for this restaurant - potential web design / marketing lead.,2026-08-26
Cinnamon Garden,+44 20 3518 9589,"73 Joel Street, London",restaurant,London,GB,No website listed on OpenStreetMap for this restaurant - potential web design / marketing lead.,2026-08-26
Mari Masala,+44 1923 822600,"50 Joel Street, Northwood, HA6 1PA",restaurant,London,GB,No website listed on OpenStreetMap for this restaurant - potential web design / marketing lead.,2026-08-26
Lahore Northwood,+44 20 8868 9800,"4 Joel Street, London",restaurant,London,GB,No website listed on OpenStreetMap for this restaurant - potential web design / marketing lead.,2026-08-26
Sushi Spot,+44 20 3916 6302,"2A Joel Street, Northwood, HA6 1PF",restaurant,London,GB,No website listed on OpenStreetMap for this restaurant - potential web design / marketing lead.,2026-08-26
Sagar,+44 20 8861 5757,"57 Station Road, Harrow, HA2 7SU",restaurant,London,GB,No website listed on OpenStreetMap for this restaurant - potential web design / marketing lead.,2026-08-26
Fab's Chicken & Pizza,+44 20 8427 5030,"Harrow, HA2 6ED",restaurant,London,GB,No website listed on OpenStreetMap for this restaurant - potential web design / marketing lead.,2026-08-26
Oriental Express,+44 20 8427 9838,"535 Pinner Road, Harrow, HA2 6EH",restaurant,London,GB,No website listed on OpenStreetMap for this restaurant - potential web design / marketing lead.,2026-08-26
Old Town 97,+44 20 7734 2868,"19 Wardour Street, London, W1D 6PL",restaurant,London,GB,No website listed on OpenStreetMap for this restaurant - potential web design / marketing lead.,2026-08-26
Ruyi,+44 20 7734 9666,"18 Gerrard Street, London, W1D 6JF",restaurant,London,GB,No website listed on OpenStreetMap for this restaurant - potential web design / marketing lead.,2026-08-26
梁山好汉 Leong's Legend,+44 20 7434 0899,"39 Gerrard Street, London, W1D 5QD",restaurant,London,GB,No website listed on OpenStreetMap for this restaurant - potential web design / marketing lead.,2026-08-26
Esq.,+44 20 7639 2346,"817 Old Kent Road, London, SE15 1NX",restaurant,London,GB,No website listed on OpenStreetMap for this restaurant - potential web design / marketing lead.,2026-08-26
Habibi Shawarma,+44 20 3518 3359,"145 High Road, London, N22 6BA",restaurant,London,GB,No website listed on OpenStreetMap for this restaurant - potential web design / marketing lead.,2026-08-26
DI' Vino Bar & Pizzeria,+44 20 8882 1640,"23 Ashfield Parade, London, N14 5EH",restaurant,London,GB,No website listed on OpenStreetMap for this restaurant - potential web design / marketing lead.,2026-08-26
Flavour Hut,+44 20 7237 7663,"249 Old Kent Road, London, SE1 5LU",restaurant,London,GB,No website listed on OpenStreetMap for this restaurant - potential web design / marketing lead.,2026-08-26
Eatwell,+44 208 289 5793,"183 High Street, Beckenham, BR3 1AH",restaurant,London,GB,No website listed on OpenStreetMap for this restaurant - potential web design / marketing lead.,2026-08-26
Selsdon Cafe & Restaurant,+44 20 8651 6778,"6 Selsdon Parade, South Croydon, CR2 8LH",restaurant,London,GB,No website listed on OpenStreetMap for this restaurant - potential web design / marketing lead.,2026-08-26
Handi Restaurant,+44 203 8025 8979,"618 Roman Road, London",restaurant,London,GB,No website listed on OpenStreetMap for this restaurant - potential web design / marketing lead.,2026-08-26
Hamer Ethiopia Restaurant,+44 20 7226 8114; +44 7852 154983,"1B-1C Rock Street, London, N4 2DN",restaurant,London,GB,No website listed on OpenStreetMap for this restaurant - potential web design / marketing lead.,2026-08-26
Miller & Carter,+44 208 9546781,"Harrow, HA3 6DL",restaurant,London,GB,No website listed on OpenStreetMap for this restaurant - potential web design / marketing lead.,2026-08-26
Pasta Express,+44 7827 942 348,"29 Castle Street, London, KT1 1DN",restaurant,London,GB,No website listed on OpenStreetMap for this restaurant - potential web design / marketing lead.,2026-08-26
Exclusive Restaurant & Bar,+44 20 7365 8885,"905 Old Kent Road, London",restaurant,London,GB,No website listed on OpenStreetMap for this restaurant - potential web design / marketing lead.,2026-08-26
Simya,+44 7590 482 158,"345 North End Road, London, SW6 1NN",restaurant,London,GB,No website listed on OpenStreetMap for this restaurant - potential web design / marketing lead.,2026-08-26
Gilass,+44 20 3720 9916,"335 North End Road, London, SW6 1NN",restaurant,London,GB,No website listed on OpenStreetMap for this restaurant - potential web design / marketing lead.,2026-08-26
Thai Corner Cafe,+44 20 8299 4041,"44 North Cross Road, London, SE22 9EU",restaurant,London,GB,No website listed on OpenStreetMap for this restaurant - potential web design / marketing lead.,2026-08-26
Hampton Spice,+44 20 8979 5662,"5 Station Approach, Hampton, TW12 2HY",restaurant,London,GB,No website listed on OpenStreetMap for this restaurant - potential web design / marketing lead.,2026-08-26
Victory,+442082999598,"157 Lordship Lane, London, SE22 8HX",restaurant,London,GB,No website listed on OpenStreetMap for this restaurant - potential web design / marketing lead.,2026-08-26
Spinach,+44 20 8299 3344,"161 Lordship Lane, London, SE22 8HX",restaurant,London,GB,No website listed on OpenStreetMap for this restaurant - potential web design / marketing lead.,2026-08-26
Mosaic Pizzeria,+44 20 7272 3509,"24 Junction Road, London",restaurant,London,GB,No website listed on OpenStreetMap for this restaurant - potential web design / marketing lead.,2026-08-26
Ciao Ciao,+44 20 7625 9455,"334 Kilburn High Road, London",restaurant,London,GB,No website listed on OpenStreetMap for this restaurant - potential web design / marketing lead.,2026-08-26
Duck Duck Goose,+44 20 7328 9528,"238 Kilburn High Road, London, NW6 2BS",restaurant,London,GB,No website listed on OpenStreetMap for this restaurant - potential web design / marketing lead.,2026-08-26
Vecchio Parioli,+44 20 7253 3240,"129 Aldersgate Street, London, EC1A 4JQ",restaurant,London,GB,No website listed on OpenStreetMap for this restaurant - potential web design / marketing lead.,2026-08-26
Lebanese Grill Express,+44 20 30770007,"84 Leather Lane, London, EC1N 7TT",restaurant,London,GB,No website listed on OpenStreetMap for this restaurant - potential web design / marketing lead.,2026-08-26
Strand Tandoori,+44 20 7240 1333,"45 Bedford Street, London, WC2E 9HA",restaurant,London,GB,No website listed on OpenStreetMap for this restaurant - potential web design / marketing lead.,2026-08-26
Ramos Turkish Restaurant,+44 20 8549 9520,"140a London Road, Kingston upon Thames, KT2 6QL",restaurant,London,GB,No website listed on OpenStreetMap for this restaurant - potential web design / marketing lead.,2026-08-26
Roger's Kitchen,+44 20 8066 0747,"71 Camden Road, London",restaurant,London,GB,No website listed on OpenStreetMap for this restaurant - potential web design / marketing lead.,2026-08-26
Carluccio's,+44 20 7543 6000,"Plaza Parade, London, NW6 5RP",restaurant,London,GB,No website listed on OpenStreetMap for this restaurant - potential web design / marketing lead.,2026-08-26
BúnBúnBún,+44 20 7729 6494,"134B Kingsland Road, London, E2 8DY",restaurant,London,GB,No website listed on OpenStreetMap for this restaurant - potential web design / marketing lead.,2026-08-26
Magic Wok,+44 20 8693 5585,"379 Lordship Lane, London, SE22 8JJ",restaurant,London,GB,No website listed on OpenStreetMap for this restaurant - potential web design / marketing lead.,2026-08-26
Jimmy's grill,+44 20 7835 1562,"170 Earl's Court Road, London, SW5 9QQ",restaurant,London,GB,No website listed on OpenStreetMap for this restaurant - potential web design / marketing lead.,2026-08-26
Ekin,+44 20 7624 7570,"240 Belsize Road, London",restaurant,London,GB,No website listed on OpenStreetMap for this restaurant - potential web design / marketing lead.,2026-08-26
Curry House,+44 20 7328 7132,"43 Kilburn High Road, London, NW6 5SB",restaurant,London,GB,No website listed on OpenStreetMap for this restaurant - potential web design / marketing lead.,2026-08-26
Flaming Wok Grill,+44 20 7624 9888,"45 Kilburn High Road, London, NW6 5SB",restaurant,London,GB,No website listed on OpenStreetMap for this restaurant - potential web design / marketing lead.,2026-08-26
The Real Greek,+44 20 7240 2292,"61-62 Long Acre, London, WC2E 9JL",restaurant,London,GB,No website listed on OpenStreetMap for this restaurant - potential web design / marketing lead.,2026-08-26
Bacchus,+44 20 7435 1855,"37 Heath Street, London, NW3 6TR",restaurant,London,GB,No website listed on OpenStreetMap for this restaurant - potential web design / marketing lead.,2026-08-26
Imperial,+44 76241385,"46 Birchington Road, London, NW6 4LJ",restaurant,London,GB,No website listed on OpenStreetMap for this restaurant - potential web design / marketing lead.,2026-08-26
Indian Veg,+44 20 7837 4607,"92-93 Chapel Market, London, N1 9EX",restaurant,London,GB,No website listed on OpenStreetMap for this restaurant - potential web design / marketing lead.,2026-08-26
Spicy Basil,+44 20 7328 6646,"165 Killburn High Road, London, NW6 7HY",restaurant,London,GB,No website listed on OpenStreetMap for this restaurant - potential web design / marketing lead.,2026-08-26
Rajah Rowing Team,+44 20 8299 0909,"340 Lordship Lane, London, SE22 8LZ",restaurant,London,GB,No website listed on OpenStreetMap for this restaurant - potential web design / marketing lead.,2026-08-26
Salotto 31,+44 20 7220 7613,"31 Lovat Lane, London, EC3R 8EB",restaurant,London,GB,No website listed on OpenStreetMap for this restaurant - potential web design / marketing lead.,2026-08-26
Phoenix on the Hill,+44 1959 572463,London,restaurant,London,GB,No website listed on OpenStreetMap for this restaurant - potential web design / marketing lead.,2026-08-26
Bombay Dosa,+44 20 7278 9078,"34 Myddelton Street, London",restaurant,London,GB,No website listed on OpenStreetMap for this restaurant - potential web design / marketing lead.,2026-08-26
East Ocean,+44 20 7385 1704,"194 North End Road, London, W14 9NX",restaurant,London,GB,No website listed on OpenStreetMap for this restaurant - potential web design / marketing lead.,2026-08-26
Cinnamon Tree,+44 20 7837 6000,"14 Exmouth Market, London, EC1R 4QE",restaurant,London,GB,No website listed on OpenStreetMap for this restaurant - potential web design / marketing lead.,2026-08-26
Da Mario,+44 20 7240 3632,"63 Endell Street, London",restaurant,London,GB,No website listed on OpenStreetMap for this restaurant - potential web design / marketing lead.,2026-08-26
Oriental Canteen,+44 20 7581 8831,"2A Exhibition Road, London, SW7 2HF",restaurant,London,GB,No website listed on OpenStreetMap for this restaurant - potential web design / marketing lead.,2026-08-26
Noodle Express,+44 20 7490 2525,London,restaurant,London,GB,No website listed on OpenStreetMap for this restaurant - potential web design / marketing lead.,2026-08-26
Cafe Saffron,+44 20 7253 1714,"17b Aylesbury Street, London",restaurant,London,GB,No website listed on OpenStreetMap for this restaurant - potential web design / marketing lead.,2026-08-26
The Mughal's,+44 20 7262 3030,"11 London Street, London, W2 1HL",restaurant,London,GB,No website listed on OpenStreetMap for this restaurant - potential web design / marketing lead.,2026-08-26
Halepi,+44 20 7262 1070,"18 Leinster Terrace, London, W2 3ET",restaurant,London,GB,No website listed on OpenStreetMap for this restaurant - potential web design / marketing lead.,2026-08-26
Babel Grill House,+44 2073929675,"40 Brick Lane, London, E1 6RF",restaurant,London,GB,No website listed on OpenStreetMap for this restaurant - potential web design / marketing lead.,2026-08-26
Hummus Bros,+44 20 7734 1311,"88 Wardour Street, London, W1F 0TH",restaurant,London,GB,No website listed on OpenStreetMap for this restaurant - potential web design / marketing lead.,2026-08-26
Wahaca,+44 20 7734 0195,"80-82 Wardour Street, London, W1F 0TF",restaurant,London,GB,No website listed on OpenStreetMap for this restaurant - potential web design / marketing lead.,2026-08-26
Paradise Masala,+44 20 8523 1700,"487 Hale End Road, London, E4 9PT",restaurant,London,GB,No website listed on OpenStreetMap for this restaurant - potential web design / marketing lead.,2026-08-26
Thai Square,+44 20 7497 0904,"148, London",restaurant,London,GB,No website listed on OpenStreetMap for this restaurant - potential web design / marketing lead.,2026-08-26
Sizzles,+44 20 7247 2545,"14 Wentworth Street, London, E1 7TF",restaurant,London,GB,No website listed on OpenStreetMap for this restaurant - potential web design / marketing lead.,2026-08-26
D &D Eva Bless,+44 20 8616 6951,"63 Norwood Road, London, SE24 9AA",restaurant,London,GB,No website listed on OpenStreetMap for this restaurant - potential web design / marketing lead.,2026-08-26
Saray,+44 20 8671 3772,London,restaurant,London,GB,No website listed on OpenStreetMap for this restaurant - potential web design / marketing lead.,2026-08-26
Nam Long - Shaker,+44 20 7373 1926,"159 Old Brompton Road, London, SW5 0LJ",restaurant,London,GB,No website listed on OpenStreetMap for this restaurant - potential web design / marketing lead.,2026-08-26
Palace Spice,+44 20 8655 7140,"36 Westow Hill, London, SE19 1RX",restaurant,London,GB,No website listed on OpenStreetMap for this restaurant - potential web design / marketing lead.,2026-08-26
Indiana,+44 20 7987 0343,"129 Salmon Lane, London, E14 7PG",restaurant,London,GB,No website listed on OpenStreetMap for this restaurant - potential web design / marketing lead.,2026-08-26
Lady of the Grapes,+44 20 7836 5635,"16 Maiden Lane, London, WC2E 7NJ",restaurant,London,GB,No website listed on OpenStreetMap for this restaurant - potential web design / marketing lead.,2026-08-26
Boulevard Brasserie,+44 20 7240 2992,"40 Wellington Street, London, WC2E 7BD",restaurant,London,GB,No website listed on OpenStreetMap for this restaurant - potential web design / marketing lead.,2026-08-26
Piccola,+44 20 7431 3274,London,restaurant,London,GB,No website listed on OpenStreetMap for this restaurant - potential web design / marketing lead.,2026-08-26
So Noodle,+44 20 8797 0047,"316 Chiswick High Road, London",restaurant,London,GB,No website listed on OpenStreetMap for this restaurant - potential web design / marketing lead.,2026-08-26
"Japanese Restaurant ""Rokkon""",+44 20 8994 9129,London,restaurant,London,GB,No website listed on OpenStreetMap for this restaurant - potential web design / marketing lead.,2026-08-26
May's Chinese Cuisine,+44 20 8994 6826,"17 Devonshire Road, London",restaurant,London,GB,No website listed on OpenStreetMap for this restaurant - potential web design / marketing lead.,2026-08-26
Lara BBQ & Meze Bar,+44 20 8995 3779,"3 Turnham Green Terrace, London",restaurant,London,GB,No website listed on OpenStreetMap for this restaurant - potential web design / marketing lead.,2026-08-26
Petrocchi,+44 20 7493 2167,"36 Albemarle Street, London",restaurant,London,GB,No website listed on OpenStreetMap for this restaurant - potential web design / marketing lead.,2026-08-26
Chat House,+44 20 8688 6237,"14-16 Brighton Road, South Croydon, CR2 6AA",restaurant,London,GB,No website listed on OpenStreetMap for this restaurant - potential web design / marketing lead.,2026-08-26
Ping Pong,+44 20 7035 3100,"29a James Street, London, W1U 1DZ",restaurant,London,GB,No website listed on OpenStreetMap for this restaurant - potential web design / marketing lead.,2026-08-26
Mersin Tantuni Turkish Street Food,+44 20 7923 3797,"11 Stoke Newington Road, London, N16 8BH",restaurant,London,GB,No website listed on OpenStreetMap for this restaurant - potential web design / marketing lead.,2026-08-26
Andromeda Restaurant,+44 20 7388 4121,"88 Plender Street, London",restaurant,London,GB,No website listed on OpenStreetMap for this restaurant - potential web design / marketing lead.,2026-08-26
Shishawi,+44 20 7262 6212,"51-53 Edgware Road, London, W2 2HZ",restaurant,London,GB,No website listed on OpenStreetMap for this restaurant - potential web design / marketing lead.,2026-08-26
Baltizer,+44 1322 551122;+44 1322 557340,London,restaurant,London,GB,No website listed on OpenStreetMap for this restaurant - potential web design / marketing lead.,2026-08-26
Khuttar Iraqi Cuisine,+44 20 7402 1313,"17 Bouverie Place, London, W2 1RD",restaurant,London,GB,No website listed on OpenStreetMap for this restaurant - potential web design / marketing lead.,2026-08-26
Bakiin Restaurant,+44 20 8902 9853,"Wembley, HA9 6AH",restaurant,London,GB,No website listed on OpenStreetMap for this restaurant - potential web design / marketing lead.,2026-08-26
Gurkha Valley,+44 20 8902 4039,"305 Harrow Road, Wembley, HA9 6BD",restaurant,London,GB,No website listed on OpenStreetMap for this restaurant - potential web design / marketing lead.,2026-08-26
Namma Veedu Vasanta Bhavan,+44 20 8902 2022,"533 High Road, Wembley, HA0 2DJ",restaurant,London,GB,No website listed on OpenStreetMap for this restaurant - potential web design / marketing lead.,2026-08-26
Gana,+44 20 8429 8447,"24 Ealing Road, Wembley, HA0 4TL",restaurant,London,GB,No website listed on OpenStreetMap for this restaurant - potential web design / marketing lead.,2026-08-26
Cats,+44 20 7281 5557,"79, London",restaurant,London,GB,No website listed on OpenStreetMap for this restaurant - potential web design / marketing lead.,2026-08-26
Brick Lane Brasserie,+44 20 7377 8072,"67 Brick Lane, London, E1 6QL",restaurant,London,GB,No website listed on OpenStreetMap for this restaurant - potential web design / marketing lead.,2026-08-26
Lau's Kitchen,+44 1322 408883,"1 Dartford Road, Bexley, DA5 2BH",restaurant,London,GB,No website listed on OpenStreetMap for this restaurant - potential web design / marketing lead.,2026-08-26
Me London,+44 8456018980,"336-337 Strand, London",restaurant,London,GB,No website listed on OpenStreetMap for this restaurant - potential web design / marketing lead.,2026-08-26
Tonkotsu,+44 20 7254 2478,"Arch 334 1A Dunston Street, London, E8 4EB",restaurant,London,GB,No website listed on OpenStreetMap for this restaurant - potential web design / marketing lead.,2026-08-26
E. Mono Restaurant,+44 20 7485 9779,"285-287 Kentish Town Road, London, NW5 2JS",restaurant,London,GB,No website listed on OpenStreetMap for this restaurant - potential web design / marketing lead.,2026-08-26
Chick Chicken,+44 20 7639 0290,"117 Peckham High Street, London, SE15 5SE",restaurant,London,GB,No website listed on OpenStreetMap for this restaurant - potential web design / marketing lead.,2026-08-26
Honest Burgers,+44 20 3019 6188,"117 Tottenham Court Road, London, W1T 5AL",restaurant,London,GB,No website listed on OpenStreetMap for this restaurant - potential web design / marketing lead.,2026-08-26
Ozzies Charcoal,+44 20 8688 4656,"418 Brighton Road, South Croydon, CR2 6AN",restaurant,London,GB,No website listed on OpenStreetMap for this restaurant - potential web design / marketing lead.,2026-08-26
Deshy Grill,+44 20 8507 9967,"47 East Street, London",restaurant,London,GB,No website listed on OpenStreetMap for this restaurant - potential web design / marketing lead.,2026-08-26
Gurkha's Namaste,+44 20 8591 5237;+44 20 8591 1939,"31 Longbridge Road, London",restaurant,London,GB,No website listed on OpenStreetMap for this restaurant - potential web design / marketing lead.,2026-08-26
Alishan,+44 1708 220131;+44 1708 220375,"27 Station Road, Upminster, RM14 2SJ",restaurant,London,GB,No website listed on OpenStreetMap for this restaurant - potential web design / marketing lead.,2026-08-26
Othello Tavern,+44 1708 227151,"Station Road, Upminster, RM14 2SJ",restaurant,London,GB,No website listed on OpenStreetMap for this restaurant - potential web design / marketing lead.,2026-08-26
Kalijeera,+44 1708 222263,"32 Corbets Tey Road, Upminster, RM14 2AB",restaurant,London,GB,No website listed on OpenStreetMap for this restaurant - potential web design / marketing lead.,2026-08-26
Ginger Lounge,+44 1708 259111,"121-123 Corbets Tey Road, Upminster, RM14 2AA",restaurant,London,GB,No website listed on OpenStreetMap for this restaurant - potential web design / marketing lead.,2026-08-26
Ek Indian,+44 1708 912394,"Station Road, Upminster, RM14 2UB",restaurant,London,GB,No website listed on OpenStreetMap for this restaurant - potential web design / marketing lead.,2026-08-26
Madeira Restaurant,+44 20 7737 4785,"130 Stockwell Road, London",restaurant,London,GB,No website listed on OpenStreetMap for this restaurant - potential web design / marketing lead.,2026-08-26
Deserie,+44 20 8441 1003,London,restaurant,London,GB,No website listed on OpenStreetMap for this restaurant - potential web design / marketing lead.,2026-08-26
Hunters of Cockfosters,+44 20 8449 5125,"13 Heddon Court Parade, London",restaurant,London,GB,No website listed on OpenStreetMap for this restaurant - potential web design / marketing lead.,2026-08-26
Honest Burgers,+44 2031482950,"12 Widegate Street, London, E1 7HP",restaurant,London,GB,No website listed on OpenStreetMap for this restaurant - potential web design / marketing lead.,2026-08-26
Ravi Shankar,+44 20 7388 1780,"135 Drummond Street, London, NW1 2HL",restaurant,London,GB,No website listed on OpenStreetMap for this restaurant - potential web design / marketing lead.,2026-08-26
The Green Spice Fusion,+44 20 8755 1941,"88 The Green, Twickenham, TW2 5AG",restaurant,London,GB,No website listed on OpenStreetMap for this restaurant - potential web design / marketing lead.,2026-08-26
Regal Spice,+44 208 569 7026,"12 The Green, Twickenham, TW2 5AA",restaurant,London,GB,No website listed on OpenStreetMap for this restaurant - potential web design / marketing lead.,2026-08-26
Bar Shu,+44 20 7287 8822,London,restaurant,London,GB,No website listed on OpenStreetMap for this restaurant - potential web design / marketing lead.,2026-08-26
Al Balad,+44 20 3538 5096,"11 Edgware Road, London, W2 2ER",restaurant,London,GB,No website listed on OpenStreetMap for this restaurant - potential web design / marketing lead.,2026-08-26
Sarchnar Restaurant,+44 20 7724 5577,"397 Edgware Road, London, W2 1BT",restaurant,London,GB,No website listed on OpenStreetMap for this restaurant - potential web design / marketing lead.,2026-08-26
Meze World,+44 20 8947 9110,"10 Leopold Road, London, SW19 7BD",restaurant,London,GB,No website listed on OpenStreetMap for this restaurant - potential web design / marketing lead.,2026-08-26
Leo's,+44 20 4559 8598,"59 Chatsworth Road, London, E5 0LH",restaurant,London,GB,No website listed on OpenStreetMap for this restaurant - potential web design / marketing lead.,2026-08-26
Zafron,+44 7943 059878,"764 Great West Road, Isleworth, TW7 5NA",restaurant,London,GB,No website listed on OpenStreetMap for this restaurant - potential web design / marketing lead.,2026-08-26
Muang Thai,+44 20 7916 0653,"71 Chalk Farm Road, London, NW1 8AN",restaurant,London,GB,No website listed on OpenStreetMap for this restaurant - potential web design / marketing lead.,2026-08-26
Rosona Spice,+44 20 8876 8271,"130 Upper Richmond Road West, London, SW14 8DS",restaurant,London,GB,No website listed on OpenStreetMap for this restaurant - potential web design / marketing lead.,2026-08-26
Ilili,+44 20 7998 4742,"351 Kennington Lane, London, SE11 5QY",restaurant,London,GB,No website listed on OpenStreetMap for this restaurant - potential web design / marketing lead.,2026-08-26
Diwana,+44 20 7387 5556,"121-123 Drummond Street, London, NW1 2HL",restaurant,London,GB,No website listed on OpenStreetMap for this restaurant - potential web design / marketing lead.,2026-08-26
Raavi,+44 20 7388 1780,"125 Drummond Street, London, NW1 2HL",restaurant,London,GB,No website listed on OpenStreetMap for this restaurant - potential web design / marketing lead.,2026-08-26
L'Assaggino,+44 20 8940 1806,"9 Paved Court, Richmond, TW9 1LZ",restaurant,London,GB,No website listed on OpenStreetMap for this restaurant - potential web design / marketing lead.,2026-08-26
Al Boccon di Vino,+44 20 8940 9060,"14 Red Lion Street, Richmond, TW9 1RW",restaurant,London,GB,No website listed on OpenStreetMap for this restaurant - potential web design / marketing lead.,2026-08-26
Wine Cellar & Kitchen,+44 20 7387 2375,"86 Cleveland Street, London, W1T 6NQ",restaurant,London,GB,No website listed on OpenStreetMap for this restaurant - potential web design / marketing lead.,2026-08-26
The Khas Tandoori Restaurant,+44 20 3340 9541,"39 Chamberlayne Road, London, NW10 3NB",restaurant,London,GB,No website listed on OpenStreetMap for this restaurant - potential web design / marketing lead.,2026-08-26
Cacio & Pepe,+44 20 7630 7588,"46 Churton Street, London, SW1V 2LP",restaurant,London,GB,No website listed on OpenStreetMap for this restaurant - potential web design / marketing lead.,2026-08-26
Paradise Restaurant,+44 20 7834 8746,"5 Denbigh Street, London, SW1V 2HF",restaurant,London,GB,No website listed on OpenStreetMap for this restaurant - potential web design / marketing lead.,2026-08-26
Cyprus Mangal,+44 20 7828 5940,"45 Warwick Way, London, SW1V 1QS",restaurant,London,GB,No website listed on OpenStreetMap for this restaurant - potential web design / marketing lead.,2026-08-26
Loco Mexicano,+44 20 7931 7325,"64-65 Wilton Road, London, SW1V 1DE",restaurant,London,GB,No website listed on OpenStreetMap for this restaurant - potential web design / marketing lead.,2026-08-26
Black Salt,+44 20 4548 3327,"505-507 Upper Richmond Road West, London, SW14 7DE",restaurant,London,GB,No website listed on OpenStreetMap for this restaurant - potential web design / marketing lead.,2026-08-26
Daphne,+44 20 7267 7322,"83 Bayham Street, London, NW1 0AG",restaurant,London,GB,No website listed on OpenStreetMap for this restaurant - potential web design / marketing lead.,2026-08-26
Basilico,+44 800 096 8202,"178 Upper Richmond Road West, London, SW14 8AW",restaurant,London,GB,No website listed on OpenStreetMap for this restaurant - potential web design / marketing lead.,2026-08-26
Valentina,+44 20 8392 9127,"210 Upper Richmond Road West, London, SW14 8AH",restaurant,London,GB,No website listed on OpenStreetMap for this restaurant - potential web design / marketing lead.,2026-08-26
La Porchetta,+44 20 8883 1500,"265 Muswell Hill Broadway, London, N10 1DE",restaurant,London,GB,No website listed on OpenStreetMap for this restaurant - potential web design / marketing lead.,2026-08-26
Mamma Mia,+44 20 8878 6725,"459 Upper Richmond Road West, London, SW14 7PR",restaurant,London,GB,No website listed on OpenStreetMap for this restaurant - potential web design / marketing lead.,2026-08-26
Faanoos Restaurant,+44 20 8878 5738,"481 Upper Richmond Road West, London, SW14 7PU",restaurant,London,GB,No website listed on OpenStreetMap for this restaurant - potential web design / marketing lead.,2026-08-26
Steakhouse Touro,+44 20 8417 1714,"44 The Broadway, London, SW19 1RQ",restaurant,London,GB,No website listed on OpenStreetMap for this restaurant - potential web design / marketing lead.,2026-08-26
Mourjam,+44 20 7266 2726,"99 Chippenham Road, London, W9 2AB",restaurant,London,GB,No website listed on OpenStreetMap for this restaurant - potential web design / marketing lead.,2026-08-26
Fabrizio,+44 20 7561 9073,"34 Highgate Hill, London",restaurant,London,GB,No website listed on OpenStreetMap for this restaurant - potential web design / marketing lead.,2026-08-26
Temper,+44 20 3004 6696,"5 Mercer's Walk, London, WC2H 9FA",restaurant,London,GB,No website listed on OpenStreetMap for this restaurant - potential web design / marketing lead.,2026-08-26
Titanic Kitchen & Lounge,+44 20 8556 0660,"469 High Road Leytonstone, London, E11 4JU",restaurant,London,GB,No website listed on OpenStreetMap for this restaurant - potential web design / marketing lead.,2026-08-26
Mei's House,+44 20 8977 1001,"212 Hampton Road, Twickenham, TW2 5NJ",restaurant,London,GB,No website listed on OpenStreetMap for this restaurant - potential web design / marketing lead.,2026-08-26
Motcombs,+44 20 7235 6382,"26 Motcomb Street, London, SW1X 8JU",restaurant,London,GB,No website listed on OpenStreetMap for this restaurant - potential web design / marketing lead.,2026-08-26
Elfida,+44 20 3260 2077,"75 High Street, Sidcup, DA14 6DW",restaurant,London,GB,No website listed on OpenStreetMap for this restaurant - potential web design / marketing lead.,2026-08-26
Fish & Chips,+44 20 8302 2746,London,restaurant,London,GB,No website listed on OpenStreetMap for this restaurant - potential web design / marketing lead.,2026-08-26
Top Fryers,+44 20 8309 6323,"High Street, Sidcup, DA14 6ER",restaurant,London,GB,No website listed on OpenStreetMap for this restaurant - potential web design / marketing lead.,2026-08-26
Il Castelletto,+44 20 7405 2232,"17 Bury Place, London, WC1A 2JB",restaurant,London,GB,No website listed on OpenStreetMap for this restaurant - potential web design / marketing lead.,2026-08-26
Yang's Palace,+44 20 7242 7280,"33 Bloomsbury Way, London, WC1A 2SA",restaurant,London,GB,No website listed on OpenStreetMap for this restaurant - potential web design / marketing lead.,2026-08-26
Chang's Hot Pot,+44 20 7323 3522,"Coptic Street, London, WC1A 1NH",restaurant,London,GB,No website listed on OpenStreetMap for this restaurant - potential web design / marketing lead.,2026-08-26
Dragon Inn,+44 20 8332 1018,"130 Sheen Road, Richmond, TW9 1UR",restaurant,London,GB,No website listed on OpenStreetMap for this restaurant - potential web design / marketing lead.,2026-08-26
Hulya's Cafe & Restaurant,+44 20 7729 4149,"357-359 Cambridge Heath Road, London, E2 9RA",restaurant,London,GB,No website listed on OpenStreetMap for this restaurant - potential web design / marketing lead.,2026-08-26
Rock & Rose,+44 20 8948 8008,"106-108 Kew Road, Richmond, TW9 2PQ",restaurant,London,GB,No website listed on OpenStreetMap for this restaurant - potential web design / marketing lead.,2026-08-26
Cafe Masala,+44 20 8940 4308,"113 Kew Road, Richmond, TW9 2PN",restaurant,London,GB,No website listed on OpenStreetMap for this restaurant - potential web design / marketing lead.,2026-08-26
Al-Amin,+44 20 7739 9619,"483 Cambridge Heath Road, London, E2 9BU",restaurant,London,GB,No website listed on OpenStreetMap for this restaurant - potential web design / marketing lead.,2026-08-26
Palmyra,+44 20 8948 7019,"277 Sandycombe Road, Richmond, TW9 3LU",restaurant,London,GB,No website listed on OpenStreetMap for this restaurant - potential web design / marketing lead.,2026-08-26
Curry Bae,+44 20 8940 1941,"289 Sandycombe Road, Richmond, TW9 3LU",restaurant,London,GB,No website listed on OpenStreetMap for this restaurant - potential web design / marketing lead.,2026-08-26
Banon Thai,+44 20 8948 8487,"214 Sandycombe Road, Richmond, TW9 2EQ",restaurant,London,GB,No website listed on OpenStreetMap for this restaurant - potential web design / marketing lead.,2026-08-26
Aladin's Kebabish,+44 20 8203 9777,"147-149 West Hendon Broadway, London",restaurant,London,GB,No website listed on OpenStreetMap for this restaurant - potential web design / marketing lead.,2026-08-26
Tad,+44 20 8986 2612,"261 Mare Street, London, E8 3NS",restaurant,London,GB,No website listed on OpenStreetMap for this restaurant - potential web design / marketing lead.,2026-08-26
Burnt Mill,+44 20 8510 3453,"257 Mare Street, London, E8 3NS",restaurant,London,GB,No website listed on OpenStreetMap for this restaurant - potential web design / marketing lead.,2026-08-26
Artechef,+44 20 8748 4397,"58 Church Road, London, SW13 0DQ",restaurant,London,GB,No website listed on OpenStreetMap for this restaurant - potential web design / marketing lead.,2026-08-26
Haweli,+44 20 8876 4441,"7 The Broadway, London, SW13 0NY",restaurant,London,GB,No website listed on OpenStreetMap for this restaurant - potential web design / marketing lead.,2026-08-26
Backyard Grill,+44 20 8986 8201,"Lower Clapton Road, London, E5 0QR",restaurant,London,GB,No website listed on OpenStreetMap for this restaurant - potential web design / marketing lead.,2026-08-26
Felice,+44 20 8510 0298,"90 Lower Clapton Road, London, E5 0QR",restaurant,London,GB,No website listed on OpenStreetMap for this restaurant - potential web design / marketing lead.,2026-08-26
Spice of Raj,+44 20 8542 6545,"26 Christchurch Road, London, SW19 2NX",restaurant,London,GB,No website listed on OpenStreetMap for this restaurant - potential web design / marketing lead.,2026-08-26
Lavang Spice,+44 20 8985 9077,"231 Victoria Park Road, London, E9 7HD",restaurant,London,GB,No website listed on OpenStreetMap for this restaurant - potential web design / marketing lead.,2026-08-26
Fire & Ice,+44 20 8428 0066,"256 Uxbridge Road, Pinner, HA5 4HS",restaurant,London,GB,No website listed on OpenStreetMap for this restaurant - potential web design / marketing lead.,2026-08-26
Lattakia,+44 20 8428 9973,"513 The Broadway, Pinner, HA5 4JS",restaurant,London,GB,No website listed on OpenStreetMap for this restaurant - potential web design / marketing lead.,2026-08-26
Casa Mia,+44 20 8428 0079,"455 Uxbridge Road, Pinner, HA5 4JS",restaurant,London,GB,No website listed on OpenStreetMap for this restaurant - potential web design / marketing lead.,2026-08-26
Tonito Italian,+44 20 8421 6577,"435 Uxbridge Road, Pinner, HA5 4JR",restaurant,London,GB,No website listed on OpenStreetMap for this restaurant - potential web design / marketing lead.,2026-08-26
T. Raj,+44 20 8668 2800,"133-135 Brighton Road, Coulsdon, CR5 2NJ",restaurant,London,GB,No website listed on OpenStreetMap for this restaurant - potential web design / marketing lead.,2026-08-26
Toriton Izakaya,+44 20 8668 0164,"15 Chipstead Valley Road, Coulsdon, CR5 2RB",restaurant,London,GB,No website listed on OpenStreetMap for this restaurant - potential web design / marketing lead.,2026-08-26
Bermondsey Blend,+44 20 7232 0340,"13 Market Place, London, SE16 3UQ",restaurant,London,GB,No website listed on OpenStreetMap for this restaurant - potential web design / marketing lead.,2026-08-26
Greedy Fish & Chips,+44 20 8983 0472,"150 Roman Road, London, E2 0RY",restaurant,London,GB,No website listed on OpenStreetMap for this restaurant - potential web design / marketing lead.,2026-08-26
To Kefi,+44 2070 185 583,"38 Coombe Road, Kingston upon Thames, KT2 7AF",restaurant,London,GB,No website listed on OpenStreetMap for this restaurant - potential web design / marketing lead.,2026-08-26
Zufa,+44 20 8421 6821,"308 Uxbridge Road, Pinner, HA5 4HR",restaurant,London,GB,No website listed on OpenStreetMap for this restaurant - potential web design / marketing lead.,2026-08-26
The Sichuan Restaurant,+44 20 7588 5489,"14 City Road, London, EC1Y 2AA",restaurant,London,GB,No website listed on OpenStreetMap for this restaurant - potential web design / marketing lead.,2026-08-26
Randy's Wing Bar,+44 20 8555 5971,"28 East Bay Lane, London, E15 2GW",restaurant,London,GB,No website listed on OpenStreetMap for this restaurant - potential web design / marketing lead.,2026-08-26
Fotia,+44 7786 666 574,"75-77 Marylebone Lane, London, W1U 2PN",restaurant,London,GB,No website listed on OpenStreetMap for this restaurant - potential web design / marketing lead.,2026-08-26
Riva,+44 20 8748 0434,"169 Church Road, London, SW13 9HR",restaurant,London,GB,No website listed on OpenStreetMap for this restaurant - potential web design / marketing lead.,2026-08-26
Asiatique,+44 20 8892 7657,"431-433 Richmond Road, Twickenham, TW1 2EF",restaurant,London,GB,No website listed on OpenStreetMap for this restaurant - potential web design / marketing lead.,2026-08-26
Tangawizi,+44 20 8891 3737,"406 Richmond Road, Twickenham, TW1 2EB",restaurant,London,GB,No website listed on OpenStreetMap for this restaurant - potential web design / marketing lead.,2026-08-26
Prosperity,+44 20 3302 5495,"59 York Street, Twickenham, TW1 3LP",restaurant,London,GB,No website listed on OpenStreetMap for this restaurant - potential web design / marketing lead.,2026-08-26
Zaika,+44 20 8977 4745,"78 High Street, Teddington, TW11 8JD",restaurant,London,GB,No website listed on OpenStreetMap for this restaurant - potential web design / marketing lead.,2026-08-26
Charm,+44 20 8943 9553,"86 High Street, Teddington, TW11 8JD",restaurant,London,GB,No website listed on OpenStreetMap for this restaurant - potential web design / marketing lead.,2026-08-26
Itabashi,+44 20 3302 0811,"3 Church Road, Teddington, TW11 8PF",restaurant,London,GB,No website listed on OpenStreetMap for this restaurant - potential web design / marketing lead.,2026-08-26
Grand Somsa Choyxona,+44 20 8616 0780,"184 The Grove, London, E15 1NS",restaurant,London,GB,No website listed on OpenStreetMap for this restaurant - potential web design / marketing lead.,2026-08-26
Piazza Firenze,+44 20 8979 3747,"133 High Street, London, TW12 1NJ",restaurant,London,GB,No website listed on OpenStreetMap for this restaurant - potential web design / marketing lead.,2026-08-26
La Familia,+44 20 8941 7309,"99 High Street, London, TW12 1NH",restaurant,London,GB,No website listed on OpenStreetMap for this restaurant - potential web design / marketing lead.,2026-08-26
Ims’s,+44 20 8977 9123,"22 High Street, London, TW12 1PD",restaurant,London,GB,No website listed on OpenStreetMap for this restaurant - potential web design / marketing lead.,2026-08-26
San Marco,+44 20 7724 3673,"10 London Street, London, W2 1HL",restaurant,London,GB,No website listed on OpenStreetMap for this restaurant - potential web design / marketing lead.,2026-08-26
Le Taj,+44 20 8890 2347;+44 20 8890 5755,"8 High Street, Feltham, TW13 4HE",restaurant,London,GB,No website listed on OpenStreetMap for this restaurant - potential web design / marketing lead.,2026-08-26
King Star,+44 20 8542 6500,"138 Merton Road, London, SW19 1EH",restaurant,London,GB,No website listed on OpenStreetMap for this restaurant - potential web design / marketing lead.,2026-08-26
King Star,+44 20 8542 6500,London,restaurant,London,GB,No website listed on OpenStreetMap for this restaurant - potential web design / marketing lead.,2026-08-26
Woodoven Pizza,+44 20 7604 3333,"391 Kilburn High Road, London, NW6 7QE",restaurant,London,GB,No website listed on OpenStreetMap for this restaurant - potential web design / marketing lead.,2026-08-26
Taherah,+44 20 7794 0717,"58 Belsize Lane, London, NW3 5AR",restaurant,London,GB,No website listed on OpenStreetMap for this restaurant - potential web design / marketing lead.,2026-08-26
Retsina,+44 20 7431 5855,"48-50 Belsize Lane, London",restaurant,London,GB,No website listed on OpenStreetMap for this restaurant - potential web design / marketing lead.,2026-08-26
Siam Secret,+44 20 7370 4371,"5a Hogarth Place, London",restaurant,London,GB,No website listed on OpenStreetMap for this restaurant - potential web design / marketing lead.,2026-08-26
Hazara,+44 20 7433 1147;+44 20 7433 1139,"44 Belsize Lane, London",restaurant,London,GB,No website listed on OpenStreetMap for this restaurant - potential web design / marketing lead.,2026-08-26
Pang's,+44 20 7428 5818,"135 Kentish Town Road, London, NW1 8PB",restaurant,London,GB,No website listed on OpenStreetMap for this restaurant - potential web design / marketing lead.,2026-08-26
Pang's Fish and Chips,+44 20 7267 3661,"133 Kentish Town Road, London",restaurant,London,GB,No website listed on OpenStreetMap for this restaurant - potential web design / marketing lead.,2026-08-26
Emir African Cuisine and Lounge,+44 20 3632 1172,"16 Chatsworth Road, London, E5 0LP",restaurant,London,GB,No website listed on OpenStreetMap for this restaurant - potential web design / marketing lead.,2026-08-26
Radha Krishna Bhava,+44 20 8682 0969,"86 Tooting High Street, London",restaurant,London,GB,No website listed on OpenStreetMap for this restaurant - potential web design / marketing lead.,2026-08-26
Aromas Tandoori Restaurant,+44 20 3674 6043,"172 Forest Lane, London, E7 9BB",restaurant,London,GB,No website listed on OpenStreetMap for this restaurant - potential web design / marketing lead.,2026-08-26
Meiwei London,+44 20 8789 3165,"313,315 Putney Bridge Road, London, SW15 2PP",restaurant,London,GB,No website listed on OpenStreetMap for this restaurant - potential web design / marketing lead.,2026-08-26
Village Fish & Chips,+44 20 8466 9410,"89 Beckenham Lane, Bromley, BR2 0DN",restaurant,London,GB,No website listed on OpenStreetMap for this restaurant - potential web design / marketing lead.,2026-08-26
Santorini,+44 20 8462 6322,"47 Station Approach, Bromley, BR2 7EB",restaurant,London,GB,No website listed on OpenStreetMap for this restaurant - potential web design / marketing lead.,2026-08-26
Al Manzel,+44 7376 333306,"298 Uxbridge Road, London, W12 7LJ",restaurant,London,GB,No website listed on OpenStreetMap for this restaurant - potential web design / marketing lead.,2026-08-26
Food & Fire,+44 20 8749 9650,"300 Uxbridge Road, London, W12 7LJ",restaurant,London,GB,No website listed on OpenStreetMap for this restaurant - potential web design / marketing lead.,2026-08-26
Bradleys,+44 20 7722 3457,"25 Winchester Road, London, NW3 3NR",restaurant,London,GB,No website listed on OpenStreetMap for this restaurant - potential web design / marketing lead.,2026-08-26
Tomoe,+44 20 3730 7884,"292 Upper Richmond Road, London, SW15 6TH",restaurant,London,GB,No website listed on OpenStreetMap for this restaurant - potential web design / marketing lead.,2026-08-26
Lulya Restaurant,+44 20 7998 7330,"46 - 48 Drayton Green Road, London, W13 8RY",restaurant,London,GB,No website listed on OpenStreetMap for this restaurant - potential web design / marketing lead.,2026-08-26
Masaniello,+44 20 8891 5777,"22 Church Street, Twickenham, TW1 3NJ",restaurant,London,GB,No website listed on OpenStreetMap for this restaurant - potential web design / marketing lead.,2026-08-26
Kenta,+44 20 8741 8111,"106 Fulham Palace Road, London, W6 9PL",restaurant,London,GB,No website listed on OpenStreetMap for this restaurant - potential web design / marketing lead.,2026-08-26
Wok Chi,+44 1895 625088,"149 High Street, Ruislip, HA4 8JY",restaurant,London,GB,No website listed on OpenStreetMap for this restaurant - potential web design / marketing lead.,2026-08-26
Gurkha's Pride,+44 1895 622801,London,restaurant,London,GB,No website listed on OpenStreetMap for this restaurant - potential web design / marketing lead.,2026-08-26
Top Taste,+44 20 3674 2722,"60 Fairfield Street, London, SW18 1DY",restaurant,London,GB,No website listed on OpenStreetMap for this restaurant - potential web design / marketing lead.,2026-08-26
El Desperado Mexican Grill,+44 20 8337 4446,"501 London Road, North Cheam, SM3 8JR",restaurant,London,GB,No website listed on OpenStreetMap for this restaurant - potential web design / marketing lead.,2026-08-26
Morley'S,+44 20 8780 9815,"24 Roehampton High Street, London, SW15 4HJ",restaurant,London,GB,No website listed on OpenStreetMap for this restaurant - potential web design / marketing lead.,2026-08-26
La Ballerina,+44 20 7379 6659,"7-8 Bow Street, London, WC2E 7AH",restaurant,London,GB,No website listed on OpenStreetMap for this restaurant - potential web design / marketing lead.,2026-08-26
Eat Tokyo,+44 20 3489 1700,"27 Catherine Street, London",restaurant,London,GB,No website listed on OpenStreetMap for this restaurant - potential web design / marketing lead.,2026-08-26
米家 Mi Canteen,+44 20 7439 8139,"4 Macclesfield Street, London, W1D 6AX",restaurant,London,GB,No website listed on OpenStreetMap for this restaurant - potential web design / marketing lead.,2026-08-26
Simla Balti House,+441689898300,"17 Stanley Way, Orpington, BR5 2HE",restaurant,London,GB,No website listed on OpenStreetMap for this restaurant - potential web design / marketing lead.,2026-08-26
White Swan,+441689822090,"355 Chipperfield Road, Orpington, BR5 2LJ",restaurant,London,GB,No website listed on OpenStreetMap for this restaurant - potential web design / marketing lead.,2026-08-26
Yien,+44 20 8444 6830,"15 Muswell Hill Broadway, London, N10 3HA",restaurant,London,GB,No website listed on OpenStreetMap for this restaurant - potential web design / marketing lead.,2026-08-26
Food Dhaba,+44 20 8850 3591,"7 Newmarket Green, London, SE9 5ER",restaurant,London,GB,No website listed on OpenStreetMap for this restaurant - potential web design / marketing lead.,2026-08-26
Radhuny,+44 208 851 4877,"Chinbrook Road, London, SE12 9QL",restaurant,London,GB,No website listed on OpenStreetMap for this restaurant - potential web design / marketing lead.,2026-08-26
Naz Balti,+44 1689 876 053,"113 High Street, Orpington, BR6 0LG",restaurant,London,GB,No website listed on OpenStreetMap for this restaurant - potential web design / marketing lead.,2026-08-26
Sjayz,+441689829321,"254 High Street, Orpington, BR6 0LZ",restaurant,London,GB,No website listed on OpenStreetMap for this restaurant - potential web design / marketing lead.,2026-08-26
Bosa,+44 20 8788 4119,"80 Lower Richmond Road, London, SW15 1LL",restaurant,London,GB,No website listed on OpenStreetMap for this restaurant - potential web design / marketing lead.,2026-08-26
The Racing Rajah,+44 20 8788 9964,"74 Lower Richmond Road, London, SW15 1LL",restaurant,London,GB,No website listed on OpenStreetMap for this restaurant - potential web design / marketing lead.,2026-08-26
Victoria Grill,+44 20 8785 0495,"52 Lower Richmond Road, London, SW15 1JT",restaurant,London,GB,No website listed on OpenStreetMap for this restaurant - potential web design / marketing lead.,2026-08-26
The Elements,+44 20 7793 1010,"113 Lambeth Road, London, SE1 7LS",restaurant,London,GB,No website listed on OpenStreetMap for this restaurant - potential web design / marketing lead.,2026-08-26
Shapla Peri Peri,+44 7479 788292,"57 Leytonstone Road, London, E15 1JA",restaurant,London,GB,No website listed on OpenStreetMap for this restaurant - potential web design / marketing lead.,2026-08-26
Wong's Chinese Takeaway,+44 20 8578 2550,"626 Greenford Road, Greenford, UB6 8QT",restaurant,London,GB,No website listed on OpenStreetMap for this restaurant - potential web design / marketing lead.,2026-08-26
The Spice,+44 20 7482 2700,"161 Fortess Road, London, NW5 2HR",restaurant,London,GB,No website listed on OpenStreetMap for this restaurant - potential web design / marketing lead.,2026-08-26
Spices,+442083116520,"48 Lessness Avenue, Bexleyheath, DA7 5SJ",restaurant,London,GB,No website listed on OpenStreetMap for this restaurant - potential web design / marketing lead.,2026-08-26
Bella Napoli,+44 20 8303 5100,"35B Bellegrove Road, Welling, DA16 3PB",restaurant,London,GB,No website listed on OpenStreetMap for this restaurant - potential web design / marketing lead.,2026-08-26
Wong's Oriental Restaurant,+44 1708 736800,"47 Collier Row Lane, Romford, RM5 3BD",restaurant,London,GB,No website listed on OpenStreetMap for this restaurant - potential web design / marketing lead.,2026-08-26
Moonrise,+44 2088 439376,"241 The Broadway, Southall, UB1 1ND",restaurant,London,GB,No website listed on OpenStreetMap for this restaurant - potential web design / marketing lead.,2026-08-26
Abi Fast Food,+44 2088 139494,"233 The Broadway, Southall, UB1 1ND",restaurant,London,GB,No website listed on OpenStreetMap for this restaurant - potential web design / marketing lead.,2026-08-26
Millers Kitchen,+44 20 8669 8586,"138 Stanley Park Road, Carshalton, SM5 3JG",cafe,London,GB,No website listed on OpenStreetMap for this cafe - potential web design / marketing lead.,2026-08-26
The Orchard Cafe,+44 1784 258795,"776 Staines Road, Feltham, TW14 8RU",cafe,London,GB,No website listed on OpenStreetMap for this cafe - potential web design / marketing lead.,2026-08-26
Caffè du Coin,+44 20 7373 1995,"229 Earl's Court Road, London",cafe,London,GB,No website listed on OpenStreetMap for this cafe - potential web design / marketing lead.,2026-08-26
Florentine Bakery,+44 20 8676 4906,"463 Norwood Road, London, SE27 9DJ",cafe,London,GB,No website listed on OpenStreetMap for this cafe - potential web design / marketing lead.,2026-08-26
Gloucester Road Cafe,+44 20 7373 8934,"163 Gloucester Road, London",cafe,London,GB,No website listed on OpenStreetMap for this cafe - potential web design / marketing lead.,2026-08-26
Caffè Nero,+44 20 7404 6491,"100-110 High Holborn, London, WC1V 6QL",cafe,London,GB,No website listed on OpenStreetMap for this cafe - potential web design / marketing lead.,2026-08-26
Jamrock Café,+44 20 7771 6873,"31 Meeting House Lane, London",cafe,London,GB,No website listed on OpenStreetMap for this cafe - potential web design / marketing lead.,2026-08-26
Morris’s,+44 20 7734 6930,"15B Clifford Street, London, W1S 4JZ",cafe,London,GB,No website listed on OpenStreetMap for this cafe - potential web design / marketing lead.,2026-08-26
Le Traiteur,+44 20 8658 0505,"42A High Street, Beckenham, BR3 1AY",cafe,London,GB,No website listed on OpenStreetMap for this cafe - potential web design / marketing lead.,2026-08-26
Casablanca Cafe / Alauddin Sweets,+44 20 7377 1441,"36 Whitechapel Road, London, E1 1JX",cafe,London,GB,No website listed on OpenStreetMap for this cafe - potential web design / marketing lead.,2026-08-26
Cobb’s Corner Cafe,+44 20 8659 6016,"260 Kirkdale, London, SE26 4RS",cafe,London,GB,No website listed on OpenStreetMap for this cafe - potential web design / marketing lead.,2026-08-26
Thai Duck Deli,+44 20 8761 4314,"461 Norwood Road, London, SE27 9DQ",cafe,London,GB,No website listed on OpenStreetMap for this cafe - potential web design / marketing lead.,2026-08-26
Arthur's Cafe,+44 20 8968 4243,"Station Terrace, London",cafe,London,GB,No website listed on OpenStreetMap for this cafe - potential web design / marketing lead.,2026-08-26
Starbucks,+44 20 7928 4557,"3C-3D Belvedere Road, London, SE1 7GQ",cafe,London,GB,No website listed on OpenStreetMap for this cafe - potential web design / marketing lead.,2026-08-26
Roni's Cafe,+44 20 7689 0657,"39 Clerkenwell Road, London",cafe,London,GB,No website listed on OpenStreetMap for this cafe - potential web design / marketing lead.,2026-08-26
Cafe Deco,+44 20 7225 3286,"62 Gloucester Road, London",cafe,London,GB,No website listed on OpenStreetMap for this cafe - potential web design / marketing lead.,2026-08-26
Terrace Cafe & Restaurant,+44 20 8466 5584,"25A Widmore Road, Bromley, BR1 1RW",cafe,London,GB,No website listed on OpenStreetMap for this cafe - potential web design / marketing lead.,2026-08-26
Starbucks,+44 20 7626 1391,"38 Walbrook, London, EC4N 8BN",cafe,London,GB,No website listed on OpenStreetMap for this cafe - potential web design / marketing lead.,2026-08-26
De Vine,+44 20 7488 9929,"19 Vine Street, London, EC3N 2PX",cafe,London,GB,No website listed on OpenStreetMap for this cafe - potential web design / marketing lead.,2026-08-26
Cafe La Tulipe,+44 7438 517 420,"6 Farm Lane, London, SW6 1PP",cafe,London,GB,No website listed on OpenStreetMap for this cafe - potential web design / marketing lead.,2026-08-26
Matchbox Cafe,+44 20 7267 7788,"1a Elm Terrace, London",cafe,London,GB,No website listed on OpenStreetMap for this cafe - potential web design / marketing lead.,2026-08-26
Café Olé,+44 20 3638 1980,"1A Walham Grove, London, SW6 1QP",cafe,London,GB,No website listed on OpenStreetMap for this cafe - potential web design / marketing lead.,2026-08-26
Broomfield Coffee Bar,+44 20 8882 2705,"64 Alderman's Hill, London, N13 4PP",cafe,London,GB,No website listed on OpenStreetMap for this cafe - potential web design / marketing lead.,2026-08-26
Kastina And Ovens,+44 20 7836 2700,"52 Floral street, London",cafe,London,GB,No website listed on OpenStreetMap for this cafe - potential web design / marketing lead.,2026-08-26
Sugahill Cafe,+44 20 8659 5828,"250 Kirkdale, London, SE26 4NL",cafe,London,GB,No website listed on OpenStreetMap for this cafe - potential web design / marketing lead.,2026-08-26
Moonrise Maid Café,+44 20 4603 4000,"27 Red Lion Street, London, WC1R 4PS",cafe,London,GB,No website listed on OpenStreetMap for this cafe - potential web design / marketing lead.,2026-08-26
Peter's Cafe,+44 20 7481 9937,"73 Aldgate High Street, London, EC3N 1BD",cafe,London,GB,No website listed on OpenStreetMap for this cafe - potential web design / marketing lead.,2026-08-26
Hole in the Wall Cafe,+44 20 8449 0387,"87 Great North Road, Barnet, EN5 1AY",cafe,London,GB,No website listed on OpenStreetMap for this cafe - potential web design / marketing lead.,2026-08-26
Kimbo,+44 20 8567 1773,"5a-6a Oak Road, London, W5 3SS",cafe,London,GB,No website listed on OpenStreetMap for this cafe - potential web design / marketing lead.,2026-08-26
Sunday,+44 20 7607 3868,"169 Hemingford Road, London, N1 1DA",cafe,London,GB,No website listed on OpenStreetMap for this cafe - potential web design / marketing lead.,2026-08-26
Costa,+44 20 3962 3563,"Saint John's Hill, London, SW11 2QP",cafe,London,GB,No website listed on OpenStreetMap for this cafe - potential web design / marketing lead.,2026-08-26
Elsie Cafe,+44 2083 483 163,"10 Priory Road, London, N8 7RD",cafe,London,GB,No website listed on OpenStreetMap for this cafe - potential web design / marketing lead.,2026-08-26
Yew & Co,+44 7503 747036,"3 Nightingale Road, Carshalton, SM5 2DN",cafe,London,GB,No website listed on OpenStreetMap for this cafe - potential web design / marketing lead.,2026-08-26
Bagel Master,+44 20 7018 3720,"34 Cremer Street, London",cafe,London,GB,No website listed on OpenStreetMap for this cafe - potential web design / marketing lead.,2026-08-26
The Place To Eat,+44 20 8969 8822,"Conlan Street, London",cafe,London,GB,No website listed on OpenStreetMap for this cafe - potential web design / marketing lead.,2026-08-26
Caffe Melo,+44 20 8770 7110,"2 Station Parade, Brighton Road, London, SM1 1JA",cafe,London,GB,No website listed on OpenStreetMap for this cafe - potential web design / marketing lead.,2026-08-26
Little Woodford Cafe,+44 20 8989 2552,"118 George Lane, London, E18 1AD",cafe,London,GB,No website listed on OpenStreetMap for this cafe - potential web design / marketing lead.,2026-08-26
Waribashi,+44 20 8989 3393,"4-5 Station Approach, London, E18 1AG",cafe,London,GB,No website listed on OpenStreetMap for this cafe - potential web design / marketing lead.,2026-08-26
Cafe on the Lane,+44 20 8532 9206,"180-182 George Lane, London, E18 1AY",cafe,London,GB,No website listed on OpenStreetMap for this cafe - potential web design / marketing lead.,2026-08-26
Soul Stop Cafe,+44 20 8989 1849,"154 George Lane, London, E18 1AY",cafe,London,GB,No website listed on OpenStreetMap for this cafe - potential web design / marketing lead.,2026-08-26
The Nile Cafe,+44 20 7490 1483,"73 Nile Street, London, N1 7RD",cafe,London,GB,No website listed on OpenStreetMap for this cafe - potential web design / marketing lead.,2026-08-26
Stripes Cafe @ sixty one,+44 20 7253 6772,"61 Nile Street, London, N1 7RD",cafe,London,GB,No website listed on OpenStreetMap for this cafe - potential web design / marketing lead.,2026-08-26
Casa Castelo,+44 20 8252 3773,"49 George Lane, London",cafe,London,GB,No website listed on OpenStreetMap for this cafe - potential web design / marketing lead.,2026-08-26
Waterloo Café,+44 20 3268 2127,"1 Wootton Street, London, SE1 8TG",cafe,London,GB,No website listed on OpenStreetMap for this cafe - potential web design / marketing lead.,2026-08-26
Café Crofton Park,+44 20 8692 2154,"397 Brockley Road, London, SE4 2PH",cafe,London,GB,No website listed on OpenStreetMap for this cafe - potential web design / marketing lead.,2026-08-26
Caffe Fratelli,+44 20 7476 8239,"20 Western Gateway, London, E16 1XL",cafe,London,GB,No website listed on OpenStreetMap for this cafe - potential web design / marketing lead.,2026-08-26
The Canteen Cafe,+44 20 8504 3333,"127 High Road, London, E18 2PA",cafe,London,GB,No website listed on OpenStreetMap for this cafe - potential web design / marketing lead.,2026-08-26
Cinnamon Coffee Shop,+44 20 7702 2323,"103 Wapping Lane, London, E1W 2RW",cafe,London,GB,No website listed on OpenStreetMap for this cafe - potential web design / marketing lead.,2026-08-26
River Cafe,+44 20 7736 6296,"1A Station Approach, London, SW6 3UH",cafe,London,GB,No website listed on OpenStreetMap for this cafe - potential web design / marketing lead.,2026-08-26
Starbucks,+44 20 7431 8233,"255 Finchley Road, London, NW3 6LU",cafe,London,GB,No website listed on OpenStreetMap for this cafe - potential web design / marketing lead.,2026-08-26
The Brunch Bar,+44 780 4760333,"6 Lind Road, London, SM1 4PJ",cafe,London,GB,No website listed on OpenStreetMap for this cafe - potential web design / marketing lead.,2026-08-26
Mile End Sandwich Bar,+44 20 3062 4318,"630 Mile End Road, London, E3 4PH",cafe,London,GB,No website listed on OpenStreetMap for this cafe - potential web design / marketing lead.,2026-08-26
Parkway Patisserie,+44 20 8904 7736,"204 Preston Road, Wembley",cafe,London,GB,No website listed on OpenStreetMap for this cafe - potential web design / marketing lead.,2026-08-26
Cafe Dylan Dog,+44 20 7723 8027,"7 Craven Road, London, W2 3BP",cafe,London,GB,No website listed on OpenStreetMap for this cafe - potential web design / marketing lead.,2026-08-26
Cally Cafe,+44 20 7697 8229,"488 Caledonian Road, London, N7 9RP",cafe,London,GB,No website listed on OpenStreetMap for this cafe - potential web design / marketing lead.,2026-08-26
Maison Fraise,+44 20 8551 3726,"50 High Street, Ilford, IG6 2DQ",cafe,London,GB,No website listed on OpenStreetMap for this cafe - potential web design / marketing lead.,2026-08-26
Caffè Nero,+44 20 8902 0169,"Unit 79, Level 1 Wembley Park Boulevard, Wembley, HA9 0FD",cafe,London,GB,No website listed on OpenStreetMap for this cafe - potential web design / marketing lead.,2026-08-26
Kennington Lane Kebab,+44 20 7735 5853,"383 Kennington Lane, London, SE11 5QY",cafe,London,GB,No website listed on OpenStreetMap for this cafe - potential web design / marketing lead.,2026-08-26
Solé,+44 20 8887 0460,"186 Bridport Road, London, N18 1SJ",cafe,London,GB,No website listed on OpenStreetMap for this cafe - potential web design / marketing lead.,2026-08-26
Astronomy Café,+44 20 8312 8516,"Blackheath Avenue, London, SE10 8XJ",cafe,London,GB,No website listed on OpenStreetMap for this cafe - potential web design / marketing lead.,2026-08-26
The Bathurst Deli,+44 20 7262 1888,"3 Bathurst Street, London, W2 2SD",cafe,London,GB,No website listed on OpenStreetMap for this cafe - potential web design / marketing lead.,2026-08-26
Le Monde,+44 20 7938 1206,"56 Earl's Court Road, London",cafe,London,GB,No website listed on OpenStreetMap for this cafe - potential web design / marketing lead.,2026-08-26
Mama's Cafe,+44 20 7261 1826,"225 Waterloo Road, London, SE1 8XH",cafe,London,GB,No website listed on OpenStreetMap for this cafe - potential web design / marketing lead.,2026-08-26
Costa,+44 20 8858 1482,"Peninsula Retail Park, London, SE10 0QJ",cafe,London,GB,No website listed on OpenStreetMap for this cafe - potential web design / marketing lead.,2026-08-26
Portucale,+44 20 3621 0451,"380 Norwood Road, London, SE27 9AA",cafe,London,GB,No website listed on OpenStreetMap for this cafe - potential web design / marketing lead.,2026-08-26
Diony & Adam,+44 20 3620 2107,"Friern Barnet Road, London, N11 3DA",cafe,London,GB,No website listed on OpenStreetMap for this cafe - potential web design / marketing lead.,2026-08-26
The Little Wonder,+44 20 8567 0899,"41 Boston Road, London",cafe,London,GB,No website listed on OpenStreetMap for this cafe - potential web design / marketing lead.,2026-08-26
Griddle Cafe,+44 1895 472307,"50 Station Road, West Drayton, UB7 7DD",cafe,London,GB,No website listed on OpenStreetMap for this cafe - potential web design / marketing lead.,2026-08-26
EL&N,+44 20 7833 9546,London,cafe,London,GB,No website listed on OpenStreetMap for this cafe - potential web design / marketing lead.,2026-08-26
Stage Door Cafe,+44 20 8690 8554,"28 Catford Broadway, London, SE6 4SN",cafe,London,GB,No website listed on OpenStreetMap for this cafe - potential web design / marketing lead.,2026-08-26
Big Boys Cafe,+44 20 8578 1873,"329 Greenford Road, Greenford, UB6 8RE",cafe,London,GB,No website listed on OpenStreetMap for this cafe - potential web design / marketing lead.,2026-08-26
Starbucks,+44 20 7495 3936,"13 Hanover Square, London",cafe,London,GB,No website listed on OpenStreetMap for this cafe - potential web design / marketing lead.,2026-08-26
Chapati & Karak,+44 20 7052 0039,"144 Brompton Road, London, SW3 1HY",cafe,London,GB,No website listed on OpenStreetMap for this cafe - potential web design / marketing lead.,2026-08-26
Lupita Coffee House,+44 20 8660 7877,"4 High Street, Purley, CR8 2AA",cafe,London,GB,No website listed on OpenStreetMap for this cafe - potential web design / marketing lead.,2026-08-26
Star Express,+44 20 8668 4242,"944 Brighton Road, Purley, CR8 2LP",cafe,London,GB,No website listed on OpenStreetMap for this cafe - potential web design / marketing lead.,2026-08-26
Caffè Nero,+44 20 7792 5268,"168 Portobello Road, London",cafe,London,GB,No website listed on OpenStreetMap for this cafe - potential web design / marketing lead.,2026-08-26
Munchy's Cafe,+44 20 8847 2207,London,cafe,London,GB,No website listed on OpenStreetMap for this cafe - potential web design / marketing lead.,2026-08-26
Eshta Dessert Lounge,+44 20 8740 4044,"153 Goldhawk Road, London, W12 8EN",cafe,London,GB,No website listed on OpenStreetMap for this cafe - potential web design / marketing lead.,2026-08-26
Bertotti Pure Italian,+44 20 3602 5640,"104 Goldhawk Road, London, W12 8HD",cafe,London,GB,No website listed on OpenStreetMap for this cafe - potential web design / marketing lead.,2026-08-26
Mar Mar Cafe,+44 20 8740 9410,"191c Uxbridge Road, London, W12 9RA",cafe,London,GB,No website listed on OpenStreetMap for this cafe - potential web design / marketing lead.,2026-08-26
Maison Delice,+44 20 8749 0016,"191b Uxbridge Road, London, W12 9RA",cafe,London,GB,No website listed on OpenStreetMap for this cafe - potential web design / marketing lead.,2026-08-26
Cafe Marrone,+44 20 7791 5356,"Watney Street, London, E1 2QD",cafe,London,GB,No website listed on OpenStreetMap for this cafe - potential web design / marketing lead.,2026-08-26
El&a’s Brunch,+44 7309 882220,"75 Garnet Street, London, E1W 3QS",cafe,London,GB,No website listed on OpenStreetMap for this cafe - potential web design / marketing lead.,2026-08-26
Cafe Spreads,+44 20 7976 1630,"15A Pall Mall, London, SW1Y 5LU",cafe,London,GB,No website listed on OpenStreetMap for this cafe - potential web design / marketing lead.,2026-08-26
Le Pain Quotidien,+44 20 3823 4510,"212 Fulham Road, London",cafe,London,GB,No website listed on OpenStreetMap for this cafe - potential web design / marketing lead.,2026-08-26
Tudor Rose,+44 20 8778 9743,"11 High Street, London, SE20 7TN",cafe,London,GB,No website listed on OpenStreetMap for this cafe - potential web design / marketing lead.,2026-08-26
The Chip Club,+44 20 8546 8717,"58 Villiers Road, Kingston upon Thames, KT1 3BB",cafe,London,GB,No website listed on OpenStreetMap for this cafe - potential web design / marketing lead.,2026-08-26
Caffe Grana,+44 20 7233 1201,"London, SW1H 0BB",cafe,London,GB,No website listed on OpenStreetMap for this cafe - potential web design / marketing lead.,2026-08-26
Harmony Café,+44 20 8361 5302,"Friern Barnet Road, London, N11 3DA",cafe,London,GB,No website listed on OpenStreetMap for this cafe - potential web design / marketing lead.,2026-08-26
DeLites,+44 20 7790 7100,"81 Watney Street, London, E1 2QE",cafe,London,GB,No website listed on OpenStreetMap for this cafe - potential web design / marketing lead.,2026-08-26
Jaffa Bake House,+44 20 7385 1700,"381 - 383 North End Road, London, SW6 1NP",cafe,London,GB,No website listed on OpenStreetMap for this cafe - potential web design / marketing lead.,2026-08-26
London Grind,+44 20 7378 1928,"2 London Bridge, London, SE1 9RA",cafe,London,GB,No website listed on OpenStreetMap for this cafe - potential web design / marketing lead.,2026-08-26
Wick Cafe,+44 20 8533 7575,"28 Felstead Street, London, E9 5LT",cafe,London,GB,No website listed on OpenStreetMap for this cafe - potential web design / marketing lead.,2026-08-26
Cafe Bonnane,+44 20 7511 3770,"4 Agnes George Walk, London, E16 2FN",cafe,London,GB,No website listed on OpenStreetMap for this cafe - potential web design / marketing lead.,2026-08-26
Starbucks,+44 20 7376 4678,"123a King's Road, London",cafe,London,GB,No website listed on OpenStreetMap for this cafe - potential web design / marketing lead.,2026-08-26
Lo Spuntino,+44 20 7221 0735,"128 Bayswater Road, London",cafe,London,GB,No website listed on OpenStreetMap for this cafe - potential web design / marketing lead.,2026-08-26
DeRosier Chocolate and Coffee,+44 20 8947 4456,"380 Garratt Lane, London, SW18 4HP",cafe,London,GB,No website listed on OpenStreetMap for this cafe - potential web design / marketing lead.,2026-08-26
The Cut,+44 7752 747515,"6 Piccadilly Arcade, London, SW1Y 6NH",cafe,London,GB,No website listed on OpenStreetMap for this cafe - potential web design / marketing lead.,2026-08-26
Starbucks,+44 20 7225 0921,"19 Old Brompton Road, London, SW7 3HZ",cafe,London,GB,No website listed on OpenStreetMap for this cafe - potential web design / marketing lead.,2026-08-26
Brazil Café,+44 20 4618 3591,"519 Norwood Road, London, SE27 9DL",cafe,London,GB,No website listed on OpenStreetMap for this cafe - potential web design / marketing lead.,2026-08-26
Riviera Cafe,+44 20 8259 3594,"328 Norwood Road, London, SE27 9AF",cafe,London,GB,No website listed on OpenStreetMap for this cafe - potential web design / marketing lead.,2026-08-26
Sweet Portugal,+44 20 8761 4189,"469 Norwood Road, London, SE27 9DJ",cafe,London,GB,No website listed on OpenStreetMap for this cafe - potential web design / marketing lead.,2026-08-26
Italian Taste,+44 20 7998 7822,"48 Surbiton Road, Kingston upon Thames, KT1 2HT",cafe,London,GB,No website listed on OpenStreetMap for this cafe - potential web design / marketing lead.,2026-08-26
Abbey Cafe,+44 20 7286 9641,"1c Nugent Terrace, London",cafe,London,GB,No website listed on OpenStreetMap for this cafe - potential web design / marketing lead.,2026-08-26
Cafe Hills,+44 1923 822637,"69 Joel Street, Northwood, HA6 1LW",cafe,London,GB,No website listed on OpenStreetMap for this cafe - potential web design / marketing lead.,2026-08-26
Tastes of Portugal,+44 1923 822300,"16 High Street, Northwood, HA6 1BN",cafe,London,GB,No website listed on OpenStreetMap for this cafe - potential web design / marketing lead.,2026-08-26
Galaxy Cafe & Restaurant,+44 20 8540 5870,"304 Kingston Road, London, SW20 8LX",cafe,London,GB,No website listed on OpenStreetMap for this cafe - potential web design / marketing lead.,2026-08-26
Food for Thought,+44 1981 550180,"High Street, London",cafe,London,GB,No website listed on OpenStreetMap for this cafe - potential web design / marketing lead.,2026-08-26
Double Bubble Cafe,+44 20 8946 8452,"408A Garratt Lane, London, SW18 4HP",cafe,London,GB,No website listed on OpenStreetMap for this cafe - potential web design / marketing lead.,2026-08-26
Mayfair Pasta & Sandwich Bar,+44 20 7629 4095,"61 Davies Street, London",cafe,London,GB,No website listed on OpenStreetMap for this cafe - potential web design / marketing lead.,2026-08-26
Cafe Zee,+44 20 8567 4485,"5 New Broadway, London, W5 5AW",cafe,London,GB,No website listed on OpenStreetMap for this cafe - potential web design / marketing lead.,2026-08-26
Internet Cafe,+44 20 7354 2324,"207 Blackstock Road, London",cafe,London,GB,No website listed on OpenStreetMap for this cafe - potential web design / marketing lead.,2026-08-26
Caffe In,+44 20 7493 6400,"3 Shepherd Street, London",cafe,London,GB,No website listed on OpenStreetMap for this cafe - potential web design / marketing lead.,2026-08-26
Home Organic Bakery,+44 7551 097774,"1d Cowslip Road, London",cafe,London,GB,No website listed on OpenStreetMap for this cafe - potential web design / marketing lead.,2026-08-26
Chez Nous,+44 20 7637 0177,"22 Hanway Street, London, W1T 1UQ",cafe,London,GB,No website listed on OpenStreetMap for this cafe - potential web design / marketing lead.,2026-08-26
Tasty Corner,+44 20 7935 2149,"54 Blandford Street, London, W1U 7HZ",cafe,London,GB,No website listed on OpenStreetMap for this cafe - potential web design / marketing lead.,2026-08-26
Tasty Inn,+44 20 7224 4069,"34 Paddington Street, London, W1U 4HG",cafe,London,GB,No website listed on OpenStreetMap for this cafe - potential web design / marketing lead.,2026-08-26
Airline Cafe and Diner,+44 20 7474 4522,"14 Western Gateway, London, E16 1FD",cafe,London,GB,No website listed on OpenStreetMap for this cafe - potential web design / marketing lead.,2026-08-26
Caspian Sandwich Bar,+44 20 8567 9645,"147 Uxbridge Road, London",cafe,London,GB,No website listed on OpenStreetMap for this cafe - potential web design / marketing lead.,2026-08-26
Noamans Cafe,+44 20 7289 6278,"193 Shirland Road, London",cafe,London,GB,No website listed on OpenStreetMap for this cafe - potential web design / marketing lead.,2026-08-26
Vale Cafe,+44 20 7286 8861,"342 Harrow Road, London",cafe,London,GB,No website listed on OpenStreetMap for this cafe - potential web design / marketing lead.,2026-08-26
Lord of Cakes,+44 20 3643 5513,"378 Harrow Road, London",cafe,London,GB,No website listed on OpenStreetMap for this cafe - potential web design / marketing lead.,2026-08-26
TIRAFFE,+44 20 3340 6627,"1 Southampton Row, London, WC1B 5HA",cafe,London,GB,No website listed on OpenStreetMap for this cafe - potential web design / marketing lead.,2026-08-26
Rosy Lea,+44 20 8542 8340,"78 London Road, Morden, SM4 5AZ",cafe,London,GB,No website listed on OpenStreetMap for this cafe - potential web design / marketing lead.,2026-08-26
Patisserie Joie De Vie,+44 20 3441 4720,"96 High Street, Barnet, EN5 5SN",cafe,London,GB,No website listed on OpenStreetMap for this cafe - potential web design / marketing lead.,2026-08-26
Georgias Kitchen,+44 20 8977 3586,"52 High Street, London",cafe,London,GB,No website listed on OpenStreetMap for this cafe - potential web design / marketing lead.,2026-08-26
Birleys,+44 207 481 4350,"62-63 Mark Lane, London, EC3R 7NQ",cafe,London,GB,No website listed on OpenStreetMap for this cafe - potential web design / marketing lead.,2026-08-26
Delight,+44 20 8127 6766,"337 Ballards Lane, London, N12 8LT",cafe,London,GB,No website listed on OpenStreetMap for this cafe - potential web design / marketing lead.,2026-08-26
La meena cafe,+44 20 7706 4422,"9 Craven Terrace, London",cafe,London,GB,No website listed on OpenStreetMap for this cafe - potential web design / marketing lead.,2026-08-26
Craven Cafe,+44 20 7262 1594,"15 Craven Terrace, London",cafe,London,GB,No website listed on OpenStreetMap for this cafe - potential web design / marketing lead.,2026-08-26
Mouse Tail Coffee Stories,+44 7552 961118,"13 Maritime Street, London, SE16 7FU",cafe,London,GB,No website listed on OpenStreetMap for this cafe - potential web design / marketing lead.,2026-08-26
Haminados,+44 20 7229 5204,"78 Chepstow Road, London",cafe,London,GB,No website listed on OpenStreetMap for this cafe - potential web design / marketing lead.,2026-08-26
The Coffee Lovers,+44 20 7498 4779,"268 Wandsworth Road, London, SW8 2JR",cafe,London,GB,No website listed on OpenStreetMap for this cafe - potential web design / marketing lead.,2026-08-26
L'Etoile,+44 20 7229 0380,"73 Westbourne Grove, London",cafe,London,GB,No website listed on OpenStreetMap for this cafe - potential web design / marketing lead.,2026-08-26
Byzantium,+44 20 7229 9367,"31 Moscow Road, London",cafe,London,GB,No website listed on OpenStreetMap for this cafe - potential web design / marketing lead.,2026-08-26
Millennium Cafe,+44 20 8854 3719,"827 Woolwich Road, London, SE7 8LJ",cafe,London,GB,No website listed on OpenStreetMap for this cafe - potential web design / marketing lead.,2026-08-26
Yasham Express,+44 20 8840 7092,"3 St John's Parade, London, W13 9LL",cafe,London,GB,No website listed on OpenStreetMap for this cafe - potential web design / marketing lead.,2026-08-26
Cheeky Scone,+44 20 4568 3343,"43 Pembridge Road, London, W11 3HG",cafe,London,GB,No website listed on OpenStreetMap for this cafe - potential web design / marketing lead.,2026-08-26
Bird & Blend,+44 20 7229 0101,"158 Portobello Road, London, W11 2EB",cafe,London,GB,No website listed on OpenStreetMap for this cafe - potential web design / marketing lead.,2026-08-26
L’Opera,+44 20 7052 9000,"241 Brompton Road, London",cafe,London,GB,No website listed on OpenStreetMap for this cafe - potential web design / marketing lead.,2026-08-26
Lowry & Baker,+44 20 8960 8534,"339 Portobello Road, London",cafe,London,GB,No website listed on OpenStreetMap for this cafe - potential web design / marketing lead.,2026-08-26
Bluebelles,+44 20 8968 4572,"320 Portobello Road, London",cafe,London,GB,No website listed on OpenStreetMap for this cafe - potential web design / marketing lead.,2026-08-26
Cockney's Pie & Mash,+44 20 8960 9409,"314 Portobello Road, London",cafe,London,GB,No website listed on OpenStreetMap for this cafe - potential web design / marketing lead.,2026-08-26
L'Étoile de Sous,+44 20 8960 9769,"79 Golborne Road, London",cafe,London,GB,No website listed on OpenStreetMap for this cafe - potential web design / marketing lead.,2026-08-26
Trellick Lounge,+44 20 8969 9525,"11 Golborne Road, London, W10 5NY",cafe,London,GB,No website listed on OpenStreetMap for this cafe - potential web design / marketing lead.,2026-08-26
Embassy Cafe,+44 20 7243 1676,"1 Mortimer Square, London",cafe,London,GB,No website listed on OpenStreetMap for this cafe - potential web design / marketing lead.,2026-08-26
Aveda Aveda,+44 7786 424427,"5 Russell Gardens, London",cafe,London,GB,No website listed on OpenStreetMap for this cafe - potential web design / marketing lead.,2026-08-26
22nd Coffee,+44 20 3990 6642,"38 Royal Crest Avenue, London, E16 2TF",cafe,London,GB,No website listed on OpenStreetMap for this cafe - potential web design / marketing lead.,2026-08-26
Station Cafe,+44 20 3302 6731,"23 Staplehurst Road, London, SE13 5ND",cafe,London,GB,No website listed on OpenStreetMap for this cafe - potential web design / marketing lead.,2026-08-26
Blend Juice & Coffee Bar,+44 20 7243 1406,"101b Kensington Church Street, London",cafe,London,GB,No website listed on OpenStreetMap for this cafe - potential web design / marketing lead.,2026-08-26
La Caffettiera,+44 20 7937 7500,"40a Kensington Church Street, London",cafe,London,GB,No website listed on OpenStreetMap for this cafe - potential web design / marketing lead.,2026-08-26
You Don't Bring Me Flowers,+44 20 8297 2333,"15 Staplehurst Road, London, SE13 5ND",cafe,London,GB,No website listed on OpenStreetMap for this cafe - potential web design / marketing lead.,2026-08-26
The Green Cafe,+44 20 8305 0799,"285 - 289 Greenwich High Road, London, SE10 8NB",cafe,London,GB,No website listed on OpenStreetMap for this cafe - potential web design / marketing lead.,2026-08-26
Espressino,+44 7961 167864,"1 Chapel Yard, London, SW18 4HZ",cafe,London,GB,No website listed on OpenStreetMap for this cafe - potential web design / marketing lead.,2026-08-26
Cafe Nouvelle,+44 20 7938 2523,"69 Abingdon Road, London",cafe,London,GB,No website listed on OpenStreetMap for this cafe - potential web design / marketing lead.,2026-08-26
John Forrest Bakery,+44 20 8616 0225,"401 King's Road, London, SW10 0LR",cafe,London,GB,No website listed on OpenStreetMap for this cafe - potential web design / marketing lead.,2026-08-26
La Brioche,+44 20 7584 0900,"40 Old Brompton Road, London",cafe,London,GB,No website listed on OpenStreetMap for this cafe - potential web design / marketing lead.,2026-08-26
Katara Cafe,+44 7477 777778,"7 Montpelier Street, London",cafe,London,GB,No website listed on OpenStreetMap for this cafe - potential web design / marketing lead.,2026-08-26
Lady Marmalade Cafe,+44 7533 134125,"30 Cowley High Road, Uxbridge, UB8 2HL",cafe,London,GB,No website listed on OpenStreetMap for this cafe - potential web design / marketing lead.,2026-08-26
Délisino,+44 20 8886 0211,"123 Chase Side, London, N14 5HD",cafe,London,GB,No website listed on OpenStreetMap for this cafe - potential web design / marketing lead.,2026-08-26
Fig House,+44 20 8510 0423,"2 Atkins Square, London, E8 1FN",cafe,London,GB,No website listed on OpenStreetMap for this cafe - potential web design / marketing lead.,2026-08-26
Ozwald Copplepot,+44 20 8742 8560,"391 Chiswick High Road, London, W4 4AR",cafe,London,GB,No website listed on OpenStreetMap for this cafe - potential web design / marketing lead.,2026-08-26
Bake Street,+44 20 7683 7177,"58 Evering Road, London, N16 7SR",cafe,London,GB,No website listed on OpenStreetMap for this cafe - potential web design / marketing lead.,2026-08-26
Tradicao de Portugal,+44 20 8969 0765,"799-801 Harrow Road, London, NW10 5PA",cafe,London,GB,No website listed on OpenStreetMap for this cafe - potential web design / marketing lead.,2026-08-26
Café Paradiso,+44 20 7603 5600,"129 Hammersmith Road, London, W14 0QL",cafe,London,GB,No website listed on OpenStreetMap for this cafe - potential web design / marketing lead.,2026-08-26
Proud Mary's,+44 20 8834 4884,"1c Oaklands Grove, London",cafe,London,GB,No website listed on OpenStreetMap for this cafe - potential web design / marketing lead.,2026-08-26
Adela's Carinderia,+44 7547 187766,"200 Uxbridge Road, London",cafe,London,GB,No website listed on OpenStreetMap for this cafe - potential web design / marketing lead.,2026-08-26
Cafe Nell,+44 20 8579 0068,"34 Northfield Avenue, London, W13 9RL",cafe,London,GB,No website listed on OpenStreetMap for this cafe - potential web design / marketing lead.,2026-08-26
Café Louche,+44 20 8742 9334,"155 Askew Road, London",cafe,London,GB,No website listed on OpenStreetMap for this cafe - potential web design / marketing lead.,2026-08-26
Detour Café,+44 20 8740 5536,"135 Askew Road, London",cafe,London,GB,No website listed on OpenStreetMap for this cafe - potential web design / marketing lead.,2026-08-26
Askew Cafe,+44 20 3538 7336,"105 Askew Road, London",cafe,London,GB,No website listed on OpenStreetMap for this cafe - potential web design / marketing lead.,2026-08-26
Costa,+44 20 8735 2802,"120 Askew Road, London, W12 9BL",cafe,London,GB,No website listed on OpenStreetMap for this cafe - potential web design / marketing lead.,2026-08-26
Notes,+44 20 7256 6151,London,cafe,London,GB,No website listed on OpenStreetMap for this cafe - potential web design / marketing lead.,2026-08-26
Lewis Cafe,+44 20 8811 1105,"151 The Vale, London",cafe,London,GB,No website listed on OpenStreetMap for this cafe - potential web design / marketing lead.,2026-08-26
Cafe Victoria,+44 20 7828 2168,"8A Artillery Row, London, SW1P 1RZ",cafe,London,GB,No website listed on OpenStreetMap for this cafe - potential web design / marketing lead.,2026-08-26
Liz Cafe,+44 20 3689 1668,"7 Goldhawk Road, London",cafe,London,GB,No website listed on OpenStreetMap for this cafe - potential web design / marketing lead.,2026-08-26
Brook Brown,+44 20 7602 1777,"162 Shepherds Bush Road, London",cafe,London,GB,No website listed on OpenStreetMap for this cafe - potential web design / marketing lead.,2026-08-26
Zarathustra Cafe,+44 20 7603 2379,"62-64 Richmond Way, London",cafe,London,GB,No website listed on OpenStreetMap for this cafe - potential web design / marketing lead.,2026-08-26
Buongiorno,+44 7473 237452,"149 Heath Road, Twickenham, TW1 4BH",cafe,London,GB,No website listed on OpenStreetMap for this cafe - potential web design / marketing lead.,2026-08-26
The Lunch Box,+44 20 8748 8608,"134 Hammersmith Road, London",cafe,London,GB,No website listed on OpenStreetMap for this cafe - potential web design / marketing lead.,2026-08-26
Delish W6,+44 7856 098375,"218 King Street, London",cafe,London,GB,No website listed on OpenStreetMap for this cafe - potential web design / marketing lead.,2026-08-26
Fragola,+44 20 3723 2170,"54 High Street, London, W3 6LE",cafe,London,GB,No website listed on OpenStreetMap for this cafe - potential web design / marketing lead.,2026-08-26
Pista Honey,+44 20 8993 8651,"52 High Street, London, W3 6LE",cafe,London,GB,No website listed on OpenStreetMap for this cafe - potential web design / marketing lead.,2026-08-26
Wickham Café,+44 20 8777 7254,"138-140 High Street, West Wickham, BR4 0LZ",cafe,London,GB,No website listed on OpenStreetMap for this cafe - potential web design / marketing lead.,2026-08-26
Cafe Talis,+44 20 8777 9805,London,cafe,London,GB,No website listed on OpenStreetMap for this cafe - potential web design / marketing lead.,2026-08-26
Spilt Milk,+44 20 3409 4313,"31-33 High Street, Carshalton, SM5 3AX",cafe,London,GB,No website listed on OpenStreetMap for this cafe - potential web design / marketing lead.,2026-08-26
Kem's Café,+44 20 8690 4663,"398 Lewisham High Street, London, SE13 6LJ",cafe,London,GB,No website listed on OpenStreetMap for this cafe - potential web design / marketing lead.,2026-08-26
Trafalgar Cafe,+44 20 8858 4167,"98, 98A Trafalgar Road, London",cafe,London,GB,No website listed on OpenStreetMap for this cafe - potential web design / marketing lead.,2026-08-26
Moca,+44 20 8293 6077,"10 Old Dover Road, London, SE3 7BT",cafe,London,GB,No website listed on OpenStreetMap for this cafe - potential web design / marketing lead.,2026-08-26
Mara Coffee,+44 20 8858 9088,"180 Westcombe Hill, London, SE3 7DH",cafe,London,GB,No website listed on OpenStreetMap for this cafe - potential web design / marketing lead.,2026-08-26
Peyton and Byrne,+44 20 7031 6795,"20,22 Greenwich Church Street, London, SE10 9BJ",cafe,London,GB,No website listed on OpenStreetMap for this cafe - potential web design / marketing lead.,2026-08-26
Cutty Sark Cafe Restaurant & bar,+44 20 8293 4037,"38 Greenwich Church Street, London, SE10 9BL",cafe,London,GB,No website listed on OpenStreetMap for this cafe - potential web design / marketing lead.,2026-08-26
Caffè Nero,+44 20 4631 3106,"16-18 Montpelier Vale, London, SE3 0TA",cafe,London,GB,No website listed on OpenStreetMap for this cafe - potential web design / marketing lead.,2026-08-26
Cafe Maz,+44 1689826303,"2 Station Square, Orpington, BR5 1NA",cafe,London,GB,No website listed on OpenStreetMap for this cafe - potential web design / marketing lead.,2026-08-26
Anya Cafe,+44 20 4529 0924,"9 Pont Street, London, SW1X 9EJ",cafe,London,GB,No website listed on OpenStreetMap for this cafe - potential web design / marketing lead.,2026-08-26
Cosy Cafeteria,+44 20 8285 1128,"24 Randlesdown Road, London, SE6 3BT",cafe,London,GB,No website listed on OpenStreetMap for this cafe - potential web design / marketing lead.,2026-08-26
Tinys Snack Bar,+44 20 8445 4386,"589 High Road, London, N12 0DY",cafe,London,GB,No website listed on OpenStreetMap for this cafe - potential web design / marketing lead.,2026-08-26
Caffeine Co,+44 7742 443908,"Greenford Road, Harrow, HA1 3RA",cafe,London,GB,No website listed on OpenStreetMap for this cafe - potential web design / marketing lead.,2026-08-26
Break the Fast London,+44 20 8461 2818,"7 Bromley Road, London, SE6 2TS",cafe,London,GB,No website listed on OpenStreetMap for this cafe - potential web design / marketing lead.,2026-08-26
i due amici,+44 20 7840 6625,"310-312 Kennington Road, London, SE11 4LD",cafe,London,GB,No website listed on OpenStreetMap for this cafe - potential web design / marketing lead.,2026-08-26
Mezzo,+44 20 7967 7804,"62A Brixton Road, London, SW9 6BS",cafe,London,GB,No website listed on OpenStreetMap for this cafe - potential web design / marketing lead.,2026-08-26
Golden Cafe,+44 20 8692 0858,"66 Greenwich High Road, London, SE10 8LF",cafe,London,GB,No website listed on OpenStreetMap for this cafe - potential web design / marketing lead.,2026-08-26
Costa,+44 20 3376 9636,"Euston Road, London",cafe,London,GB,No website listed on OpenStreetMap for this cafe - potential web design / marketing lead.,2026-08-26
EL&N,+44 20 7434 3403,"35 Great Marlborough Street, London, W1F 7JF",cafe,London,GB,No website listed on OpenStreetMap for this cafe - potential web design / marketing lead.,2026-08-26
Spuds,+44 20 8549 0615,"56 Eden Street, Kingston upon Thames, KT1 1EE",cafe,London,GB,No website listed on OpenStreetMap for this cafe - potential web design / marketing lead.,2026-08-26
Munchies Cafe,+44 20 8399 4142,"156 Ewell Road, Surbiton, KT6 6HE",cafe,London,GB,No website listed on OpenStreetMap for this cafe - potential web design / marketing lead.,2026-08-26
Yves,+44 20 8698 3335,"123 Rushey Green, London, SE6 4AA",cafe,London,GB,No website listed on OpenStreetMap for this cafe - potential web design / marketing lead.,2026-08-26
Mi Gusto Coffee Shop,+44 20 8881 0690,"314 West Green Road, London, N15 3AN",cafe,London,GB,No website listed on OpenStreetMap for this cafe - potential web design / marketing lead.,2026-08-26
Moko Made,+44 20 7502 6491,"211 Kingsland Road, London, E2 8AN",cafe,London,GB,No website listed on OpenStreetMap for this cafe - potential web design / marketing lead.,2026-08-26
Rowdy,+44 20 8469 8079,"316 Lee High Road, London, SE13 5PJ",cafe,London,GB,No website listed on OpenStreetMap for this cafe - potential web design / marketing lead.,2026-08-26
Caffé Presto,+44 20 7580 9914,"32 Torrington Place, London, WC1E 7HJ",cafe,London,GB,No website listed on OpenStreetMap for this cafe - potential web design / marketing lead.,2026-08-26
Yummy Eats Cafe,+44 20 8318 2525,London,cafe,London,GB,No website listed on OpenStreetMap for this cafe - potential web design / marketing lead.,2026-08-26
Claud W. Dennis,+44 20 8245 7466,"3 Chase Side, London, N14 5BP",cafe,London,GB,No website listed on OpenStreetMap for this cafe - potential web design / marketing lead.,2026-08-26
Jajo,+44 20 8742 1514,"442 Chiswick High Road, London, W4 5TT",cafe,London,GB,No website listed on OpenStreetMap for this cafe - potential web design / marketing lead.,2026-08-26
Mel's Cafe,+44 20 3602 2515,"1 Pearson Street, London, E2 8JD",cafe,London,GB,No website listed on OpenStreetMap for this cafe - potential web design / marketing lead.,2026-08-26
% Arabica,+44 1689820012,"2 Chatsworth Parade, Orpington, BR5 1DF",cafe,London,GB,No website listed on OpenStreetMap for this cafe - potential web design / marketing lead.,2026-08-26
Jenny's Cafe,+44 20 8692 7069,"505 New Cross Road, London, SE14 6TQ",cafe,London,GB,No website listed on OpenStreetMap for this cafe - potential web design / marketing lead.,2026-08-26
Made In Napoli,+44 20 3685 5496,"17 Leeland Road, London",cafe,London,GB,No website listed on OpenStreetMap for this cafe - potential web design / marketing lead.,2026-08-26
Roast Bistro,+44 7403 302322,"2 Bell Parade, West Wickham, BR4 0RH",cafe,London,GB,No website listed on OpenStreetMap for this cafe - potential web design / marketing lead.,2026-08-26
"JOIA Restaurant, Bar & Rooftop",+442038338333,"1 Electric Boulevard, London, SW11 8BJ",cafe,London,GB,No website listed on OpenStreetMap for this cafe - potential web design / marketing lead.,2026-08-26
Gozleme House,+44 20 8340 6305,"465 Green Lanes, London, N4 1HE",cafe,London,GB,No website listed on OpenStreetMap for this cafe - potential web design / marketing lead.,2026-08-26
Costa,+44 1689 822063,"9 Augustus Lane, Orpington, BR6 0NH",cafe,London,GB,No website listed on OpenStreetMap for this cafe - potential web design / marketing lead.,2026-08-26
Rose Cafe,+44 20 8089 4878,"325 West Green Road, London, N15 3PA",cafe,London,GB,No website listed on OpenStreetMap for this cafe - potential web design / marketing lead.,2026-08-26
Archway Natural & Organics,+44 20 7263 2600,"Navigator Square, London, N19 3TD",cafe,London,GB,No website listed on OpenStreetMap for this cafe - potential web design / marketing lead.,2026-08-26
Silver Service Cafe,+44 20 8346 8610,"16 Bittacy Hill, London, NW7 1LB",cafe,London,GB,No website listed on OpenStreetMap for this cafe - potential web design / marketing lead.,2026-08-26
Zebra X,+44 20 7372 4463,"57 Abbey Road, London",cafe,London,GB,No website listed on OpenStreetMap for this cafe - potential web design / marketing lead.,2026-08-26
Costa,+44 333 003 5883,"22-24 Leicester Square, London, WC2H 7JY",cafe,London,GB,No website listed on OpenStreetMap for this cafe - potential web design / marketing lead.,2026-08-26
The Common,+44 20 3490 0431,"10 Clapham Park Road, London",cafe,London,GB,No website listed on OpenStreetMap for this cafe - potential web design / marketing lead.,2026-08-26
O Mineiro Butcher,+44 1923 388936,"5 The Broadway, Northwood, HA6 1NU",cafe,London,GB,No website listed on OpenStreetMap for this cafe - potential web design / marketing lead.,2026-08-26
Station Cafe,+44 20 8969 3922,"17 Station Terrace, London, NW10 5RX",cafe,London,GB,No website listed on OpenStreetMap for this cafe - potential web design / marketing lead.,2026-08-26
Ashfield Cafe,+44 20 8447 9042,"21 Ashfield Parade, London, N14 5EH",cafe,London,GB,No website listed on OpenStreetMap for this cafe - potential web design / marketing lead.,2026-08-26
Costa,+44 20 8452 5571,"63 Cricklewood Broadway, London, NW2 3JR",cafe,London,GB,No website listed on OpenStreetMap for this cafe - potential web design / marketing lead.,2026-08-26
Abda,+44 20 3638 3136,"128 High Street Harlesden, London, NW10 4SP",cafe,London,GB,No website listed on OpenStreetMap for this cafe - potential web design / marketing lead.,2026-08-26
The Brothers,+44 20 8882 1502,"14 Ashfield Parade, London, N14 5AB",cafe,London,GB,No website listed on OpenStreetMap for this cafe - potential web design / marketing lead.,2026-08-26
Hill Top Coffee Shop,+44 7444 317579,"151 Shooters Hill, London, SE18 3HP",cafe,London,GB,No website listed on OpenStreetMap for this cafe - potential web design / marketing lead.,2026-08-26
Grange Coffee Lounge,+44 20 8886 2221,"84 Alderman's Hill, London, N13 4PP",cafe,London,GB,No website listed on OpenStreetMap for this cafe - potential web design / marketing lead.,2026-08-26
Love Walk Cafe,+44 20 7703 9898,"81 Denmark Hill, London, SE5 8RS",cafe,London,GB,No website listed on OpenStreetMap for this cafe - potential web design / marketing lead.,2026-08-26
Viet Café,+44 20 7703 2531,"75 Denmark Hill, London, SE5 8RS",cafe,London,GB,No website listed on OpenStreetMap for this cafe - potential web design / marketing lead.,2026-08-26
Caffé Pronto,+44 20 7701 1860,"61 Denmark Hill, London, SE5 8RS",cafe,London,GB,No website listed on OpenStreetMap for this cafe - potential web design / marketing lead.,2026-08-26
Rock Steady Eddie's,+44 20 8089 4174,"2A Coldharbour Lane, London, SE5 9PR",cafe,London,GB,No website listed on OpenStreetMap for this cafe - potential web design / marketing lead.,2026-08-26
Susitas Shop,+44 20 3490 3672,"57 Camberwell Church Street, London, SE5 8TR",cafe,London,GB,No website listed on OpenStreetMap for this cafe - potential web design / marketing lead.,2026-08-26
Exln Cafe,+44 20 8841 3960,"248 Kingshill Avenue, Hayes, UB4 8BZ",cafe,London,GB,No website listed on OpenStreetMap for this cafe - potential web design / marketing lead.,2026-08-26
Cafe Mondo,+44 20 3623 8564,"42 Peckham Road, London, SE5 8PX",cafe,London,GB,No website listed on OpenStreetMap for this cafe - potential web design / marketing lead.,2026-08-26
Cream Vegan Pastries Café,+44 77 7018 2274,"46 Bedford Street, London, WC2E 9HA",cafe,London,GB,No website listed on OpenStreetMap for this cafe - potential web design / marketing lead.,2026-08-26
Purple Café & Restaurant,+44 20 3489 4020,"357 High Road, London, N22 8JA",cafe,London,GB,No website listed on OpenStreetMap for this cafe - potential web design / marketing lead.,2026-08-26
Lubczyk Polish Bistro,+44 7799 522460,"Windsor Road, London, W5 5PD",cafe,London,GB,No website listed on OpenStreetMap for this cafe - potential web design / marketing lead.,2026-08-26
G Cafe,+44 20 7378 7174,"70 London Road, London, SE1 6LW",cafe,London,GB,No website listed on OpenStreetMap for this cafe - potential web design / marketing lead.,2026-08-26
King's cafe,+442037743574,"50 Phoenix Road, London, NW1 1ES",cafe,London,GB,No website listed on OpenStreetMap for this cafe - potential web design / marketing lead.,2026-08-26
Majesty Lounge,+44 20 3759 7457,"75 Burdett Road, London, E3 4TN",cafe,London,GB,No website listed on OpenStreetMap for this cafe - potential web design / marketing lead.,2026-08-26
Mosaic Café Bistro,+44 20 8995 4944,"273 Acton Lane, London, W4 5DG",cafe,London,GB,No website listed on OpenStreetMap for this cafe - potential web design / marketing lead.,2026-08-26
YEHA NOHA,+44 20 8771 1666,"19 Station Road, London, SE25 5AH",cafe,London,GB,No website listed on OpenStreetMap for this cafe - potential web design / marketing lead.,2026-08-26
Abrigo dos Amigos,+44 20 8389 5811,London,cafe,London,GB,No website listed on OpenStreetMap for this cafe - potential web design / marketing lead.,2026-08-26
Gospel Oak Cafe,+44 20 7485 3199,London,cafe,London,GB,No website listed on OpenStreetMap for this cafe - potential web design / marketing lead.,2026-08-26
L'Opera,+44 20 7394 4846,London,cafe,London,GB,No website listed on OpenStreetMap for this cafe - potential web design / marketing lead.,2026-08-26
Ganesh Snack & Juice,+44 743 859 3260,London,cafe,London,GB,No website listed on OpenStreetMap for this cafe - potential web design / marketing lead.,2026-08-26
Da' Luscious,+44 20 3031 6666,"510a Roman Road, London",cafe,London,GB,No website listed on OpenStreetMap for this cafe - potential web design / marketing lead.,2026-08-26
BabaBake Aldgate,+44 7572 765746,"35 Whitechapel High Street, London, E1 7PH",cafe,London,GB,No website listed on OpenStreetMap for this cafe - potential web design / marketing lead.,2026-08-26
The Dialogue,+44 20 8442 4222,"130 Upper Clapton Road, London",cafe,London,GB,No website listed on OpenStreetMap for this cafe - potential web design / marketing lead.,2026-08-26
Rose's,+44 20 7328 0421,"243 Kilburn High Road, London, NW6 7JN",cafe,London,GB,No website listed on OpenStreetMap for this cafe - potential web design / marketing lead.,2026-08-26
Acacia,+44 7586 491 330,"353 North End Road, London, SW6 1NN",cafe,London,GB,No website listed on OpenStreetMap for this cafe - potential web design / marketing lead.,2026-08-26
Stephanie’s,+447734396371,London,cafe,London,GB,No website listed on OpenStreetMap for this cafe - potential web design / marketing lead.,2026-08-26
The Civet House,+44 20 3672 3741,"653 Fulham Road, London, SW6 5PY",cafe,London,GB,No website listed on OpenStreetMap for this cafe - potential web design / marketing lead.,2026-08-26
Cafe La Devina,+44 20 8616 4149,"134 Upper Street, London, N1 1QP",cafe,London,GB,No website listed on OpenStreetMap for this cafe - potential web design / marketing lead.,2026-08-26
Starbucks,+44 20 7289 7381,"15 Sheldon Square, London, W2 6PY",cafe,London,GB,No website listed on OpenStreetMap for this cafe - potential web design / marketing lead.,2026-08-26
Village Grill,+44 20 8941 6888,"76 Milton Road, Hampton, TW12 2LJ",cafe,London,GB,No website listed on OpenStreetMap for this cafe - potential web design / marketing lead.,2026-08-26
Workman's Cafe,+44 20 7263 3026,"103 Junction Road, London, N19 5QX",cafe,London,GB,No website listed on OpenStreetMap for this cafe - potential web design / marketing lead.,2026-08-26
Eleventh Kitchen,+44 20 7651 9271,"45 Junction Road, London",cafe,London,GB,No website listed on OpenStreetMap for this cafe - potential web design / marketing lead.,2026-08-26
Little Garden Cafe,+44 20 7263 2036,"95 Junction Road, London, N19 5QX",cafe,London,GB,No website listed on OpenStreetMap for this cafe - potential web design / marketing lead.,2026-08-26
Giggling Angel,+44 7912 352766,"338b Kilburn High Road, London, NW6 2QN",cafe,London,GB,No website listed on OpenStreetMap for this cafe - potential web design / marketing lead.,2026-08-26
PAR,+44 20 7490 7928,London,cafe,London,GB,No website listed on OpenStreetMap for this cafe - potential web design / marketing lead.,2026-08-26
Nelson's,+44 20 7403 3875,"168 Borough High Street, London, SE1 1LB",cafe,London,GB,No website listed on OpenStreetMap for this cafe - potential web design / marketing lead.,2026-08-26
Parma Cafe,+44 20 7482 1452,"59 Camden Road, London",cafe,London,GB,No website listed on OpenStreetMap for this cafe - potential web design / marketing lead.,2026-08-26
The Plough Cafe,+44 20 8299 6954,"351 Lordship Lane, London, SE22 8JJ",cafe,London,GB,No website listed on OpenStreetMap for this cafe - potential web design / marketing lead.,2026-08-26
C'est ici,+44 20 7381 4837,"47 Palliser Road, London",cafe,London,GB,No website listed on OpenStreetMap for this cafe - potential web design / marketing lead.,2026-08-26
Hot Pepper Cafe,+44 20 7387 8862,"142 Drummond street, London",cafe,London,GB,No website listed on OpenStreetMap for this cafe - potential web design / marketing lead.,2026-08-26
Markfield Park Cafe,+44 20 8809 0901,"Markfield Road, London, N15 4RB",cafe,London,GB,No website listed on OpenStreetMap for this cafe - potential web design / marketing lead.,2026-08-26
Gunay's Cafe,+44 20 8595 8843;+44 20 8595 2518,"6 Beadles Parade, Rainham Road South, Dagenham, RM10 8YL",cafe,London,GB,No website listed on OpenStreetMap for this cafe - potential web design / marketing lead.,2026-08-26
Eastbrook Cafe & Restaurant,+44 20 8593 7440,"264 Rainham Road South, Dagenham, RM10 7UU",cafe,London,GB,No website listed on OpenStreetMap for this cafe - potential web design / marketing lead.,2026-08-26
Juice & Salad Cafe,+44 20 8763 2843,"8 Station Approach, Purley, CR8 2AP",cafe,London,GB,No website listed on OpenStreetMap for this cafe - potential web design / marketing lead.,2026-08-26
The Second Home,+44 1689 874 269,"258-260 High Street, Orpington, BR6 0NB",cafe,London,GB,No website listed on OpenStreetMap for this cafe - potential web design / marketing lead.,2026-08-26
Lopeto cafe,+44 7385 717871,"Carlton Parade, Orpington, BR6 0JD",cafe,London,GB,No website listed on OpenStreetMap for this cafe - potential web design / marketing lead.,2026-08-26
La Forchetta,+44 20 7253 7163,"92 Cowcross Street, London, EC1M 6BH",cafe,London,GB,No website listed on OpenStreetMap for this cafe - potential web design / marketing lead.,2026-08-26
Cafe Mode,+44 20 7240 8085,"57 Endell Street, London",cafe,London,GB,No website listed on OpenStreetMap for this cafe - potential web design / marketing lead.,2026-08-26
Crown Cafe Bar,+44 20 7836 8549,"136 Strand, London, WC2R 1HH",cafe,London,GB,No website listed on OpenStreetMap for this cafe - potential web design / marketing lead.,2026-08-26
Rose Cafe,+44 20 7262 6296,"57 Praed Street, London, W2 1NS",cafe,London,GB,No website listed on OpenStreetMap for this cafe - potential web design / marketing lead.,2026-08-26
Bar Bruno,+44 20 7734 3750,"101 Wardour Street, London",cafe,London,GB,No website listed on OpenStreetMap for this cafe - potential web design / marketing lead.,2026-08-26
The Leaf,+44 7947 731343,"96 Curtain Road, London, EC2A 3AA",cafe,London,GB,No website listed on OpenStreetMap for this cafe - potential web design / marketing lead.,2026-08-26
Bagelmania,+44 20 7353 8284,"33 Fleet Street, London, EC4Y 1BT",cafe,London,GB,No website listed on OpenStreetMap for this cafe - potential web design / marketing lead.,2026-08-26
Nilly's Cafe,+44 20 7247 6829,"16 Bell Lane, London, E1 7LA",cafe,London,GB,No website listed on OpenStreetMap for this cafe - potential web design / marketing lead.,2026-08-26
Aqua Deli,+44 20 7247 0077,"15 Leyden Street, London, E1 7LE",cafe,London,GB,No website listed on OpenStreetMap for this cafe - potential web design / marketing lead.,2026-08-26
French Café Bistrot,+44 20 8299 9584,"44 Forest Hill Road, London, SE22 0RR",cafe,London,GB,No website listed on OpenStreetMap for this cafe - potential web design / marketing lead.,2026-08-26
Jimmy Jacks,+44 20 7539 9442,"105 Worship Street, London, EC2A 2DG",cafe,London,GB,No website listed on OpenStreetMap for this cafe - potential web design / marketing lead.,2026-08-26
Steve's Cafe,+44 20 8674 7625,"71-73 Norwood Road, London, SE24 9AA",cafe,London,GB,No website listed on OpenStreetMap for this cafe - potential web design / marketing lead.,2026-08-26
Mi Cocina es tuya,+44 20 8771 4078,"61 Westow Street, London, SE19 3RW",cafe,London,GB,No website listed on OpenStreetMap for this cafe - potential web design / marketing lead.,2026-08-26
Seniz Cafe,+44 20 7791 2502,"510 Commercial Road, London, E1 0HY",cafe,London,GB,No website listed on OpenStreetMap for this cafe - potential web design / marketing lead.,2026-08-26
Anchor Cafe,+44 20 7987 7278,"123 Salmon Lane, London, E14 7PG",cafe,London,GB,No website listed on OpenStreetMap for this cafe - potential web design / marketing lead.,2026-08-26
Coffee Cup,+44 20 7435 7565,"London, NW3 1QX",cafe,London,GB,No website listed on OpenStreetMap for this cafe - potential web design / marketing lead.,2026-08-26
St James Kitchen,+44 20 3583 7552,"36 St James's Street, London, E17 7PF",cafe,London,GB,No website listed on OpenStreetMap for this cafe - potential web design / marketing lead.,2026-08-26
Browns of Brockley,+44 20 8692 0722,"5A Coulgate Street, London, SE4 2RW",cafe,London,GB,No website listed on OpenStreetMap for this cafe - potential web design / marketing lead.,2026-08-26
Dareau,+44 20 8994 0367,"4 Bedford Corner, South Parade, London, W4 1LD",cafe,London,GB,No website listed on OpenStreetMap for this cafe - potential web design / marketing lead.,2026-08-26
Hamers,+44 1322 836158,"London, DA5 1JX",cafe,London,GB,No website listed on OpenStreetMap for this cafe - potential web design / marketing lead.,2026-08-26
Cafe Bon,+44 20 7624 7548,"94 West End Lane, London",cafe,London,GB,No website listed on OpenStreetMap for this cafe - potential web design / marketing lead.,2026-08-26
Cafe & Cool Bar,+44 20 8902 7022,"561 High Road, Wembley, HA0 2DW",cafe,London,GB,No website listed on OpenStreetMap for this cafe - potential web design / marketing lead.,2026-08-26
Penny Drop Cafe,+44 20 7637 2199,"13 Tottenham Street, London, W1T 2AH",cafe,London,GB,No website listed on OpenStreetMap for this cafe - potential web design / marketing lead.,2026-08-26
Exmouth Coffee Company,+44 20 7377 1010,"83 Whitechapel High Street, London, E1 7QX",cafe,London,GB,No website listed on OpenStreetMap for this cafe - potential web design / marketing lead.,2026-08-26
Vesuvio,+44 20 7093 1112,"139 Three Colt Street, London, E14 8AP",cafe,London,GB,No website listed on OpenStreetMap for this cafe - potential web design / marketing lead.,2026-08-26
Piccolo Cafe,+44 20 7387 1347,London,cafe,London,GB,No website listed on OpenStreetMap for this cafe - potential web design / marketing lead.,2026-08-26
Twickenham Cafe,+44 20 8898 9232,"98 Staines Road, Twickenham, TW2 5AN",cafe,London,GB,No website listed on OpenStreetMap for this cafe - potential web design / marketing lead.,2026-08-26
Petit Cafe,+44 20 7121 0012,"81 Castellain Road, London, W9 1EU",cafe,London,GB,No website listed on OpenStreetMap for this cafe - potential web design / marketing lead.,2026-08-26
Caffè Nero,+44 20 3695 5329,"24 King Street, Twickenham, TW1 3SN",cafe,London,GB,No website listed on OpenStreetMap for this cafe - potential web design / marketing lead.,2026-08-26
Somjuk Thai Cafe,+44 20 8892 1365,"38 London Road, Twickenham, TW1 3RR",cafe,London,GB,No website listed on OpenStreetMap for this cafe - potential web design / marketing lead.,2026-08-26
L'Eto,+44 203 3764268,"199 Piccadilly, London, W1J 9HA",cafe,London,GB,No website listed on OpenStreetMap for this cafe - potential web design / marketing lead.,2026-08-26
Agrobeso,+44 20 7732 3721,"139 Peckham High Street, London, SE15 5SL",cafe,London,GB,No website listed on OpenStreetMap for this cafe - potential web design / marketing lead.,2026-08-26
Cafe World,+44 20 7635 7986,"131 Peckham High Street, London, SE15 5SL",cafe,London,GB,No website listed on OpenStreetMap for this cafe - potential web design / marketing lead.,2026-08-26
Criterion Cafe,+44 20 7639 5349,"129 Peckham High Street, London, SE15 5SL",cafe,London,GB,No website listed on OpenStreetMap for this cafe - potential web design / marketing lead.,2026-08-26
Bungalows Cafe,+44 20 3609 4668,"80 Mare Street, London, E8 3SG",cafe,London,GB,No website listed on OpenStreetMap for this cafe - potential web design / marketing lead.,2026-08-26
Mikel,+44 2075805435,"93 Tottenham Court Road, London",cafe,London,GB,No website listed on OpenStreetMap for this cafe - potential web design / marketing lead.,2026-08-26
FCB Coffee,+44 20 7248 6463,"Hopton Street, London, SE1 9JH",cafe,London,GB,No website listed on OpenStreetMap for this cafe - potential web design / marketing lead.,2026-08-26
Mesmer Cafe,+44 20 7095 9825,"73 Stockwell Road, London, SW9 9PY",cafe,London,GB,No website listed on OpenStreetMap for this cafe - potential web design / marketing lead.,2026-08-26
Emnete Restaurant,+44 20 7924 0168,"71 Stockwell Road, London, SW9 9PY",cafe,London,GB,No website listed on OpenStreetMap for this cafe - potential web design / marketing lead.,2026-08-26
Ilha Dourada,+44 20 7733 0638,"65 Stockwell Road, London, SW9 9QA",cafe,London,GB,No website listed on OpenStreetMap for this cafe - potential web design / marketing lead.,2026-08-26
Miracles Coffeeshop,+44 20 8449 7575,London,cafe,London,GB,No website listed on OpenStreetMap for this cafe - potential web design / marketing lead.,2026-08-26
Whetstone Cafe,+44 20 8343 7998,"1367 High Road, London, N20 9LN",cafe,London,GB,No website listed on OpenStreetMap for this cafe - potential web design / marketing lead.,2026-08-26
Cafe Smiley,+44 20 7371 5777,"6a Station Approach, London, SW6 3UH",cafe,London,GB,No website listed on OpenStreetMap for this cafe - potential web design / marketing lead.,2026-08-26
Little Portland Cafe,+44 20 7636 1439,"15 Little Portland Street, London, W1W 8BW",cafe,London,GB,No website listed on OpenStreetMap for this cafe - potential web design / marketing lead.,2026-08-26
West Grove Cafe,+44 20 7792 2112,"116-118 Westbourne Grove, London, W11 2RR",cafe,London,GB,No website listed on OpenStreetMap for this cafe - potential web design / marketing lead.,2026-08-26
Bodega 50,+44 20 7683 3869,"50 Allen Road, London, N16 8RZ",cafe,London,GB,No website listed on OpenStreetMap for this cafe - potential web design / marketing lead.,2026-08-26
Evin Cafe,+44 20 7254 5634,"115 Kingsland High Street, London, E8 2PB",cafe,London,GB,No website listed on OpenStreetMap for this cafe - potential web design / marketing lead.,2026-08-26
Sensations Cafe,+44 20 7383 0497,"90B Cleveland Street, London, W1T 6NL",cafe,London,GB,No website listed on OpenStreetMap for this cafe - potential web design / marketing lead.,2026-08-26
The Cracked,+44 20 7636 4059,"154 New Cavendish Street, London, W1W 6YN",cafe,London,GB,No website listed on OpenStreetMap for this cafe - potential web design / marketing lead.,2026-08-26
Costa,+44 20 8399 6056,"27 Victoria Road, Surbiton, KT6 4JZ",cafe,London,GB,No website listed on OpenStreetMap for this cafe - potential web design / marketing lead.,2026-08-26
Surbiton Cafe,+44 20 8972 1122,"53 Brighton Road, Surbiton, KT6 5LR",cafe,London,GB,No website listed on OpenStreetMap for this cafe - potential web design / marketing lead.,2026-08-26
Emi Deli,+44 20 3874 7545,"45 Tachbrook Street, London, SW1V 2LZ",cafe,London,GB,No website listed on OpenStreetMap for this cafe - potential web design / marketing lead.,2026-08-26
Nuvit Bistro,+44 20 7828 4444,London,cafe,London,GB,No website listed on OpenStreetMap for this cafe - potential web design / marketing lead.,2026-08-26
Café Mignon,+44 20 7233 8271,"41a Warwick Way, London, SW1V 1QS",cafe,London,GB,No website listed on OpenStreetMap for this cafe - potential web design / marketing lead.,2026-08-26
Patisserie Citadelle Mauritian Shop,+44 20 8521 2855,"611B Lea Bridge Road, London",cafe,London,GB,No website listed on OpenStreetMap for this cafe - potential web design / marketing lead.,2026-08-26
Hugs w Mugs Cafe,+44 20 8527 7669,"63 Parade Gardens, London, E4 8DF",cafe,London,GB,No website listed on OpenStreetMap for this cafe - potential web design / marketing lead.,2026-08-26
Leonardo Caffè,+44 20 8878 7547,"351 Upper Richmond Road West, London, SW14 8QN",cafe,London,GB,No website listed on OpenStreetMap for this cafe - potential web design / marketing lead.,2026-08-26
Piccolo Bar,+44 20 7248 7556,"148A Queen Victoria Street, London, EC4V 4BY",cafe,London,GB,No website listed on OpenStreetMap for this cafe - potential web design / marketing lead.,2026-08-26
Loaf,+44 7860 934760,"166-168 Clerkenwell Road, London, EC1R 5DE",cafe,London,GB,No website listed on OpenStreetMap for this cafe - potential web design / marketing lead.,2026-08-26
Toi & Moi Café,+44 7453 327 205,"38 Berwick Street, London",cafe,London,GB,No website listed on OpenStreetMap for this cafe - potential web design / marketing lead.,2026-08-26
Bliss Coffee,+44 20 8540 1327,"264 The Broadway, London, SW19 1SB",cafe,London,GB,No website listed on OpenStreetMap for this cafe - potential web design / marketing lead.,2026-08-26
Britannia Cafe,+44 1708 631500,"53 Upminster Road South, Rainham, RM13 9YS",cafe,London,GB,No website listed on OpenStreetMap for this cafe - potential web design / marketing lead.,2026-08-26
Fat Boyz Cafe,+44 7963 490 217,"173A Selsdon Park Road, South Croydon, CR2 8JJ",cafe,London,GB,No website listed on OpenStreetMap for this cafe - potential web design / marketing lead.,2026-08-26
Horizon,+44 20 8558 7178,"809 High Road Leytonstone, London, E11 1HQ",cafe,London,GB,No website listed on OpenStreetMap for this cafe - potential web design / marketing lead.,2026-08-26
Pimlico Fresh,+44 20 7932 0030,"86 Wilton Road, London, SW1V 1DN",cafe,London,GB,No website listed on OpenStreetMap for this cafe - potential web design / marketing lead.,2026-08-26
The Boathouse Cafe,+44 7960 210144,"Spring Hill, London, E5 9BL",cafe,London,GB,No website listed on OpenStreetMap for this cafe - potential web design / marketing lead.,2026-08-26
L'Express,+44 20 7493 8860,"20 Maddox Street, London, W1S 1PN",cafe,London,GB,No website listed on OpenStreetMap for this cafe - potential web design / marketing lead.,2026-08-26
Bagel On The Park,+44 20 8986 6061,"105 Gore Road, London, E9 7HW",cafe,London,GB,No website listed on OpenStreetMap for this cafe - potential web design / marketing lead.,2026-08-26
Cafe 66,+44 20 8241 1590,"66 White Hart Lane, London, SW13 0PZ",cafe,London,GB,No website listed on OpenStreetMap for this cafe - potential web design / marketing lead.,2026-08-26
40 Cafe & Bistro,+44 20 8878 4222,"40 White Hart Lane, London, SW13 0PZ",cafe,London,GB,No website listed on OpenStreetMap for this cafe - potential web design / marketing lead.,2026-08-26
Riccardo's,+44 20 7628 3141,"6 Paul Street, London",cafe,London,GB,No website listed on OpenStreetMap for this cafe - potential web design / marketing lead.,2026-08-26
Hilltop,+44 20 3602 3232,"78 Broad Street, Teddington, TW11 8QT",cafe,London,GB,No website listed on OpenStreetMap for this cafe - potential web design / marketing lead.,2026-08-26
Sidra,+44 20 8977 2725,"5 Church Road, Teddington, TW11 8PF",cafe,London,GB,No website listed on OpenStreetMap for this cafe - potential web design / marketing lead.,2026-08-26
Diners Delight,+44 20 8296 9048,"7 Church Road, Teddington, TW11 8PF",cafe,London,GB,No website listed on OpenStreetMap for this cafe - potential web design / marketing lead.,2026-08-26
Avalon Cafe,+44 20 8692 9860,"Juno Way, London, SE14 5RW",cafe,London,GB,No website listed on OpenStreetMap for this cafe - potential web design / marketing lead.,2026-08-26
Banh Mi 108,+44 20 8890 3088,"10 High Street, Feltham, TW13 4HE",cafe,London,GB,No website listed on OpenStreetMap for this cafe - potential web design / marketing lead.,2026-08-26
Caffe Toscana,+447891927973,"103 Stanley Road, Teddington, TW11 8UB",cafe,London,GB,No website listed on OpenStreetMap for this cafe - potential web design / marketing lead.,2026-08-26
Costa,+44 20 8690 0030,"14-15 Catford Broadway, London, SE6 4SP",cafe,London,GB,No website listed on OpenStreetMap for this cafe - potential web design / marketing lead.,2026-08-26
Café Society,+44 20 8037 8635,"1 Kynance Place, London",cafe,London,GB,No website listed on OpenStreetMap for this cafe - potential web design / marketing lead.,2026-08-26
Roni's Bagel Bakery,+44 20 7998 1477,"37 Belsize Lane, London, NW3 5AS",cafe,London,GB,No website listed on OpenStreetMap for this cafe - potential web design / marketing lead.,2026-08-26
Castle's Traditional Pie & Mash,+44 20 7485 2196,"229 Royal College Street, London, NW1 9LT",cafe,London,GB,No website listed on OpenStreetMap for this cafe - potential web design / marketing lead.,2026-08-26
Twins Coffee,+44 20 7284 4266,"75A Camden Road, London, NW1 9EU",cafe,London,GB,No website listed on OpenStreetMap for this cafe - potential web design / marketing lead.,2026-08-26
Flying Cloud,+44 7976 976950,"27 Ferry Road, Teddington, TW11 9NN",cafe,London,GB,No website listed on OpenStreetMap for this cafe - potential web design / marketing lead.,2026-08-26
Eastenders Pie 'n' Mash,+44 20 7515 4553,"171 East India Dock Road, London, E14 0EA",cafe,London,GB,No website listed on OpenStreetMap for this cafe - potential web design / marketing lead.,2026-08-26
H's Cafe,+44 20 8682 2221,"105 Blackshaw Road, London, SW17 0BS",cafe,London,GB,No website listed on OpenStreetMap for this cafe - potential web design / marketing lead.,2026-08-26
Sam's Riverside Cafe,+44 20 8741 5001,"17 Crisp Road, London, W6 9RL",cafe,London,GB,No website listed on OpenStreetMap for this cafe - potential web design / marketing lead.,2026-08-26
Cafe Joy,+44 20 8617 8455,"49 Danebury Avenue, London, SW15 4DQ",cafe,London,GB,No website listed on OpenStreetMap for this cafe - potential web design / marketing lead.,2026-08-26
Baba Salam Cafe,+44 20 8811 1127,"77b Uxbridge Road, London",cafe,London,GB,No website listed on OpenStreetMap for this cafe - potential web design / marketing lead.,2026-08-26
Cafe Express,+441689890033,"365 Chipperfield Road, Orpington, BR5 2LJ",cafe,London,GB,No website listed on OpenStreetMap for this cafe - potential web design / marketing lead.,2026-08-26
Giggling Sausage,+44 20 3601 4941,"Broadway, Bexleyheath, DA6 7EJ",cafe,London,GB,No website listed on OpenStreetMap for this cafe - potential web design / marketing lead.,2026-08-26
Zanz,+44 20 8298 0755,"30 Pickford Lane, Bexleyheath, DA7 4QW",cafe,London,GB,No website listed on OpenStreetMap for this cafe - potential web design / marketing lead.,2026-08-26
Red Onion,+44 1895 636006,"High Street, Ruislip, HA4 8JB",cafe,London,GB,No website listed on OpenStreetMap for this cafe - potential web design / marketing lead.,2026-08-26
Costa,+44 20 8740 4578,"55 Goldhawk Road, London",cafe,London,GB,No website listed on OpenStreetMap for this cafe - potential web design / marketing lead.,2026-08-26
Hollyhock Cafe,+44 20 8948 6555,"Petersham Road, Richmond, TW10 6UX",cafe,London,GB,No website listed on OpenStreetMap for this cafe - potential web design / marketing lead.,2026-08-26
Kastner and Ovens,+44 20 7836 2700,"52 Floral Street, London",cafe,London,GB,No website listed on OpenStreetMap for this cafe - potential web design / marketing lead.,2026-08-26
Cafe de Provence,+44 20 7497 2757,London,cafe,London,GB,No website listed on OpenStreetMap for this cafe - potential web design / marketing lead.,2026-08-26
Julia Donna,+44 20 8785 7755,"26 Lower Richmond Road, London, SW15 1JP",cafe,London,GB,No website listed on OpenStreetMap for this cafe - potential web design / marketing lead.,2026-08-26
Selen Cafe,+44 20 8986 9175,"161 Homerton High Street, London",cafe,London,GB,No website listed on OpenStreetMap for this cafe - potential web design / marketing lead.,2026-08-26
Scott’s Pie & Mash,+44 20 8325 3634,"117 Cotmandene Crescent, Orpington, BR5 2RB",cafe,London,GB,No website listed on OpenStreetMap for this cafe - potential web design / marketing lead.,2026-08-26
Puccio’s,+44 2030842888,"1 Chivers Passage, London, SW18 1UP",cafe,London,GB,No website listed on OpenStreetMap for this cafe - potential web design / marketing lead.,2026-08-26
Woodhouse Cafe,+44 20 8492 7484,"226 Woodhouse Road, London, N12 0RS",cafe,London,GB,No website listed on OpenStreetMap for this cafe - potential web design / marketing lead.,2026-08-26
The Bistro,+44 20 8549 3363,"303 Richmond Road, Kingston upon Thames, KT2 5QU",cafe,London,GB,No website listed on OpenStreetMap for this cafe - potential web design / marketing lead.,2026-08-26
Caffe Tea Tree,+44 1689 671052,"234 High Street, Orpington, BR6 0LS",cafe,London,GB,No website listed on OpenStreetMap for this cafe - potential web design / marketing lead.,2026-08-26
The Barrel Boulangerie,+44 20 8985 3619,"316 Mare Street, London, E8 1HA",cafe,London,GB,No website listed on OpenStreetMap for this cafe - potential web design / marketing lead.,2026-08-26
Bru Lounge,+44 1689 637090,"298 High Street, Orpington, BR6 0NF",cafe,London,GB,No website listed on OpenStreetMap for this cafe - potential web design / marketing lead.,2026-08-26
sis&sibs,+447407836926,"20 York Rise, London, NW5 1ST",cafe,London,GB,No website listed on OpenStreetMap for this cafe - potential web design / marketing lead.,2026-08-26
Bonjour Putney,+44 20 8788 6363,"64 Lower Richmond Road, London, SW15 1LL",cafe,London,GB,No website listed on OpenStreetMap for this cafe - potential web design / marketing lead.,2026-08-26
Munchies Cafe,+44 20 8851 0511,"89 Mottingham Road, London, SE9 4TJ",cafe,London,GB,No website listed on OpenStreetMap for this cafe - potential web design / marketing lead.,2026-08-26
Bubbles,+44 7939 389797,"53 Green Lane, Northwood, HA6 3AE",cafe,London,GB,No website listed on OpenStreetMap for this cafe - potential web design / marketing lead.,2026-08-26
Westbury Cafe,+44 20 8888 9848,"40 Westbury Avenue, London",cafe,London,GB,No website listed on OpenStreetMap for this cafe - potential web design / marketing lead.,2026-08-26
Old Cottage Coffee Shop,+44 7931434037,London,cafe,London,GB,No website listed on OpenStreetMap for this cafe - potential web design / marketing lead.,2026-08-26
Café Lokum,+44 208 851 5522,"52 Baring Road, London, SE12 0PS",cafe,London,GB,No website listed on OpenStreetMap for this cafe - potential web design / marketing lead.,2026-08-26
Costa,+44 1708 747803,"83 Main Road, Romford, RM2 5EL",cafe,London,GB,No website listed on OpenStreetMap for this cafe - potential web design / marketing lead.,2026-08-26
Harrow Road Dental Surgery,+44 20 8904 1409,"883 Harrow Road, Wembley, HA0 2RH",dentist,London,GB,No website listed on OpenStreetMap for this dentist - potential web design / marketing lead.,2026-08-26
Perivale Dental Practice,+44 20 8997 2737,London,dentist,London,GB,No website listed on OpenStreetMap for this dentist - potential web design / marketing lead.,2026-08-26
Dene Dental Practice,+441923824230,London,dentist,London,GB,No website listed on OpenStreetMap for this dentist - potential web design / marketing lead.,2026-08-26
Northwood Hills Dental Practice,+44 1923 823148,London,dentist,London,GB,No website listed on OpenStreetMap for this dentist - potential web design / marketing lead.,2026-08-26
Nigel Meyer & Associates Dental Surgeons,+44 20 7499 1225,"11 South Molton Street, London",dentist,London,GB,No website listed on OpenStreetMap for this dentist - potential web design / marketing lead.,2026-08-26
S3 Dental,+44 20 8850 9836,"72 Wellhall Road, London",dentist,London,GB,No website listed on OpenStreetMap for this dentist - potential web design / marketing lead.,2026-08-26
Dental & Implant Practice,+44 20 8426 5250,London,dentist,London,GB,No website listed on OpenStreetMap for this dentist - potential web design / marketing lead.,2026-08-26
House of Smiles,+44 20 8351 1005,"517 Green Lanes, London, N4 1AN",dentist,London,GB,No website listed on OpenStreetMap for this dentist - potential web design / marketing lead.,2026-08-26
VS Dental Care Centre,+44 20 8904 1080,"288 Preston Road, Wembley",dentist,London,GB,No website listed on OpenStreetMap for this dentist - potential web design / marketing lead.,2026-08-26
Bridge Dental Practice,+44 20 8422 2736,"Northolt Road, London",dentist,London,GB,No website listed on OpenStreetMap for this dentist - potential web design / marketing lead.,2026-08-26
Bailie & Associates,+44 20 7639 1873,"184 Peckham High Street, London",dentist,London,GB,No website listed on OpenStreetMap for this dentist - potential web design / marketing lead.,2026-08-26
Dental Surgery,+44 20 7223 2029,"1 Ashness Road, London, SW11 6RY",dentist,London,GB,No website listed on OpenStreetMap for this dentist - potential web design / marketing lead.,2026-08-26
Manor House Dental Surgery,+44 20 8800 6667;+44 20 8826 5454,"363 Green Lanes, London",dentist,London,GB,No website listed on OpenStreetMap for this dentist - potential web design / marketing lead.,2026-08-26
Dental Laboratory,+44 20 8671 8580,"297 Brixton Hill, London",dentist,London,GB,No website listed on OpenStreetMap for this dentist - potential web design / marketing lead.,2026-08-26
Mint Dental Centre,+44 20 7587 0100,"41 Clapham Road, London",dentist,London,GB,No website listed on OpenStreetMap for this dentist - potential web design / marketing lead.,2026-08-26
Dental Practice,+44 20 7582 1668,"302 Kennington Road, London, SE11 4LD",dentist,London,GB,No website listed on OpenStreetMap for this dentist - potential web design / marketing lead.,2026-08-26
Perfect Smile,+44 20 7100 9720,"190-192 Lavender Hill, London",dentist,London,GB,No website listed on OpenStreetMap for this dentist - potential web design / marketing lead.,2026-08-26
Dentistry For You,+44 20 7274 7484,London,dentist,London,GB,No website listed on OpenStreetMap for this dentist - potential web design / marketing lead.,2026-08-26
Abbey Dental South Harrow;Abbey Dental Practice,+44 20 8864 4200,"338 Eastcote Lane, London",dentist,London,GB,No website listed on OpenStreetMap for this dentist - potential web design / marketing lead.,2026-08-26
Glow Dentistry,+44 20 8906 7676,"23 Daws Lane, London, NW7 4SL",dentist,London,GB,No website listed on OpenStreetMap for this dentist - potential web design / marketing lead.,2026-08-26
Glow Dentistry,+44 20 7433 3252,"91 Heath Street, London, NW3 6SS",dentist,London,GB,No website listed on OpenStreetMap for this dentist - potential web design / marketing lead.,2026-08-26
Park Vue Dental Practice,+44 20 8519 2990,"330 Cann Hall Road, London, E11 3NW",dentist,London,GB,No website listed on OpenStreetMap for this dentist - potential web design / marketing lead.,2026-08-26
Brighton Road Dental Care,+44 20 8688 8883,"352 Brighton Road, South Croydon, CR2 6ER",dentist,London,GB,No website listed on OpenStreetMap for this dentist - potential web design / marketing lead.,2026-08-26
Dulwich Orthadontics,+44 20 8265 9797,"82 Park Hall Road, London, SE21 8BW",dentist,London,GB,No website listed on OpenStreetMap for this dentist - potential web design / marketing lead.,2026-08-26
Beaconsfield Dental Practice,+44 1689 890 205,"86 High Street, Orpington",dentist,London,GB,No website listed on OpenStreetMap for this dentist - potential web design / marketing lead.,2026-08-26
Leabridge Road Dental Surgery,+44 20 8539 6152,"433 Lea Bridge Road, London",dentist,London,GB,No website listed on OpenStreetMap for this dentist - potential web design / marketing lead.,2026-08-26
Porchester Dental Practice,+44 20 7727 3650,"11 Porchester Gardens, London",dentist,London,GB,No website listed on OpenStreetMap for this dentist - potential web design / marketing lead.,2026-08-26
Earls Court Dental Practice,+44 20 7373 4846,"121 Earl's Court Road, London",dentist,London,GB,No website listed on OpenStreetMap for this dentist - potential web design / marketing lead.,2026-08-26
Al Saints Dental Clinic,+44 20 7727 8328,"9 All Saints Road, London",dentist,London,GB,No website listed on OpenStreetMap for this dentist - potential web design / marketing lead.,2026-08-26
The Grove Dental Surgery,+44 20 8969 0656,"351 Ladbroke Grove, London",dentist,London,GB,No website listed on OpenStreetMap for this dentist - potential web design / marketing lead.,2026-08-26
Kilburn Dental Studio,+44 20 7524 6719,London,dentist,London,GB,No website listed on OpenStreetMap for this dentist - potential web design / marketing lead.,2026-08-26
Advanced Dental Centre,+44 20 7722 4405,London,dentist,London,GB,No website listed on OpenStreetMap for this dentist - potential web design / marketing lead.,2026-08-26
Dentist & Hygienist,+44 20 7267 7653,London,dentist,London,GB,No website listed on OpenStreetMap for this dentist - potential web design / marketing lead.,2026-08-26
The Broadway Dental Practice,+44 20 8690 3222,"23 Catford Broadway, London",dentist,London,GB,No website listed on OpenStreetMap for this dentist - potential web design / marketing lead.,2026-08-26
Bolney Court Dental Practice,+44 20 3005 4432,"3 Lawrie Park Road, London, SE26 6DP",dentist,London,GB,No website listed on OpenStreetMap for this dentist - potential web design / marketing lead.,2026-08-26
Beckton Dental Clinic,+44 20 7511 9101,"Tollgate Road, London, E6 5LX",dentist,London,GB,No website listed on OpenStreetMap for this dentist - potential web design / marketing lead.,2026-08-26
Kensington Olympia Dental Clinic,+44 20 7602 7569,"4 Maclise Road, London",dentist,London,GB,No website listed on OpenStreetMap for this dentist - potential web design / marketing lead.,2026-08-26
South Bank Dental Care,+44 20 7237 3413,"164 Jamaica Road, London",dentist,London,GB,No website listed on OpenStreetMap for this dentist - potential web design / marketing lead.,2026-08-26
Blackstock Dental Care,+44 20 7226 1372,"60 Blackstock Road, London",dentist,London,GB,No website listed on OpenStreetMap for this dentist - potential web design / marketing lead.,2026-08-26
Willow Tree Dental,+44 20 7449 9888,"29 Northways Parade, London",dentist,London,GB,No website listed on OpenStreetMap for this dentist - potential web design / marketing lead.,2026-08-26
smilestraight,+44 20 3325 0819,"237 Bromley Road, London",dentist,London,GB,No website listed on OpenStreetMap for this dentist - potential web design / marketing lead.,2026-08-26
Dental Practice Barkingside,+44 20 8550 7668,"6 Fremantle Road, Ilford, IG6 2AZ",dentist,London,GB,No website listed on OpenStreetMap for this dentist - potential web design / marketing lead.,2026-08-26
The Green Dental Surgery,+44 20 8800 7373,London,dentist,London,GB,No website listed on OpenStreetMap for this dentist - potential web design / marketing lead.,2026-08-26
The Dental Practice,+44 20 7582 2562,London,dentist,London,GB,No website listed on OpenStreetMap for this dentist - potential web design / marketing lead.,2026-08-26
Key 2 Smile,+442085392277,"622 Lea Bridge Road, London, E10 6AP",dentist,London,GB,No website listed on OpenStreetMap for this dentist - potential web design / marketing lead.,2026-08-26
Thusand Smiles Dental Clinic,+44 20 8050 0280,"280 Old Brompton Road, London, SW5 9HR",dentist,London,GB,No website listed on OpenStreetMap for this dentist - potential web design / marketing lead.,2026-08-26
Puresmile,+44 20 8980 2890,"29 Roman Road, London",dentist,London,GB,No website listed on OpenStreetMap for this dentist - potential web design / marketing lead.,2026-08-26
Smiles & More,+44 20 8346 7747,"1 Holders Hill Parade, London, NW7 1LY",dentist,London,GB,No website listed on OpenStreetMap for this dentist - potential web design / marketing lead.,2026-08-26
Bridge Dental Practice,+44 20 8560 1544,London,dentist,London,GB,No website listed on OpenStreetMap for this dentist - potential web design / marketing lead.,2026-08-26
Dentalcare,+44 20 8650 0360,London,dentist,London,GB,No website listed on OpenStreetMap for this dentist - potential web design / marketing lead.,2026-08-26
Monteiro Dental Clinic,+44 20 8961 1117,"7 Craven Park Road, London",dentist,London,GB,No website listed on OpenStreetMap for this dentist - potential web design / marketing lead.,2026-08-26
Phoenix Orthodontic Practice,+44 20 7473 4411,"13-14 Mary Rose Mall, London, E6 5LX",dentist,London,GB,No website listed on OpenStreetMap for this dentist - potential web design / marketing lead.,2026-08-26
DentExcel,+44 20 8992 4456,London,dentist,London,GB,No website listed on OpenStreetMap for this dentist - potential web design / marketing lead.,2026-08-26
Camberwell Dental Care,+44 20 7703 0301,"6 Camberwell Church Street, London, SE5 8QU",dentist,London,GB,No website listed on OpenStreetMap for this dentist - potential web design / marketing lead.,2026-08-26
Peter Page Dental Practice,+44 20 8529 2504,"2A Station Road, London, E4 7BE",dentist,London,GB,No website listed on OpenStreetMap for this dentist - potential web design / marketing lead.,2026-08-26
Kingston Dental Clinic,+44 20 8439 1770,"41A Fife Road, Kingston upon Thames, KT1 1SF",dentist,London,GB,No website listed on OpenStreetMap for this dentist - potential web design / marketing lead.,2026-08-26
Kingston Dental Office,+44 20 8616 5420,"116 Canbury Park Road, Kingston upon Thames, KT2 6JZ",dentist,London,GB,No website listed on OpenStreetMap for this dentist - potential web design / marketing lead.,2026-08-26
AURA Centre of Dental Excellence & Facial Aesthetics,+44 20 8549 5710,"1 Penhryn Road, Kingston upon Thames, KT1 2BT",dentist,London,GB,No website listed on OpenStreetMap for this dentist - potential web design / marketing lead.,2026-08-26
Stedham House Dental Surgery,+44 20 8399 2376,"34 Ewell Road, Surbiton, KT6 6HX",dentist,London,GB,No website listed on OpenStreetMap for this dentist - potential web design / marketing lead.,2026-08-26
SNS Dental Practice,+44 20 8549 2743,"4-5 Dollary Parade, Kingston upon Thames, KT1 3PD",dentist,London,GB,No website listed on OpenStreetMap for this dentist - potential web design / marketing lead.,2026-08-26
Dr Rupa Patel,+44 20 8546 4706,"328 Kingston Road, New Malden, KT3 3RX",dentist,London,GB,No website listed on OpenStreetMap for this dentist - potential web design / marketing lead.,2026-08-26
Triangle Dental Clinic,+44 20 8296 0464,"4 The Triangle, Kingston upon Thames, KT1 3RU",dentist,London,GB,No website listed on OpenStreetMap for this dentist - potential web design / marketing lead.,2026-08-26
Millenium Dental Practice,+44 2083 404 015,"41 Willoughby Road, London, N8 0JG",dentist,London,GB,No website listed on OpenStreetMap for this dentist - potential web design / marketing lead.,2026-08-26
Sky Dental Practice,+44 2088 881 002,"94 Turnpike Lane, London, N8 0PH",dentist,London,GB,No website listed on OpenStreetMap for this dentist - potential web design / marketing lead.,2026-08-26
Sedation Solutions,+44 20 8643 0913,"1 Oakcroft Road, Chessington, KT9 1BD",dentist,London,GB,No website listed on OpenStreetMap for this dentist - potential web design / marketing lead.,2026-08-26
Grays Inn Road Dental Practice,+44 20 7831 8065,"40 Gray's Inn Road, London, WC1X 8LR",dentist,London,GB,No website listed on OpenStreetMap for this dentist - potential web design / marketing lead.,2026-08-26
Denmark Hill Dental Surgery,+44 20 7738 7812,"170a Denmark Hill, London",dentist,London,GB,No website listed on OpenStreetMap for this dentist - potential web design / marketing lead.,2026-08-26
Herne Hill Dental Practice,+44 20 7274 3147,"100 Herne Hill, London",dentist,London,GB,No website listed on OpenStreetMap for this dentist - potential web design / marketing lead.,2026-08-26
Kenton Dental Centre,+442082045511,"607 Kenton Road, Harrow, HA3 9RT",dentist,London,GB,No website listed on OpenStreetMap for this dentist - potential web design / marketing lead.,2026-08-26
Inglehurst Dentist Practice,+44 20 8551 3550,"51 Redbridge Lane East, London",dentist,London,GB,No website listed on OpenStreetMap for this dentist - potential web design / marketing lead.,2026-08-26
The Mount Dental Practice,+44 20 8894 3933,"233 Hounslow Road, Hanworth, Feltham, TW13 6AE",dentist,London,GB,No website listed on OpenStreetMap for this dentist - potential web design / marketing lead.,2026-08-26
Osterley Dental Practice,+44 20 8569 7744,"153 Thornbury Road, London",dentist,London,GB,No website listed on OpenStreetMap for this dentist - potential web design / marketing lead.,2026-08-26
Hampstead Dental Studio,+44 20 8455 8012,"7-9 Market Place, London",dentist,London,GB,No website listed on OpenStreetMap for this dentist - potential web design / marketing lead.,2026-08-26
Smile with Pride Dental Care,+44 20 8854 0725,"107B Woolwich High Street, London",dentist,London,GB,No website listed on OpenStreetMap for this dentist - potential web design / marketing lead.,2026-08-26
Smilecare,+44 20 7272 3796,"25 Junction Road, London, N19 5QT",dentist,London,GB,No website listed on OpenStreetMap for this dentist - potential web design / marketing lead.,2026-08-26
Dulwich Dental Clinic,+44 20 8299 1334,"78 Lordship Lane, London",dentist,London,GB,No website listed on OpenStreetMap for this dentist - potential web design / marketing lead.,2026-08-26
Ealing Dental Specialists,+44 20 8567 4483,"42 The Mall, London, W5 3TJ",dentist,London,GB,No website listed on OpenStreetMap for this dentist - potential web design / marketing lead.,2026-08-26
McKennel Dental Practice,+44 20 7834 8802,"21 Churton Street, London, SW1V 2LY",dentist,London,GB,No website listed on OpenStreetMap for this dentist - potential web design / marketing lead.,2026-08-26
Half Moon Dental Centre,+44 20 7733 0011,"1-3 Half Moon Lane, London, SE24 9JU",dentist,London,GB,No website listed on OpenStreetMap for this dentist - potential web design / marketing lead.,2026-08-26
Endell Street Dental Care,+44 20 7379 7575,"55 Endell Street, London, WC2H 9AJ",dentist,London,GB,No website listed on OpenStreetMap for this dentist - potential web design / marketing lead.,2026-08-26
NHS Dental Practice,+44 20 7381 1922,"195 North End Road, London",dentist,London,GB,No website listed on OpenStreetMap for this dentist - potential web design / marketing lead.,2026-08-26
Ringstead Dental Surgery,+44 20 8770 0784,"2B Ringstead Road, Sutton, SM1 4SE",dentist,London,GB,No website listed on OpenStreetMap for this dentist - potential web design / marketing lead.,2026-08-26
Crystal Palace Dental Practice,+44 20 8761 6252,"88 Westow Hill, London, SE19 1SB",dentist,London,GB,No website listed on OpenStreetMap for this dentist - potential web design / marketing lead.,2026-08-26
The Park Dental Clinic,+44 20 8876 5088,"323 Upper Richmond Road West, London, SW14 8QR",dentist,London,GB,No website listed on OpenStreetMap for this dentist - potential web design / marketing lead.,2026-08-26
East Street Dental Practice,+44 28 8532 7910,"63, London",dentist,London,GB,No website listed on OpenStreetMap for this dentist - potential web design / marketing lead.,2026-08-26
Barking Dental Practice,+44 20 8594 2573,"25-27 London Road, London",dentist,London,GB,No website listed on OpenStreetMap for this dentist - potential web design / marketing lead.,2026-08-26
Corbets Tey Dental Practice,+44 1708 227943,"Corbets Tey Road, Upminster",dentist,London,GB,No website listed on OpenStreetMap for this dentist - potential web design / marketing lead.,2026-08-26
St. Mary's Dental Care,+44 1708 229330,"163 St Mary's Lane, Upminster, RM14 3BL",dentist,London,GB,No website listed on OpenStreetMap for this dentist - potential web design / marketing lead.,2026-08-26
Stockwell Dental Practice,+44 20 7274 5678,"9 Stockwell Road, London",dentist,London,GB,No website listed on OpenStreetMap for this dentist - potential web design / marketing lead.,2026-08-26
London Smiling,+44 20 7636 7616,"62A Goodge Street, London",dentist,London,GB,No website listed on OpenStreetMap for this dentist - potential web design / marketing lead.,2026-08-26
Maple Dental Clinic,+44 20 3609 2548,"102 Cleveland Street, London, W1T 6NT",dentist,London,GB,No website listed on OpenStreetMap for this dentist - potential web design / marketing lead.,2026-08-26
Surbiton Dental Office,+44 20 8390 3740,London,dentist,London,GB,No website listed on OpenStreetMap for this dentist - potential web design / marketing lead.,2026-08-26
Camden Dental Centre,+44 20 7380 0768,London,dentist,London,GB,No website listed on OpenStreetMap for this dentist - potential web design / marketing lead.,2026-08-26
Wimbledon Central Dental Practice,+44 20 8947 2266,"55 Worple Road, London, SW19 4LA",dentist,London,GB,No website listed on OpenStreetMap for this dentist - potential web design / marketing lead.,2026-08-26
Richmond Orthodontics,+44 20 8940 5106,"Sheen Road, Richmond, TW9 1UF",dentist,London,GB,No website listed on OpenStreetMap for this dentist - potential web design / marketing lead.,2026-08-26
Leytonstone Dental Centre,+44 20 8558 8656,"489 High Road Leytonstone, London",dentist,London,GB,No website listed on OpenStreetMap for this dentist - potential web design / marketing lead.,2026-08-26
High Barnet Dental Care,+44 20 8275 2980,"59 High Street, Barnet, EN5 5UR",dentist,London,GB,No website listed on OpenStreetMap for this dentist - potential web design / marketing lead.,2026-08-26
Ace Dental Care,+44 20 8940 1416,"107 Sheen Road, Richmond, TW9 1YJ",dentist,London,GB,No website listed on OpenStreetMap for this dentist - potential web design / marketing lead.,2026-08-26
Michael T.C. Wong,+44 20 8948 5863,"79 Sheen Road, Richmond, TW9 1YJ",dentist,London,GB,No website listed on OpenStreetMap for this dentist - potential web design / marketing lead.,2026-08-26
Lower Clapton Dental Surgery,+44 20 8985 2490,"84 Lower Clapton Road, London",dentist,London,GB,No website listed on OpenStreetMap for this dentist - potential web design / marketing lead.,2026-08-26
Trinity Dental Care,+44 20 8985 4434,"167 Clarence Road, London",dentist,London,GB,No website listed on OpenStreetMap for this dentist - potential web design / marketing lead.,2026-08-26
Perfect Smile,+44 20 8744 1444,"402 Richmond Road, Twickenham, TW1 2EB",dentist,London,GB,No website listed on OpenStreetMap for this dentist - potential web design / marketing lead.,2026-08-26
Well Street Dental Care,+44 20 8533 0626,"220 Well Street, London",dentist,London,GB,No website listed on OpenStreetMap for this dentist - potential web design / marketing lead.,2026-08-26
Ivy House Dental Practice,+44 20 7284 1110,"51 Kentish Town Road, London, NW1 8NX",dentist,London,GB,No website listed on OpenStreetMap for this dentist - potential web design / marketing lead.,2026-08-26
Clapton Dental Surgery,+44 20 8986 5717,"83 Chatsworth Road, London, E5 0LH",dentist,London,GB,No website listed on OpenStreetMap for this dentist - potential web design / marketing lead.,2026-08-26
Oral Smile,+44 20 8674 0570,"172a Norwood Road, London",dentist,London,GB,No website listed on OpenStreetMap for this dentist - potential web design / marketing lead.,2026-08-26
just called Dental Surgery,+44 1895 672535,London,dentist,London,GB,No website listed on OpenStreetMap for this dentist - potential web design / marketing lead.,2026-08-26
Kew Dental Care,+44 20 8878 7833,"105 North Road, London, TW9 4HJ",dentist,London,GB,No website listed on OpenStreetMap for this dentist - potential web design / marketing lead.,2026-08-26
Dental Clinic,+442083403877,"300b Park Road, London, N8 8LA",dentist,London,GB,No website listed on OpenStreetMap for this dentist - potential web design / marketing lead.,2026-08-26
Dental Surgery,+44 20 8780 3433,"50 Lower Richmond Road, London, SW15 1JT",dentist,London,GB,No website listed on OpenStreetMap for this dentist - potential web design / marketing lead.,2026-08-26
First Dental,+44 208 857 8892,"139 Marvels Lane, London, SE12 9PP",dentist,London,GB,No website listed on OpenStreetMap for this dentist - potential web design / marketing lead.,2026-08-26
Tudor Lodge Dental Practice,+44 20 8940 4747,"239 Petersham Road, London, TW10 7DA",dentist,London,GB,No website listed on OpenStreetMap for this dentist - potential web design / marketing lead.,2026-08-26
Jevington Dental Practice,+44 20 8851 4949,"71 Jevington Way, London, SE12 9NG",dentist,London,GB,No website listed on OpenStreetMap for this dentist - potential web design / marketing lead.,2026-08-26
Keswick Barbers,+44 7588 393979,"1 Keswick Broadway, London, SW15 2RB",salon,London,GB,No website listed on OpenStreetMap for this salon - potential web design / marketing lead.,2026-08-26
The N7 Collective,+44 20 7609 6868,London,salon,London,GB,No website listed on OpenStreetMap for this salon - potential web design / marketing lead.,2026-08-26
Taylor'd Hair,+44 20 7700 4944,London,salon,London,GB,No website listed on OpenStreetMap for this salon - potential web design / marketing lead.,2026-08-26
Jazz's Barbers,+44 20 7603 5344,"182 Holland Park Avenue, London",salon,London,GB,No website listed on OpenStreetMap for this salon - potential web design / marketing lead.,2026-08-26
Mary Dolls,+44 20 8617 9476,"246 Commercial Way, London, SE15 1PU",salon,London,GB,No website listed on OpenStreetMap for this salon - potential web design / marketing lead.,2026-08-26
Amanda B Hair Salon,+44 20 3489 6751,"100 Friary Road, London",salon,London,GB,No website listed on OpenStreetMap for this salon - potential web design / marketing lead.,2026-08-26
Klean Kut Barbers,+44 20 7358 0283,"88 Meeting House Lane, London, SE15 2TX",salon,London,GB,No website listed on OpenStreetMap for this salon - potential web design / marketing lead.,2026-08-26
Barber’s Inspiration,+44 7527 437387,"1 Eden Way, London, E3 2JD",salon,London,GB,No website listed on OpenStreetMap for this salon - potential web design / marketing lead.,2026-08-26
Pretty Little Nails,+44 20 8981 4453,"451 Roman Road, London",salon,London,GB,No website listed on OpenStreetMap for this salon - potential web design / marketing lead.,2026-08-26
NU:YU Beauty Rooms,+44 20 8663 6110,"3 Rectory Road, Beckenham, BR3 1HL",salon,London,GB,No website listed on OpenStreetMap for this salon - potential web design / marketing lead.,2026-08-26
Sun City,+44 20 8658 3366,London,salon,London,GB,No website listed on OpenStreetMap for this salon - potential web design / marketing lead.,2026-08-26
Crown and Glory Barbers,+44 7944 135656,London,salon,London,GB,No website listed on OpenStreetMap for this salon - potential web design / marketing lead.,2026-08-26
Genclik Berber Salon,+44 7807092821,London,salon,London,GB,No website listed on OpenStreetMap for this salon - potential web design / marketing lead.,2026-08-26
Crisp Cuts Barbering Service,+44 7930996624,London,salon,London,GB,No website listed on OpenStreetMap for this salon - potential web design / marketing lead.,2026-08-26
Angel Cuts,+44 20 7354 5626,"10 Essex road, London",salon,London,GB,No website listed on OpenStreetMap for this salon - potential web design / marketing lead.,2026-08-26
Moda,+44 20 7923 1380,"Stoke Newington Road, London",salon,London,GB,No website listed on OpenStreetMap for this salon - potential web design / marketing lead.,2026-08-26
Le Chapeau Cloche,+44 20 7062 5031,"3 Theberton street, London",salon,London,GB,No website listed on OpenStreetMap for this salon - potential web design / marketing lead.,2026-08-26
Habsburg & Bourbon,+44 20 7384 5294,"3 Farm Lane, London, SW6 1PU",salon,London,GB,No website listed on OpenStreetMap for this salon - potential web design / marketing lead.,2026-08-26
Fulham Barbers,+44 20 7386 5450,"8 Farm Lane, London, SW6 1PP",salon,London,GB,No website listed on OpenStreetMap for this salon - potential web design / marketing lead.,2026-08-26
Marco's,+44 20 7485 6284,London,salon,London,GB,No website listed on OpenStreetMap for this salon - potential web design / marketing lead.,2026-08-26
Palushi's Gents Haidressers,+44 20 7482 2578,"9 Southampton Road, London, NW5 4JS",salon,London,GB,No website listed on OpenStreetMap for this salon - potential web design / marketing lead.,2026-08-26
elisabeth jay,+44 20 7485 3039,"148, London",salon,London,GB,No website listed on OpenStreetMap for this salon - potential web design / marketing lead.,2026-08-26
Kayjay Hair & Beauty Salon,+44 20 8616 9502,London,salon,London,GB,No website listed on OpenStreetMap for this salon - potential web design / marketing lead.,2026-08-26
The Tanning Shop,+44 20 7930 7384,"1 The Arches, London, WC2N 6NG",salon,London,GB,No website listed on OpenStreetMap for this salon - potential web design / marketing lead.,2026-08-26
Holborn Nails & Beauty,+44 20 7831 6222,"57 Red Lion Street, London, WC1R 4PD",salon,London,GB,No website listed on OpenStreetMap for this salon - potential web design / marketing lead.,2026-08-26
Hair Central,+44 20 7405 5965,"55a Red Lion Street, London, WC1R 4PD",salon,London,GB,No website listed on OpenStreetMap for this salon - potential web design / marketing lead.,2026-08-26
Gossip,+44 20 7089 9333,"20 Marshalsea Road, London",salon,London,GB,No website listed on OpenStreetMap for this salon - potential web design / marketing lead.,2026-08-26
Camden Barbers,+44 20 3662 5328,"22 Camden Road, London",salon,London,GB,No website listed on OpenStreetMap for this salon - potential web design / marketing lead.,2026-08-26
Flickers,+44 204850066,"28 Camden Road, London",salon,London,GB,No website listed on OpenStreetMap for this salon - potential web design / marketing lead.,2026-08-26
Hair on the hill,+44 20 8340 7413,"22 Crouch End Hill, London",salon,London,GB,No website listed on OpenStreetMap for this salon - potential web design / marketing lead.,2026-08-26
Crescent Hair Studio for men,+44 20 8364 6951,"101 Lancaster Road, London",salon,London,GB,No website listed on OpenStreetMap for this salon - potential web design / marketing lead.,2026-08-26
Natural Hair,+44 20 7263 0714,"744B Holloway Road, London",salon,London,GB,No website listed on OpenStreetMap for this salon - potential web design / marketing lead.,2026-08-26
Toni & Guy,+44 20 8759 1199,"29 The Broadway, London, W5 2NP",salon,London,GB,No website listed on OpenStreetMap for this salon - potential web design / marketing lead.,2026-08-26
2Glow Aesthetics,+44 20 3441 4820,"18 Queens Parade, London, W5 3HU",salon,London,GB,No website listed on OpenStreetMap for this salon - potential web design / marketing lead.,2026-08-26
John's Barbers,+44 20 8567 1959,"82 South Ealing Road, London",salon,London,GB,No website listed on OpenStreetMap for this salon - potential web design / marketing lead.,2026-08-26
Franco & Co,+44 20 7253 8188,London,salon,London,GB,No website listed on OpenStreetMap for this salon - potential web design / marketing lead.,2026-08-26
The Beauty Spot,01895 42232,London,salon,London,GB,No website listed on OpenStreetMap for this salon - potential web design / marketing lead.,2026-08-26
Touch,+44 20 7251 6465,"291 City Road, London",salon,London,GB,No website listed on OpenStreetMap for this salon - potential web design / marketing lead.,2026-08-26
Istanbul Image,+44 20 7272 4248,"677 Holloway Road, London",salon,London,GB,No website listed on OpenStreetMap for this salon - potential web design / marketing lead.,2026-08-26
Sun City,+44 20 7253 1957,"293 City Road, London",salon,London,GB,No website listed on OpenStreetMap for this salon - potential web design / marketing lead.,2026-08-26
KS Hair Book,+44 20 3441 2900,"17 Westbourne Grove, London",salon,London,GB,No website listed on OpenStreetMap for this salon - potential web design / marketing lead.,2026-08-26
Sultan Hair & Beauty,+44 20 7341 7766,"115 Earl's Court Road, London",salon,London,GB,No website listed on OpenStreetMap for this salon - potential web design / marketing lead.,2026-08-26
Geezers,+44 20 8429 0304,"54A Bridge Street, London",salon,London,GB,No website listed on OpenStreetMap for this salon - potential web design / marketing lead.,2026-08-26
Vaishali,+44 20 3302 9737,"177, Pinner, HA5 5PB",salon,London,GB,No website listed on OpenStreetMap for this salon - potential web design / marketing lead.,2026-08-26
Barber Zone,+44 20 8427 6777,London,salon,London,GB,No website listed on OpenStreetMap for this salon - potential web design / marketing lead.,2026-08-26
Andreas Barbers,+44 20 8871 9876,"461 Garratt Lane, London, SW18 4SL",salon,London,GB,No website listed on OpenStreetMap for this salon - potential web design / marketing lead.,2026-08-26
Cristopher Lane,+44 20 7935 6619,London,salon,London,GB,No website listed on OpenStreetMap for this salon - potential web design / marketing lead.,2026-08-26
Glam,+44 20 8427 3533,"356 Station Road, Harrow, HA1 2DE",salon,London,GB,No website listed on OpenStreetMap for this salon - potential web design / marketing lead.,2026-08-26
Robert E Lee Hair & Beauty,+44 20 7515 5372,"261 Poplar High Street, London, E14 0BE",salon,London,GB,No website listed on OpenStreetMap for this salon - potential web design / marketing lead.,2026-08-26
Maru,+44 20 8728 9302,"162 Greenford Road, Harrow",salon,London,GB,No website listed on OpenStreetMap for this salon - potential web design / marketing lead.,2026-08-26
Radina,+44 20 7602 9892,"212 Blythe Road, London",salon,London,GB,No website listed on OpenStreetMap for this salon - potential web design / marketing lead.,2026-08-26
Beyond Bronzed Salon,+44 20 7515 3231,"25 Castalia Square, London, E14 3PQ",salon,London,GB,No website listed on OpenStreetMap for this salon - potential web design / marketing lead.,2026-08-26
Selam,+44 20 7272 4242,"242 Hornsey Road, London",salon,London,GB,No website listed on OpenStreetMap for this salon - potential web design / marketing lead.,2026-08-26
Merric Barbers,+44 7943 144736,London,salon,London,GB,No website listed on OpenStreetMap for this salon - potential web design / marketing lead.,2026-08-26
Crystal Nails,+44 20 8989 8994,"95 George Lane, London",salon,London,GB,No website listed on OpenStreetMap for this salon - potential web design / marketing lead.,2026-08-26
Inspiration,+44 20 8532 9164,"99 George Lane, London",salon,London,GB,No website listed on OpenStreetMap for this salon - potential web design / marketing lead.,2026-08-26
Beauty Stop,+44 20 8530 3141,"George Lane, London",salon,London,GB,No website listed on OpenStreetMap for this salon - potential web design / marketing lead.,2026-08-26
Lis Henderson,+44 20 8518 8363,"119 George Lane, London",salon,London,GB,No website listed on OpenStreetMap for this salon - potential web design / marketing lead.,2026-08-26
TJ's Hair Salon,+44 20 8518 8100,"180-182 George Lane, London, E18 1AY",salon,London,GB,No website listed on OpenStreetMap for this salon - potential web design / marketing lead.,2026-08-26
Zack's Barber Shop,+44 20 8989 9550,"152 George Lane, London",salon,London,GB,No website listed on OpenStreetMap for this salon - potential web design / marketing lead.,2026-08-26
John's Hairstyling for men,+44 71 251 8023,"63 Nile Street, London",salon,London,GB,No website listed on OpenStreetMap for this salon - potential web design / marketing lead.,2026-08-26
Reuben's,+44 20 7253 6696,"59a Nile Street, London",salon,London,GB,No website listed on OpenStreetMap for this salon - potential web design / marketing lead.,2026-08-26
Tranquility,+44 20 8989 2349,"26 High Road, London, E18 2QL",salon,London,GB,No website listed on OpenStreetMap for this salon - potential web design / marketing lead.,2026-08-26
One Stop Nails,+44 20 8536 4277,"High Road, London, E18 2QL",salon,London,GB,No website listed on OpenStreetMap for this salon - potential web design / marketing lead.,2026-08-26
The Fringe,+44 20 7738 3940,London,salon,London,GB,No website listed on OpenStreetMap for this salon - potential web design / marketing lead.,2026-08-26
Agy's Barber Shop,+44 20 8989 9231,"72c George Lane, London, E18 1JJ",salon,London,GB,No website listed on OpenStreetMap for this salon - potential web design / marketing lead.,2026-08-26
The Retreat,+44 20 8530 2962,"84 George Lane, London",salon,London,GB,No website listed on OpenStreetMap for this salon - potential web design / marketing lead.,2026-08-26
Hair Male,+44 20 8559 2100,"143 High Road, London, E18 2PA",salon,London,GB,No website listed on OpenStreetMap for this salon - potential web design / marketing lead.,2026-08-26
Diamante,+44 20 8777 5846,"99 Station Road, London",salon,London,GB,No website listed on OpenStreetMap for this salon - potential web design / marketing lead.,2026-08-26
Changes,+44 20 8997 4916,"6 The Avenue, London",salon,London,GB,No website listed on OpenStreetMap for this salon - potential web design / marketing lead.,2026-08-26
Adorn Hair and Beauty,+44 20 8864 8272,"1275 Greenford Road, Greenford, UB6 0HY",salon,London,GB,No website listed on OpenStreetMap for this salon - potential web design / marketing lead.,2026-08-26
Cleopatra Hair & Beauty Parlour,+44 20 8422 7238,"1271 Greenford Road, Greenford, UB6 0HY",salon,London,GB,No website listed on OpenStreetMap for this salon - potential web design / marketing lead.,2026-08-26
Amir Salon,+44 20 7724 6990,"17 New Quebec Street, London",salon,London,GB,No website listed on OpenStreetMap for this salon - potential web design / marketing lead.,2026-08-26
The Wolf,+44 20 8352 2584,"331 Green Lanes, London, N4 1DZ",salon,London,GB,No website listed on OpenStreetMap for this salon - potential web design / marketing lead.,2026-08-26
Semra,+44 20 8800 6932,"333 Green Lanes, London, N4 1DZ",salon,London,GB,No website listed on OpenStreetMap for this salon - potential web design / marketing lead.,2026-08-26
Mehmet's Hair & Beauty,+44 20 8348 4081,"535 Green Lanes, London, N8 0RL",salon,London,GB,No website listed on OpenStreetMap for this salon - potential web design / marketing lead.,2026-08-26
Eligant Style,+44 7960 591100,"235a Preston Road, Wembley",salon,London,GB,No website listed on OpenStreetMap for this salon - potential web design / marketing lead.,2026-08-26
Preston nails and beauty,+44 20 8127 5610,"197 Preston Road, Wembley",salon,London,GB,No website listed on OpenStreetMap for this salon - potential web design / marketing lead.,2026-08-26
Anaya,+44 20 8908 9100,"322 Preston Road, Wembley",salon,London,GB,No website listed on OpenStreetMap for this salon - potential web design / marketing lead.,2026-08-26
Frankie's,+44 20 8908 1573,"286 Preston Road, Harrow, HA3 0QA",salon,London,GB,No website listed on OpenStreetMap for this salon - potential web design / marketing lead.,2026-08-26
Saacha's,+44 20 7222 3201,"23 Artillery Row, London",salon,London,GB,No website listed on OpenStreetMap for this salon - potential web design / marketing lead.,2026-08-26
Dora Beauty Clinic,+44 20 8363 3734,"159 Bramley Road, London, N14 4XA",salon,London,GB,No website listed on OpenStreetMap for this salon - potential web design / marketing lead.,2026-08-26
Genius Hair Studio,+44 20 8362 9800,"165 Bramley Road, London, N14 4XA",salon,London,GB,No website listed on OpenStreetMap for this salon - potential web design / marketing lead.,2026-08-26
Studio,+44 20 8904 1314,"274 Preston Road, Wembley",salon,London,GB,No website listed on OpenStreetMap for this salon - potential web design / marketing lead.,2026-08-26
Visage Hair & Beauty,+44 20 8850 9011,"Footscray Road, London",salon,London,GB,No website listed on OpenStreetMap for this salon - potential web design / marketing lead.,2026-08-26
Hard Az Nailz,+44 20 7281 3022,"165 Stroud Green Road, London",salon,London,GB,No website listed on OpenStreetMap for this salon - potential web design / marketing lead.,2026-08-26
C & C Feestyle Hair Studio,+44 7787 404684;+44 7931 096862,"3 Carlton Parade, Wembley, HA9 8NE",salon,London,GB,No website listed on OpenStreetMap for this salon - potential web design / marketing lead.,2026-08-26
A Touch of Class,+44 20 8852 1127,"21 Lee High Road, London",salon,London,GB,No website listed on OpenStreetMap for this salon - potential web design / marketing lead.,2026-08-26
Imran,+44 20 8422 1853,"Northolt Road, London",salon,London,GB,No website listed on OpenStreetMap for this salon - potential web design / marketing lead.,2026-08-26
ID Beauty Salon,+44 20 7419 9601,London,salon,London,GB,No website listed on OpenStreetMap for this salon - potential web design / marketing lead.,2026-08-26
Kim's nail bar,+44 20 8551 7536,"6 High Street, London",salon,London,GB,No website listed on OpenStreetMap for this salon - potential web design / marketing lead.,2026-08-26
Vanity,+44 20 8551 1552,"16 High Street, London",salon,London,GB,No website listed on OpenStreetMap for this salon - potential web design / marketing lead.,2026-08-26
Cutting Crew,+44 20 7793 9777,"346 Kennington Lane, London",salon,London,GB,No website listed on OpenStreetMap for this salon - potential web design / marketing lead.,2026-08-26
Masculine Grooming,+44 20 7207 7043,"342 Kennington Lane, London",salon,London,GB,No website listed on OpenStreetMap for this salon - potential web design / marketing lead.,2026-08-26
Chats Nails,+44 20 3524 4759,"17 Chatsworth Road, London, E5 0LH",salon,London,GB,No website listed on OpenStreetMap for this salon - potential web design / marketing lead.,2026-08-26
A Cut Above (17),+44 20 8997 6040,"17 Castle Hill Parade, London",salon,London,GB,No website listed on OpenStreetMap for this salon - potential web design / marketing lead.,2026-08-26
Exstatic,+44 20 7735 9900,"309 Kennington Road, London",salon,London,GB,No website listed on OpenStreetMap for this salon - potential web design / marketing lead.,2026-08-26
Illusions,+44 20 8691 1198,"372 Brockley Road, London",salon,London,GB,No website listed on OpenStreetMap for this salon - potential web design / marketing lead.,2026-08-26
Someone Very Beautiful,+44 20 8291 5555,"398 Brockley Road, London",salon,London,GB,No website listed on OpenStreetMap for this salon - potential web design / marketing lead.,2026-08-26
Moreton Place,+44 20 7821 1020,"40 Moreton Street, London",salon,London,GB,No website listed on OpenStreetMap for this salon - potential web design / marketing lead.,2026-08-26
Scissors,+44 20 8904 1488,"120 Windermere Avenue, Wembley",salon,London,GB,No website listed on OpenStreetMap for this salon - potential web design / marketing lead.,2026-08-26
Muna Hair & Beauty,+44 20 7639 4964,"182 Peckham High Street, London",salon,London,GB,No website listed on OpenStreetMap for this salon - potential web design / marketing lead.,2026-08-26
Nails Design,+44 20 7792 0370,"25 Porchester Road, London",salon,London,GB,No website listed on OpenStreetMap for this salon - potential web design / marketing lead.,2026-08-26
Joanne Chandler,+44 20 8337 2371,"360 Malden Road, London",salon,London,GB,No website listed on OpenStreetMap for this salon - potential web design / marketing lead.,2026-08-26
Jazz Barbers,+44 20 8330 4539,"368 Malden Road, London",salon,London,GB,No website listed on OpenStreetMap for this salon - potential web design / marketing lead.,2026-08-26
Glamma City,+44 7522 198954,"370B Malden Road, London",salon,London,GB,No website listed on OpenStreetMap for this salon - potential web design / marketing lead.,2026-08-26
Glamourpuss Nails & Beauty,+44 20 8368 7853,London,salon,London,GB,No website listed on OpenStreetMap for this salon - potential web design / marketing lead.,2026-08-26
Nails,+44 20 8368 3965,"Friern Barnet Road, London, N11 3DA",salon,London,GB,No website listed on OpenStreetMap for this salon - potential web design / marketing lead.,2026-08-26
Luna Barbers,+44 20 7359 7581,London,salon,London,GB,No website listed on OpenStreetMap for this salon - potential web design / marketing lead.,2026-08-26
Get Smart,+44 1895 437657,"65 Station Road, West Drayton, UB7 7LR",salon,London,GB,No website listed on OpenStreetMap for this salon - potential web design / marketing lead.,2026-08-26
Cher's Beauty,+44 20 8466 6552,"314 Pickhurst Lane, West Wickham, BR4 0HT",salon,London,GB,No website listed on OpenStreetMap for this salon - potential web design / marketing lead.,2026-08-26
Reeds of London,+44 20 7981 9814,"109 Waterloo Road, London",salon,London,GB,No website listed on OpenStreetMap for this salon - potential web design / marketing lead.,2026-08-26
Nails & Spa,+44 20 8809 0988,"357 Green Lanes, London, N4 1DZ",salon,London,GB,No website listed on OpenStreetMap for this salon - potential web design / marketing lead.,2026-08-26
Brazilian Keratin Studio,+44 7835 804320,"1102 Harrow Road, London",salon,London,GB,No website listed on OpenStreetMap for this salon - potential web design / marketing lead.,2026-08-26
Hair by The Collective,+44 20 7487 3328,"16 Marylebone Street, London",salon,London,GB,No website listed on OpenStreetMap for this salon - potential web design / marketing lead.,2026-08-26
Katie's Nails,+44 20 8898 1130,"16A Staines Road, Twickenham, TW2 5AH",salon,London,GB,No website listed on OpenStreetMap for this salon - potential web design / marketing lead.,2026-08-26
Nea Hair and Beauty,+44 20 8898 2569,"12 Staines Road, Twickenham, TW2 5AH",salon,London,GB,No website listed on OpenStreetMap for this salon - potential web design / marketing lead.,2026-08-26
G.E.N.T.,+44 20 8660 0188,"4-6 Whytecliffe Road South, Purley, CR8 2AU",salon,London,GB,No website listed on OpenStreetMap for this salon - potential web design / marketing lead.,2026-08-26
Diane's Hair & Beauty,+44 20 8660 3973,"6 High Street, Purley, CR8 2AA",salon,London,GB,No website listed on OpenStreetMap for this salon - potential web design / marketing lead.,2026-08-26
Sonia's Beauty,+44 20 8668 6868,"46 High Street, Purley, CR8 2AA",salon,London,GB,No website listed on OpenStreetMap for this salon - potential web design / marketing lead.,2026-08-26
Top Teen Nails,+44 20 8668 0246,"9 High Street, Purley, CR8 2AF",salon,London,GB,No website listed on OpenStreetMap for this salon - potential web design / marketing lead.,2026-08-26
CareEssence,+44 20 7998 3459,"919 Brighton Road, Purley, CR8 2BP",salon,London,GB,No website listed on OpenStreetMap for this salon - potential web design / marketing lead.,2026-08-26
Arya Hair Boutique,+44 20 8668 9689,"10 Russell Hill Road, Purley, CR8 2LA",salon,London,GB,No website listed on OpenStreetMap for this salon - potential web design / marketing lead.,2026-08-26
Ultima Hair Design,+44 20 7253 0464,"30 Goswell Road, London, EC1M 7AA",salon,London,GB,No website listed on OpenStreetMap for this salon - potential web design / marketing lead.,2026-08-26
Beauty Nest & Nail Care,+44 20 7586 2266,"12B Northways Parade, London",salon,London,GB,No website listed on OpenStreetMap for this salon - potential web design / marketing lead.,2026-08-26
Go Glam,+44 20 7233 3777,"35 Strutton Ground, London",salon,London,GB,No website listed on OpenStreetMap for this salon - potential web design / marketing lead.,2026-08-26
Pristine Nails & Beauty,+44 20 8740 8566,"70 Goldhawk Road, London, W12 8HA",salon,London,GB,No website listed on OpenStreetMap for this salon - potential web design / marketing lead.,2026-08-26
Charlie's Hair & Beauty,+44 20 8743 6868,"67 Goldhawk Road, London, W12 8EG",salon,London,GB,No website listed on OpenStreetMap for this salon - potential web design / marketing lead.,2026-08-26
Cynthia Mitchell,+44 20 8749 5223,"58 Goldhawk Road, London, W12 8HA",salon,London,GB,No website listed on OpenStreetMap for this salon - potential web design / marketing lead.,2026-08-26
Askew Cuts,+44 7588 646638,"256 Goldhawk Road, London",salon,London,GB,No website listed on OpenStreetMap for this salon - potential web design / marketing lead.,2026-08-26
Hair Teknik,+44 20 8743 5958,"246 Goldhawk Road, London",salon,London,GB,No website listed on OpenStreetMap for this salon - potential web design / marketing lead.,2026-08-26
Riverside Hair,+44 20 7620 4567,London,salon,London,GB,No website listed on OpenStreetMap for this salon - potential web design / marketing lead.,2026-08-26
Hair Co,+44 20 3581 2425,"179 Uxbridge Road, London, W12 9RA",salon,London,GB,No website listed on OpenStreetMap for this salon - potential web design / marketing lead.,2026-08-26
Scissor Palace Saloon Basil,+44 20 8740 1613,"408 Uxbridge Road, London, W12 0NP",salon,London,GB,No website listed on OpenStreetMap for this salon - potential web design / marketing lead.,2026-08-26
Pomme Pe'Dour,+44 20 8748 7968,"14c Hammersmith Broadway, London",salon,London,GB,No website listed on OpenStreetMap for this salon - potential web design / marketing lead.,2026-08-26
CC Creations,+44 20 4501 0409,London,salon,London,GB,No website listed on OpenStreetMap for this salon - potential web design / marketing lead.,2026-08-26
Hair Control,+44 20 8838 1488,"78 Craven Park Road, London",salon,London,GB,No website listed on OpenStreetMap for this salon - potential web design / marketing lead.,2026-08-26
Simply Gorgeous,+44 20 7625 4500,"79 Kingsgate Road, London",salon,London,GB,No website listed on OpenStreetMap for this salon - potential web design / marketing lead.,2026-08-26
Victorious,+442085090998,"76 Markhouse Road, London, E17 8BG",salon,London,GB,No website listed on OpenStreetMap for this salon - potential web design / marketing lead.,2026-08-26
Magic Nails,+44 20 8778 8564,"High Street, Penge",salon,London,GB,No website listed on OpenStreetMap for this salon - potential web design / marketing lead.,2026-08-26
Me 'Lange,+44 7538539239,"81 High Street, Penge",salon,London,GB,No website listed on OpenStreetMap for this salon - potential web design / marketing lead.,2026-08-26
The Nail Bar,+44 20 3601 9070,"244 Kennington Park Road, London, SE11 4DA",salon,London,GB,No website listed on OpenStreetMap for this salon - potential web design / marketing lead.,2026-08-26
Lux Unisex Hair Salon,+44 20 8560 0388,London,salon,London,GB,No website listed on OpenStreetMap for this salon - potential web design / marketing lead.,2026-08-26
Afreen,+44 20 7392 7636,"193A Whitechapel Road, London, E1 1DN",salon,London,GB,No website listed on OpenStreetMap for this salon - potential web design / marketing lead.,2026-08-26
HBDC,+44 20 8960 6740,"Kilburn Lane, London",salon,London,GB,No website listed on OpenStreetMap for this salon - potential web design / marketing lead.,2026-08-26
Elite Hair & Beauty,+44 20 8340 7837,"653 Green Lanes, London, N8 0QY",salon,London,GB,No website listed on OpenStreetMap for this salon - potential web design / marketing lead.,2026-08-26
Mino Vo,+44 20 8347 9973,"411 Green Lanes, London, N4 1EY",salon,London,GB,No website listed on OpenStreetMap for this salon - potential web design / marketing lead.,2026-08-26
Hasi Barber,+44 20 8340 0885,"5 Queens Parade, London, N8 0RD",salon,London,GB,No website listed on OpenStreetMap for this salon - potential web design / marketing lead.,2026-08-26
Tufnell Barbers,+44 7840 976774,"235 Brecknock Road, London",salon,London,GB,No website listed on OpenStreetMap for this salon - potential web design / marketing lead.,2026-08-26
Katy's Nails,+44 20 7402 6120,"33 Spring Street, London",salon,London,GB,No website listed on OpenStreetMap for this salon - potential web design / marketing lead.,2026-08-26
New York Nails,+44 20 8525 8161,London,salon,London,GB,No website listed on OpenStreetMap for this salon - potential web design / marketing lead.,2026-08-26
Dynasty London Barbers,+44 20 8503 0765,"62 Leytonstone Road, London, E15 1SQ",salon,London,GB,No website listed on OpenStreetMap for this salon - potential web design / marketing lead.,2026-08-26
Flex Hair Studio,+44 20 8215 0055,"182 The Grove, London, E15 1NS",salon,London,GB,No website listed on OpenStreetMap for this salon - potential web design / marketing lead.,2026-08-26
Rolando at Hairshare Salons,+44 20 8422 1985,London,salon,London,GB,No website listed on OpenStreetMap for this salon - potential web design / marketing lead.,2026-08-26
Terry's Beauty Salon,+44 20 7625 5535,"27 Willesden Lane, London",salon,London,GB,No website listed on OpenStreetMap for this salon - potential web design / marketing lead.,2026-08-26
Mabrouka,+44 7769 210206,London,salon,London,GB,No website listed on OpenStreetMap for this salon - potential web design / marketing lead.,2026-08-26
Sephoras Fame,+44 20 8340 0100,"202 Archway Road, London",salon,London,GB,No website listed on OpenStreetMap for this salon - potential web design / marketing lead.,2026-08-26
St. Newton Ventures,+44 20 7274 0967,"184 Coldharbour Lane, London, SE5 9QH",salon,London,GB,No website listed on OpenStreetMap for this salon - potential web design / marketing lead.,2026-08-26
Harry's Studio,+44 20 8617 9170,"318 Northfield Avenue, London, W5 4UB",salon,London,GB,No website listed on OpenStreetMap for this salon - potential web design / marketing lead.,2026-08-26
Southwark Barbers,+44 20 3638 7272,"50B Southwark Bridge Road, London",salon,London,GB,No website listed on OpenStreetMap for this salon - potential web design / marketing lead.,2026-08-26
Dulwich Laser Beauty Clinic,+44 20 8299 0900,London,salon,London,GB,No website listed on OpenStreetMap for this salon - potential web design / marketing lead.,2026-08-26
Camberwell Barbers,+44 20 7738 5711,"16 Denmark Hill, London, SE5 8RZ",salon,London,GB,No website listed on OpenStreetMap for this salon - potential web design / marketing lead.,2026-08-26
Reecey Roo's,+44 20 7701 4721,"9 Camberwell Green, London",salon,London,GB,No website listed on OpenStreetMap for this salon - potential web design / marketing lead.,2026-08-26
Live True,+44 20 7924 9506,London,salon,London,GB,No website listed on OpenStreetMap for this salon - potential web design / marketing lead.,2026-08-26
Taper Time,+44 20 3062 4406,"34 Knight's Hill, London",salon,London,GB,No website listed on OpenStreetMap for this salon - potential web design / marketing lead.,2026-08-26
Jackie Brown,+44 20 8670 7188,"252 Norwood Road, London, SE27 9AJ",salon,London,GB,No website listed on OpenStreetMap for this salon - potential web design / marketing lead.,2026-08-26
Iconic Barbers,+44 20 8761 3266,"326 Norwood Road, London, SE27 9AF",salon,London,GB,No website listed on OpenStreetMap for this salon - potential web design / marketing lead.,2026-08-26
Thai Silk,+44 20 8761 6045,"477 Norwood Road, London, SE27 9DJ",salon,London,GB,No website listed on OpenStreetMap for this salon - potential web design / marketing lead.,2026-08-26
Emmy's at Salon 382,+44 20 8670 9754,"382 Norwood Road, London, SE27 9AA",salon,London,GB,No website listed on OpenStreetMap for this salon - potential web design / marketing lead.,2026-08-26
Tresses,+44 20 3652 7694,"386 Norwood Road, London, SE27 9AA",salon,London,GB,No website listed on OpenStreetMap for this salon - potential web design / marketing lead.,2026-08-26
French Rose Nails,+44 20 8429 3535,"473 Alexandra Avenue, London",salon,London,GB,No website listed on OpenStreetMap for this salon - potential web design / marketing lead.,2026-08-26
Petros Hair Salon,+44 20 8866 3920,"90 Field End Road, Pinner, HA5 1RL",salon,London,GB,No website listed on OpenStreetMap for this salon - potential web design / marketing lead.,2026-08-26
Elysium Hair & Beauty Medispa,+44 1923 822500,"6 Joel Street, London",salon,London,GB,No website listed on OpenStreetMap for this salon - potential web design / marketing lead.,2026-08-26
Julia,+44 20 8318 1331,"314 Lee High Road, London, SE13 5PJ",salon,London,GB,No website listed on OpenStreetMap for this salon - potential web design / marketing lead.,2026-08-26
Doreen Hair Fashions,+44 20 7272 4105,"18-19 Stroud Green Road, London",salon,London,GB,No website listed on OpenStreetMap for this salon - potential web design / marketing lead.,2026-08-26
The Piccadilly Shaving Co. Ltd,+44 20 3667 3793,"180 Piccadilly, London, W1J 9HF",salon,London,GB,No website listed on OpenStreetMap for this salon - potential web design / marketing lead.,2026-08-26
Rai Morai,+44 7970 384720,"2 Condell Road, London, SW8 4JA",salon,London,GB,No website listed on OpenStreetMap for this salon - potential web design / marketing lead.,2026-08-26
Kaz Signature Ltd,+44 7311 587478,London,salon,London,GB,No website listed on OpenStreetMap for this salon - potential web design / marketing lead.,2026-08-26
Steven Carey,+44 20 7495 9040,"22 Maddox Street, London",salon,London,GB,No website listed on OpenStreetMap for this salon - potential web design / marketing lead.,2026-08-26
Jasmine Nails & Beauty,+44 20 8660 7272,"924 Brighton Road, Purley, CR8 2LN",salon,London,GB,No website listed on OpenStreetMap for this salon - potential web design / marketing lead.,2026-08-26
Stella's Four Seasons,+44 20 8347 0808,London,salon,London,GB,No website listed on OpenStreetMap for this salon - potential web design / marketing lead.,2026-08-26
Ted's Grooming Room,+44 20 3397 9966,"5 Avery Row, London",salon,London,GB,No website listed on OpenStreetMap for this salon - potential web design / marketing lead.,2026-08-26
The Nail Box,+44 20 8617 1441,"53 Willesden Lane, London",salon,London,GB,No website listed on OpenStreetMap for this salon - potential web design / marketing lead.,2026-08-26
Elegant Sheek Beauty Specialist,+44 20 8656 7711,"279 Lower Addiscombe Road, Croydon, CR0 6RE",salon,London,GB,No website listed on OpenStreetMap for this salon - potential web design / marketing lead.,2026-08-26
Nasim Unisex Hair Salon,+44 20 8654 6034,"277 Lower Addiscombe Road, Croydon, CR0 6RE",salon,London,GB,No website listed on OpenStreetMap for this salon - potential web design / marketing lead.,2026-08-26
The Beauty Lounge,+44 20 8651 3995,"39 Elmfield Way, South Croydon, CR2 0EJ",salon,London,GB,No website listed on OpenStreetMap for this salon - potential web design / marketing lead.,2026-08-26
HQ Nails,+44 20 8405 3083,"148 Cherry Orchard Road, Croydon, CR0 6BB",salon,London,GB,No website listed on OpenStreetMap for this salon - potential web design / marketing lead.,2026-08-26
Aventura's Barbers,+44 20 8688 5864,"131c Cherry Orchard Road, Croydon, CR0 6BE",salon,London,GB,No website listed on OpenStreetMap for this salon - potential web design / marketing lead.,2026-08-26
Luxe Lounge,+44 7586 528283,"84 Godstone Road, Kenley, CR8 5AA",salon,London,GB,No website listed on OpenStreetMap for this salon - potential web design / marketing lead.,2026-08-26
Christina's Nail Spa,+44 20 7493 0098,"36 Shepherd Market, London",salon,London,GB,No website listed on OpenStreetMap for this salon - potential web design / marketing lead.,2026-08-26
Jack The Clipper,+44 28 3602 2427,"5 Shepherd Market, London",salon,London,GB,No website listed on OpenStreetMap for this salon - potential web design / marketing lead.,2026-08-26
Peter Neale,+44 20 8654 2771,"272 Wickham Road, Croydon, CR0 8BJ",salon,London,GB,No website listed on OpenStreetMap for this salon - potential web design / marketing lead.,2026-08-26
Mr Cutz,+44 20 7228 7391,London,salon,London,GB,No website listed on OpenStreetMap for this salon - potential web design / marketing lead.,2026-08-26
Headmasters,+44 20 8452 7877,"255 Neasden Lane, London",salon,London,GB,No website listed on OpenStreetMap for this salon - potential web design / marketing lead.,2026-08-26
Valerie,+44 20 3659 6327,"112 High Road Leyton, London",salon,London,GB,No website listed on OpenStreetMap for this salon - potential web design / marketing lead.,2026-08-26
Glow,+44 20 8988 0753,"108 High Road Leyton, London",salon,London,GB,No website listed on OpenStreetMap for this salon - potential web design / marketing lead.,2026-08-26
Charlie's Barber,+44 20 8556 5557,"120 High Road Leyton, London, E15 2BX",salon,London,GB,No website listed on OpenStreetMap for this salon - potential web design / marketing lead.,2026-08-26
Style's,+44 20 8279 4935,"150 High Road Leyton, London, E15 2BX",salon,London,GB,No website listed on OpenStreetMap for this salon - potential web design / marketing lead.,2026-08-26
T. Barbers,+44 20 3489 4471,"259 Wick Road, London, E9 5DG",salon,London,GB,No website listed on OpenStreetMap for this salon - potential web design / marketing lead.,2026-08-26
Goodfellas,+44 20 8944 5188,"476 Garratt Lane, London, SW18 4HJ",salon,London,GB,No website listed on OpenStreetMap for this salon - potential web design / marketing lead.,2026-08-26
Earlsfield Barber Shop,+44 20 3417 0117,"557 Garratt Lane, London, SW18 4SR",salon,London,GB,No website listed on OpenStreetMap for this salon - potential web design / marketing lead.,2026-08-26
We Love Nails,+44 20 8360 2777,"754 Green Lanes, London",salon,London,GB,No website listed on OpenStreetMap for this salon - potential web design / marketing lead.,2026-08-26
Room 32 Hair and Beauty,+44 20 7935 3550,"32 Chiltern Street, London, W1U 7QQ",salon,London,GB,No website listed on OpenStreetMap for this salon - potential web design / marketing lead.,2026-08-26
Heavenly,+44 20 8698 8481,"125 Rushey Green, London, SE6 4AA",salon,London,GB,No website listed on OpenStreetMap for this salon - potential web design / marketing lead.,2026-08-26
Exodus 1,+44 20 3302 4076,London,salon,London,GB,No website listed on OpenStreetMap for this salon - potential web design / marketing lead.,2026-08-26
Cat Toc Nam Nu,+44 7424 188147,"49 Peckham High Street, London",salon,London,GB,No website listed on OpenStreetMap for this salon - potential web design / marketing lead.,2026-08-26
American Golden Nails,+44 1689 874006,"146 High Street, Orpington, BR6 0JR",salon,London,GB,No website listed on OpenStreetMap for this salon - potential web design / marketing lead.,2026-08-26
Elegant Hair Care,+44 20 3719 4020,"195 Lea Bridge Road, London",salon,London,GB,No website listed on OpenStreetMap for this salon - potential web design / marketing lead.,2026-08-26
Styles Barber,+44 20 3105 5357,"311 Lea Bridge Road, London, E10 7NE",salon,London,GB,No website listed on OpenStreetMap for this salon - potential web design / marketing lead.,2026-08-26
Geddes Hair and Beauty,+44 20 8690 0509,London,salon,London,GB,No website listed on OpenStreetMap for this salon - potential web design / marketing lead.,2026-08-26
Luxury Nails,+44 74880558 888,"83 Broadway, London",salon,London,GB,No website listed on OpenStreetMap for this salon - potential web design / marketing lead.,2026-08-26
Innovations Hair Studio,+44 20 8579 4001,"4 Melbourne Avenue, London",salon,London,GB,No website listed on OpenStreetMap for this salon - potential web design / marketing lead.,2026-08-26
Abbey Barbers,+44 20 7258 1134,"60 Church Street, London",salon,London,GB,No website listed on OpenStreetMap for this salon - potential web design / marketing lead.,2026-08-26
Fre Hair And Beauty,+44 7576 970464,"65 Turnpike Lane, London, N8 0EE",salon,London,GB,No website listed on OpenStreetMap for this salon - potential web design / marketing lead.,2026-08-26
Vivi Nail Spa,+44 20 7586 0688,"49 Charlbert Street, London",salon,London,GB,No website listed on OpenStreetMap for this salon - potential web design / marketing lead.,2026-08-26
Hair By Partners,+44 20 7483 3337,"100-101 St John's Wood Terrace, London",salon,London,GB,No website listed on OpenStreetMap for this salon - potential web design / marketing lead.,2026-08-26
Sam The Barber,+44 20 8621 4040,"149 Uxbridge Road, London",salon,London,GB,No website listed on OpenStreetMap for this salon - potential web design / marketing lead.,2026-08-26
Hair by Masters,+44 20 7624 5440,"251 Elgin Avenue, London",salon,London,GB,No website listed on OpenStreetMap for this salon - potential web design / marketing lead.,2026-08-26
The Naillab,+44 20 7786 8779,"79 Castellain Road, London, W9 1EU",salon,London,GB,No website listed on OpenStreetMap for this salon - potential web design / marketing lead.,2026-08-26
Raynes Barbers,+44 20 3581 4646,London,salon,London,GB,No website listed on OpenStreetMap for this salon - potential web design / marketing lead.,2026-08-26
Gents Grooming,+44 20 8617 3810,"12 Sutherland Avenue, London",salon,London,GB,No website listed on OpenStreetMap for this salon - potential web design / marketing lead.,2026-08-26
Almo Hair Salon,+44 20 8960 5658,"340 Kilburn Lane, London",salon,London,GB,No website listed on OpenStreetMap for this salon - potential web design / marketing lead.,2026-08-26
Q Nails Bar,+44 20 8960 4242,"316 Kilburn Lane, London",salon,London,GB,No website listed on OpenStreetMap for this salon - potential web design / marketing lead.,2026-08-26
Sol's Gents Hairdressing,+44 20 8969 4325,"532 Harrow Road, London",salon,London,GB,No website listed on OpenStreetMap for this salon - potential web design / marketing lead.,2026-08-26
Izabel Hair & Beauty,+44 20 8960 3441,"584 Harrow Road, London",salon,London,GB,No website listed on OpenStreetMap for this salon - potential web design / marketing lead.,2026-08-26
New Level Cuts,+44 20 8960 1570,"435 Harrow Road, London",salon,London,GB,No website listed on OpenStreetMap for this salon - potential web design / marketing lead.,2026-08-26
Cage Barber,+44 20 7474 2990,"20 Western Gateway, London, E16 1BS",salon,London,GB,No website listed on OpenStreetMap for this salon - potential web design / marketing lead.,2026-08-26
Messy Cut,+44 20 8809 0537,"80 Grand Parade, London, N4 1DX",salon,London,GB,No website listed on OpenStreetMap for this salon - potential web design / marketing lead.,2026-08-26
Salon Jumeirah,+44 20 7723 0107,"110 Star Street, London",salon,London,GB,No website listed on OpenStreetMap for this salon - potential web design / marketing lead.,2026-08-26
Unique Style,+44 20 7262 2221,"59 Praed Street, London",salon,London,GB,No website listed on OpenStreetMap for this salon - potential web design / marketing lead.,2026-08-26
Gulf Salon,+44 7773 947777,"5 Norfolk Place, London",salon,London,GB,No website listed on OpenStreetMap for this salon - potential web design / marketing lead.,2026-08-26
Double Blessing,+44 20 8471 3100,"13 High Street South, London",salon,London,GB,No website listed on OpenStreetMap for this salon - potential web design / marketing lead.,2026-08-26
Le Golden Touch,+44 20 7018 1819,"827 High Road, London",salon,London,GB,No website listed on OpenStreetMap for this salon - potential web design / marketing lead.,2026-08-26
Hair & Beauty At 17,+44 20 7258 0852,"17 Connaught Street, London",salon,London,GB,No website listed on OpenStreetMap for this salon - potential web design / marketing lead.,2026-08-26
Nailux Beauty,+44 20 8001 3006,"298 Chiswick High Road, London",salon,London,GB,No website listed on OpenStreetMap for this salon - potential web design / marketing lead.,2026-08-26
Tanning Shop,+44 20 8747 1720,"229 Chiswick High Road, London",salon,London,GB,No website listed on OpenStreetMap for this salon - potential web design / marketing lead.,2026-08-26
Helen's Unisex Hair & Beauty Salon,+44 7397 997995,"16 Craven Terrace, London",salon,London,GB,No website listed on OpenStreetMap for this salon - potential web design / marketing lead.,2026-08-26
GeorgeG Hair and Beauty Salon,+44 20 7243 0572,"146 Queensway, London",salon,London,GB,No website listed on OpenStreetMap for this salon - potential web design / marketing lead.,2026-08-26
Skinmedic Clinic,+44 20 8566 3638,"29 Broadway, London",salon,London,GB,No website listed on OpenStreetMap for this salon - potential web design / marketing lead.,2026-08-26
Sash Hair and Beauty,+44 20 8617 0972,"31 Broadway, London",salon,London,GB,No website listed on OpenStreetMap for this salon - potential web design / marketing lead.,2026-08-26
Hari's Hairdressers,+44 20 3873 0544,"41 Ledbury Road, London",salon,London,GB,No website listed on OpenStreetMap for this salon - potential web design / marketing lead.,2026-08-26
LAB61,+44 207 243 3648,"61d Lancaster Road, London, W11 1QG",salon,London,GB,No website listed on OpenStreetMap for this salon - potential web design / marketing lead.,2026-08-26
Hed Hairdressing,+44 20 8964 2458,"326 Portobello Road, London",salon,London,GB,No website listed on OpenStreetMap for this salon - potential web design / marketing lead.,2026-08-26
Sol's Hairdressing,+44 7941 404079,"87 Golborne Road, London",salon,London,GB,No website listed on OpenStreetMap for this salon - potential web design / marketing lead.,2026-08-26
Rosa's,+44 20 8969 0309,"26 Golborne Road, London",salon,London,GB,No website listed on OpenStreetMap for this salon - potential web design / marketing lead.,2026-08-26
Kings Road Nails & Beauty,+44 20 7352 9582,"159 King's Road, London",salon,London,GB,No website listed on OpenStreetMap for this salon - potential web design / marketing lead.,2026-08-26
Damien Martin Hair,+44 20 7731 0865,"764A Fulham Road, London, SW6 5SJ",salon,London,GB,No website listed on OpenStreetMap for this salon - potential web design / marketing lead.,2026-08-26
Leninha,+44 20 7985 0602,"47 Mary Place, London",salon,London,GB,No website listed on OpenStreetMap for this salon - potential web design / marketing lead.,2026-08-26
Polish’d London Nail Bar,+44 20 7603 9181,"5 Addison Avenue, London",salon,London,GB,No website listed on OpenStreetMap for this salon - potential web design / marketing lead.,2026-08-26
Daniel Paoli,+44 7919 055270,"4 Napier Road, London",salon,London,GB,No website listed on OpenStreetMap for this salon - potential web design / marketing lead.,2026-08-26
Hair Master,+44 20 3583 7871,"131a Peel Street, London",salon,London,GB,No website listed on OpenStreetMap for this salon - potential web design / marketing lead.,2026-08-26
AIKO,+44 20 8318 6739,"27 Staplehurst Road, London, SE13 5ND",salon,London,GB,No website listed on OpenStreetMap for this salon - potential web design / marketing lead.,2026-08-26
Junior Green,+44 20 7752 0620,"55 Kensington Church Street, London",salon,London,GB,No website listed on OpenStreetMap for this salon - potential web design / marketing lead.,2026-08-26
UK barber shop,+44 20 7937 7991,"36a Kensington Church Street, London",salon,London,GB,No website listed on OpenStreetMap for this salon - potential web design / marketing lead.,2026-08-26
Kensington Nails,+44 20 7937 0284,"44a Kensington Church Street, London",salon,London,GB,No website listed on OpenStreetMap for this salon - potential web design / marketing lead.,2026-08-26
Huckle the Barber,+44 20 7831 4870,"55 Lamb's Conduit Street, London, WC1N 3NB",salon,London,GB,No website listed on OpenStreetMap for this salon - potential web design / marketing lead.,2026-08-26
Naked Hands Health Spa,+44 20 8888 5511,"14 Palace Gates Road, London, N22 7BN",salon,London,GB,No website listed on OpenStreetMap for this salon - potential web design / marketing lead.,2026-08-26
Stannard & Slingsby,+44 20 7937 0333,"211-213 Kensington High Street, London",salon,London,GB,No website listed on OpenStreetMap for this salon - potential web design / marketing lead.,2026-08-26
Me Hair Beauty,+44 20 7937 9977,"10 Abingdon Road, London",salon,London,GB,No website listed on OpenStreetMap for this salon - potential web design / marketing lead.,2026-08-26
Ara's Barber Shop,+44 20 7938 1172,"16 Stratford Road, London",salon,London,GB,No website listed on OpenStreetMap for this salon - potential web design / marketing lead.,2026-08-26
Sun Nails,+44 20 7370 2229,"264 Old Brompton Road, London",salon,London,GB,No website listed on OpenStreetMap for this salon - potential web design / marketing lead.,2026-08-26
Touch Spa,+44 20 7370 4192,"3 Kenway Road, London",salon,London,GB,No website listed on OpenStreetMap for this salon - potential web design / marketing lead.,2026-08-26
Zain's,+44 7554 569534,"6 Hogarth Place, London",salon,London,GB,No website listed on OpenStreetMap for this salon - potential web design / marketing lead.,2026-08-26
The Fellowship Barber Shop,+44 20 8399 0492,"77 Maple Road, Surbiton, KT6 4AW",salon,London,GB,No website listed on OpenStreetMap for this salon - potential web design / marketing lead.,2026-08-26
Archie's Surbiton,+44 20 8339 9939,"79 Maple Road, Surbiton, KT6 4AW",salon,London,GB,No website listed on OpenStreetMap for this salon - potential web design / marketing lead.,2026-08-26
Antones,+44 20 7352 9306,"431 King's Road, London, SW10 0LR",salon,London,GB,No website listed on OpenStreetMap for this salon - potential web design / marketing lead.,2026-08-26
Taho Barbers,+44 7472 874290,"372 Green Lanes, London, N13 5EX",salon,London,GB,No website listed on OpenStreetMap for this salon - potential web design / marketing lead.,2026-08-26
HER,+44 20 7225 2233,"20 Bute Street, London, SW7 3EX",salon,London,GB,No website listed on OpenStreetMap for this salon - potential web design / marketing lead.,2026-08-26
Natural Health Centre,+44 20 7584 6484,"36-38 Old Brompton Road, London",salon,London,GB,No website listed on OpenStreetMap for this salon - potential web design / marketing lead.,2026-08-26
Kamran Hairdressers,+44 7965 722888,"127A Roman Road, London, E2 0QN",salon,London,GB,No website listed on OpenStreetMap for this salon - potential web design / marketing lead.,2026-08-26
Payam,+44 20 8567 3275,"25 Bond Street, London",salon,London,GB,No website listed on OpenStreetMap for this salon - potential web design / marketing lead.,2026-08-26
AD Barber Shop,+44 20 8292 9078,"61 Chase Side, London, N14 5BU",salon,London,GB,No website listed on OpenStreetMap for this salon - potential web design / marketing lead.,2026-08-26
Tango Barbers,+44 20 8886 0410,"15 Chase Side, London, N14 5BP",salon,London,GB,No website listed on OpenStreetMap for this salon - potential web design / marketing lead.,2026-08-26
Hair Plus,+44 20 8886 3792,"47D Chase Side, London, N14 5BP",salon,London,GB,No website listed on OpenStreetMap for this salon - potential web design / marketing lead.,2026-08-26
Andreas of Knightsbridge,+44 20 7245 9380,"17 Pavilion Road, London",salon,London,GB,No website listed on OpenStreetMap for this salon - potential web design / marketing lead.,2026-08-26
Joseph Hair & Beauty,+44 20 7584 3635,"59 Beauchamp Place, London",salon,London,GB,No website listed on OpenStreetMap for this salon - potential web design / marketing lead.,2026-08-26
Johnny's,+44 20 8533 1499,London,salon,London,GB,No website listed on OpenStreetMap for this salon - potential web design / marketing lead.,2026-08-26
EH Lifestyle,+44 20 7584 3738,"75 Walton Street, London",salon,London,GB,No website listed on OpenStreetMap for this salon - potential web design / marketing lead.,2026-08-26
Cadogan Salon,+44 20 7589 6515,"3 Cadogan Street, London",salon,London,GB,No website listed on OpenStreetMap for this salon - potential web design / marketing lead.,2026-08-26
K Nails,+44 20 7351 2311,"350 Fulham Road, London",salon,London,GB,No website listed on OpenStreetMap for this salon - potential web design / marketing lead.,2026-08-26
Fine Beauty,+44 20 7351 6855,"455 Fulham Road, London",salon,London,GB,No website listed on OpenStreetMap for this salon - potential web design / marketing lead.,2026-08-26
Tango Salon,+44 20 7474 5192,"388 Prince Regent Lane, London, E16 3DH",salon,London,GB,No website listed on OpenStreetMap for this salon - potential web design / marketing lead.,2026-08-26
Michelle's Nails,+44 20 7476 6755,"379 Barking Road, London, E13 8AL",salon,London,GB,No website listed on OpenStreetMap for this salon - potential web design / marketing lead.,2026-08-26
Scissors and Guys,+44 20 7460 1062,"502 King's Road, London",salon,London,GB,No website listed on OpenStreetMap for this salon - potential web design / marketing lead.,2026-08-26
Electric Beach,+44 20 7351 3693,"365 Fulham Road, London",salon,London,GB,No website listed on OpenStreetMap for this salon - potential web design / marketing lead.,2026-08-26
Image Reflextions,+44 20 8560 5406,"19 St. John's Road, London, TW7 6NB",salon,London,GB,No website listed on OpenStreetMap for this salon - potential web design / marketing lead.,2026-08-26
Amela,+44 20 7259 9560,"23a Smith Street, London",salon,London,GB,No website listed on OpenStreetMap for this salon - potential web design / marketing lead.,2026-08-26
Pam's Nails and Beauty,+44 20 7352 2810,"55 Chelsea Manor Street, London",salon,London,GB,No website listed on OpenStreetMap for this salon - potential web design / marketing lead.,2026-08-26
Limoz Logli,+44 20 7351 1239,"78 Chelsea Manor Street, London",salon,London,GB,No website listed on OpenStreetMap for this salon - potential web design / marketing lead.,2026-08-26
Globbarber's,+44 20 3441 2728,"831a Harrow Road, London",salon,London,GB,No website listed on OpenStreetMap for this salon - potential web design / marketing lead.,2026-08-26
Dream Cut,+44 20 8960 5555,"809 Harrow Road, London",salon,London,GB,No website listed on OpenStreetMap for this salon - potential web design / marketing lead.,2026-08-26
House Of Nails,+44 20 3581 9953,"803 Harrow Road, London",salon,London,GB,No website listed on OpenStreetMap for this salon - potential web design / marketing lead.,2026-08-26
Super Style Hairdressing,+44 20 8964 0070,"779 Harrow Road, London",salon,London,GB,No website listed on OpenStreetMap for this salon - potential web design / marketing lead.,2026-08-26
Fresh Look,+44 20 8616 7557,"5 Erconwald Street, London",salon,London,GB,No website listed on OpenStreetMap for this salon - potential web design / marketing lead.,2026-08-26
Cutting Room,+44 20 8743 3262,"7 Westway, London",salon,London,GB,No website listed on OpenStreetMap for this salon - potential web design / marketing lead.,2026-08-26
Flora,+44 7794 255551,"89 Bloemfontein Road, London",salon,London,GB,No website listed on OpenStreetMap for this salon - potential web design / marketing lead.,2026-08-26
Broadway Hair and Beauty,+44 20 8690 2648,"29 Catford Broadway, London",salon,London,GB,No website listed on OpenStreetMap for this salon - potential web design / marketing lead.,2026-08-26
Phoenix Unisex Salon,+44 20 8314 0576,"18 Holbeach Road, London, SE6 4TW",salon,London,GB,No website listed on OpenStreetMap for this salon - potential web design / marketing lead.,2026-08-26
The Shepherd’s Bush barbers,+44 20 8811 2529,"222 Uxbridge Road, London",salon,London,GB,No website listed on OpenStreetMap for this salon - potential web design / marketing lead.,2026-08-26
Angels Star Nails,+44 20 8314 5420,"22a Winslade Way, London",salon,London,GB,No website listed on OpenStreetMap for this salon - potential web design / marketing lead.,2026-08-26
Inspire Beauty,+44 20 8690 2234,"34-35 Winslade Way, London, SE6 4JU",salon,London,GB,No website listed on OpenStreetMap for this salon - potential web design / marketing lead.,2026-08-26
Sweeny's Barbers,+44 20 8840 1977,"7 Bond Street, London",salon,London,GB,No website listed on OpenStreetMap for this salon - potential web design / marketing lead.,2026-08-26
Sylvester's Salon,+44 20 8567 7727; +44 20 8566 0263,"95 Broadway, London",salon,London,GB,No website listed on OpenStreetMap for this salon - potential web design / marketing lead.,2026-08-26
Holland Park Salon,+44 7811 321380,"31 St. Anns Road, London",salon,London,GB,No website listed on OpenStreetMap for this salon - potential web design / marketing lead.,2026-08-26
Esteem,+44 7958 338521,"14 Swanscombe Road, London",salon,London,GB,No website listed on OpenStreetMap for this salon - potential web design / marketing lead.,2026-08-26
Rimzi,+44 20 8746 7519,"74 Uxbridge Road, London",salon,London,GB,No website listed on OpenStreetMap for this salon - potential web design / marketing lead.,2026-08-26
Cheveux 2000,+44 20 8743 3113,"158 Uxbridge Road, London",salon,London,GB,No website listed on OpenStreetMap for this salon - potential web design / marketing lead.,2026-08-26
Luisa's,+44 20 8051 5281,"271 Cavendish Road, London",salon,London,GB,No website listed on OpenStreetMap for this salon - potential web design / marketing lead.,2026-08-26
Image Hair and Beauty,+44 20 8567 9231,"46 Northfield Avenue, London, W13 9RR",salon,London,GB,No website listed on OpenStreetMap for this salon - potential web design / marketing lead.,2026-08-26
Buzzy Barbers,+44 20 8579 3647,"32 Northfield Avenue, London, W13 9RL",salon,London,GB,No website listed on OpenStreetMap for this salon - potential web design / marketing lead.,2026-08-26
Elite Cosmetology,+44 20 8840 9810,"102 Northfield Avenue, London, W13 9RT",salon,London,GB,No website listed on OpenStreetMap for this salon - potential web design / marketing lead.,2026-08-26
HQ Hair Studio,+44 7507 054584,"94 Northfield Avenue, London, W13 9RT",salon,London,GB,No website listed on OpenStreetMap for this salon - potential web design / marketing lead.,2026-08-26
Northfields Beauty Bar/Northfields Barber,+44 20 8579 2470,"222 Northfield Avenue, London, W13 9SJ",salon,London,GB,No website listed on OpenStreetMap for this salon - potential web design / marketing lead.,2026-08-26
Elegant & Class,+44 20 8932 1711,"146a Goldhawk Road, London",salon,London,GB,No website listed on OpenStreetMap for this salon - potential web design / marketing lead.,2026-08-26
The Barber Box,+44 20 7503 4790,"51A Blackstock Road, London, N4 2JF",salon,London,GB,No website listed on OpenStreetMap for this salon - potential web design / marketing lead.,2026-08-26
Elegance Hair Design,+44 7985 155887,London,salon,London,GB,No website listed on OpenStreetMap for this salon - potential web design / marketing lead.,2026-08-26
Moda 3,+44 20 8762 9854,"5 Kings Parade, London",salon,London,GB,No website listed on OpenStreetMap for this salon - potential web design / marketing lead.,2026-08-26
Westside Cutz,+44 20 8823 9375,"1 Keith Grove, London",salon,London,GB,No website listed on OpenStreetMap for this salon - potential web design / marketing lead.,2026-08-26
Dannie and Carrie,+44 20 8354 2802,"85 Askew Road, London",salon,London,GB,No website listed on OpenStreetMap for this salon - potential web design / marketing lead.,2026-08-26
Pink & Blue,+441689859980,"415B, London",salon,London,GB,No website listed on OpenStreetMap for this salon - potential web design / marketing lead.,2026-08-26
Five Star Nails,+44 20 8749 7120,"139 The Vale, London",salon,London,GB,No website listed on OpenStreetMap for this salon - potential web design / marketing lead.,2026-08-26
Fyne Blades,+44 7453 450018,"94a Askew Road, London",salon,London,GB,No website listed on OpenStreetMap for this salon - potential web design / marketing lead.,2026-08-26
Hoxtans,+44 20 3325 6208,"203 Hoxton Street, London, N1 6RA",salon,London,GB,No website listed on OpenStreetMap for this salon - potential web design / marketing lead.,2026-08-26
Bella Hair & Beauty,+44 20 8743 7854,"165 The Vale, London",salon,London,GB,No website listed on OpenStreetMap for this salon - potential web design / marketing lead.,2026-08-26
The Lab,+44 20 8091 9211,"75 Windmill Hill, Enfield",salon,London,GB,No website listed on OpenStreetMap for this salon - potential web design / marketing lead.,2026-08-26
VCSF.ltd,+44 20 3489 6192,"127a Brackenbury Road, London",salon,London,GB,No website listed on OpenStreetMap for this salon - potential web design / marketing lead.,2026-08-26
Smart Style Barbers,+44 7961 120169,"243 Ewell Road, Surbiton, KT6 7AA",salon,London,GB,No website listed on OpenStreetMap for this salon - potential web design / marketing lead.,2026-08-26
Bokko Hair Salon,+44 20 8605 0345,"34 High Street, New Malden, KT3 4HE",salon,London,GB,No website listed on OpenStreetMap for this salon - potential web design / marketing lead.,2026-08-26
Angeline Nails & Beauty,+44 20 3935 3032,"175 High Street, New Malden",salon,London,GB,No website listed on OpenStreetMap for this salon - potential web design / marketing lead.,2026-08-26
Glitz N Glam,+44 20 8942 5586,"173 High Street, New Malden",salon,London,GB,No website listed on OpenStreetMap for this salon - potential web design / marketing lead.,2026-08-26
The House of Dolls Hammersmith,+44 20 3952 6857,"69 Blythe Road, London",salon,London,GB,No website listed on OpenStreetMap for this salon - potential web design / marketing lead.,2026-08-26
My Barbers,+44 20 7018 2510,"41 Grand Parade, London, N4 1AQ",salon,London,GB,No website listed on OpenStreetMap for this salon - potential web design / marketing lead.,2026-08-26
Wolf's Hair & Beauty,+44 1895 233 616,"59 Belmont Road, London",salon,London,GB,No website listed on OpenStreetMap for this salon - potential web design / marketing lead.,2026-08-26
Zidane Barbers,+44 20 3581 8868,"132 Hammersmith Road, London",salon,London,GB,No website listed on OpenStreetMap for this salon - potential web design / marketing lead.,2026-08-26
Dani's Barber Shop,+44 20 8741 4241,"136 Hammersmith Road, London",salon,London,GB,No website listed on OpenStreetMap for this salon - potential web design / marketing lead.,2026-08-26
Wish,+44 20 8563 0577,"150 Hammersmith Road, London",salon,London,GB,No website listed on OpenStreetMap for this salon - potential web design / marketing lead.,2026-08-26
新上海髪艺 SH Hair Salon,+44 20 7734 2146,London,salon,London,GB,No website listed on OpenStreetMap for this salon - potential web design / marketing lead.,2026-08-26
Serenity Nails & Beauty,+44 20 7603 5001,"78 North End Road, London",salon,London,GB,No website listed on OpenStreetMap for this salon - potential web design / marketing lead.,2026-08-26
Band of Barbers,+44 20 3441 7730,"4 Studland Street, London",salon,London,GB,No website listed on OpenStreetMap for this salon - potential web design / marketing lead.,2026-08-26
Cali Nails,+44 20 8886 5732,"14 Alderman's Hill, London, N13 4PN",salon,London,GB,No website listed on OpenStreetMap for this salon - potential web design / marketing lead.,2026-08-26
Prestige,+44 20 8882 3178,"24 Alderman's Hill, London, N13 4PN",salon,London,GB,No website listed on OpenStreetMap for this salon - potential web design / marketing lead.,2026-08-26
Skye Nails,+44 7442 412222,"12 Brecknock Road, London, N7 0DD",salon,London,GB,No website listed on OpenStreetMap for this salon - potential web design / marketing lead.,2026-08-26
Le Nail,+44 20 3302 2728,"111 Friern Barnet Road, London, N11 3EU",salon,London,GB,No website listed on OpenStreetMap for this salon - potential web design / marketing lead.,2026-08-26
Boss League Studio,+44 7958 043 859,"116 Seven Sisters Road, London, N7 6AE",salon,London,GB,No website listed on OpenStreetMap for this salon - potential web design / marketing lead.,2026-08-26
Beauty Nails & Spa,+44 20 3490 3025,"11 Plough Way, London",salon,London,GB,No website listed on OpenStreetMap for this salon - potential web design / marketing lead.,2026-08-26
Jeune Clinic Ltd,+44 20 8581 1525,"142 London Road, London",salon,London,GB,No website listed on OpenStreetMap for this salon - potential web design / marketing lead.,2026-08-26
West Nails,+44 20 8579 8456,"8 Broadway, London, W13 0SR",salon,London,GB,No website listed on OpenStreetMap for this salon - potential web design / marketing lead.,2026-08-26
Diamond Nails,+44 20 8579 4277,"118 Broadway, London",salon,London,GB,No website listed on OpenStreetMap for this salon - potential web design / marketing lead.,2026-08-26
Classy Hair & Beauty Salon,+44 20 3489 7699,"57 Greenford Avenue, London, W7 1LL",salon,London,GB,No website listed on OpenStreetMap for this salon - potential web design / marketing lead.,2026-08-26
Ciao Bella Beauty,+44 20 7394 8999,"241 Southwark Park Road, London",salon,London,GB,No website listed on OpenStreetMap for this salon - potential web design / marketing lead.,2026-08-26
HairBian,+44 20 3080 0026,"376 North End Road, London, SW6 1LY",salon,London,GB,No website listed on OpenStreetMap for this salon - potential web design / marketing lead.,2026-08-26
Wenoc,+44 75 0687 8788,London,salon,London,GB,No website listed on OpenStreetMap for this salon - potential web design / marketing lead.,2026-08-26
Diva,+44 20 8568 2220,"188 South Ealing Road, London",salon,London,GB,No website listed on OpenStreetMap for this salon - potential web design / marketing lead.,2026-08-26
Cocoon,+44 20 8568 2268,"6 Odeon Parade, London",salon,London,GB,No website listed on OpenStreetMap for this salon - potential web design / marketing lead.,2026-08-26
Stylish Nails,+44 20 8752 1115,"92 High Street, London, W3 6QX",salon,London,GB,No website listed on OpenStreetMap for this salon - potential web design / marketing lead.,2026-08-26
Moda Barbers,+44 20 8373 7777,London,salon,London,GB,No website listed on OpenStreetMap for this salon - potential web design / marketing lead.,2026-08-26
Elegance,+44 20 8385 2117,London,salon,London,GB,No website listed on OpenStreetMap for this salon - potential web design / marketing lead.,2026-08-26
Buff & Polish,+44 20 8777 2288,"93 High Street, London",salon,London,GB,No website listed on OpenStreetMap for this salon - potential web design / marketing lead.,2026-08-26
Beautiful You,+44 20 8777 7802,"117 High Street, London",salon,London,GB,No website listed on OpenStreetMap for this salon - potential web design / marketing lead.,2026-08-26
Sun Island,+44 20 8776 0881,"119 High Street, London",salon,London,GB,No website listed on OpenStreetMap for this salon - potential web design / marketing lead.,2026-08-26
TC's Hairdressers,+44 20 8777 3236,"79 Station Road, London",salon,London,GB,No website listed on OpenStreetMap for this salon - potential web design / marketing lead.,2026-08-26
Echo,+44 20 8776 0065,"136 High Street, London",salon,London,GB,No website listed on OpenStreetMap for this salon - potential web design / marketing lead.,2026-08-26
Options Beauty,+44 20 8777 7995,"124 High Street, London",salon,London,GB,No website listed on OpenStreetMap for this salon - potential web design / marketing lead.,2026-08-26
No. 10,+44 20 8777 6922,London,salon,London,GB,No website listed on OpenStreetMap for this salon - potential web design / marketing lead.,2026-08-26
Bella Rose,+44 20 8668 4293,"2 Wickham Court Road, London",salon,London,GB,No website listed on OpenStreetMap for this salon - potential web design / marketing lead.,2026-08-26
Kristos Hair & Beauty Salon,+44 20 8777 3624,"3 Glebe Way, London",salon,London,GB,No website listed on OpenStreetMap for this salon - potential web design / marketing lead.,2026-08-26
Sea Wave,+44 20 8127 6116,London,salon,London,GB,No website listed on OpenStreetMap for this salon - potential web design / marketing lead.,2026-08-26
Studio 88 Nails,+44 20 8777 6168,London,salon,London,GB,No website listed on OpenStreetMap for this salon - potential web design / marketing lead.,2026-08-26
L'Image,+44 20 8777 7001,London,salon,London,GB,No website listed on OpenStreetMap for this salon - potential web design / marketing lead.,2026-08-26
Haircombe,+44 20 8293 0224,"76 Westcombe Hill, London, SE3 7DT",salon,London,GB,No website listed on OpenStreetMap for this salon - potential web design / marketing lead.,2026-08-26
Champions Barber Shop,+44 7534 418131,"223 Lee High Road, London, SE13 5PQ",salon,London,GB,No website listed on OpenStreetMap for this salon - potential web design / marketing lead.,2026-08-26
Trims,+44 20 8856 6499,"28 The Village, London",salon,London,GB,No website listed on OpenStreetMap for this salon - potential web design / marketing lead.,2026-08-26
Veli's Grooming,+44 20 8062 4612,"472 Caledonian Road, London, N7 8TB",salon,London,GB,No website listed on OpenStreetMap for this salon - potential web design / marketing lead.,2026-08-26
Catford Nails,+44 20 3952 9296,London,salon,London,GB,No website listed on OpenStreetMap for this salon - potential web design / marketing lead.,2026-08-26
Esther Beauty Pro,+44 7448894339,"14 Rushey Green, London",salon,London,GB,No website listed on OpenStreetMap for this salon - potential web design / marketing lead.,2026-08-26
Jade Nails Studio,+44 20 8690 8742,"12 Rushey Green, London",salon,London,GB,No website listed on OpenStreetMap for this salon - potential web design / marketing lead.,2026-08-26
AS Grooming,+44 20 8651 6415,"158 Addington Road, South Croydon, CR2 8LB",salon,London,GB,No website listed on OpenStreetMap for this salon - potential web design / marketing lead.,2026-08-26
Beautiful Colour - Nails and Spa,+44 20 8657 5888,"166 Addington Road, South Croydon, CR2 8LB",salon,London,GB,No website listed on OpenStreetMap for this salon - potential web design / marketing lead.,2026-08-26
Crystal Nails,+44 20 8441 0361,"High Street, London",salon,London,GB,No website listed on OpenStreetMap for this salon - potential web design / marketing lead.,2026-08-26
House Of Beauty,+44 20 8617 8140,London,salon,London,GB,No website listed on OpenStreetMap for this salon - potential web design / marketing lead.,2026-08-26
V & A,+44 20 8446 1600,London,salon,London,GB,No website listed on OpenStreetMap for this salon - potential web design / marketing lead.,2026-08-26
Happy Nails,+44 20 3092 1790,"123 Woolwich Road, London, SE10 0RF",salon,London,GB,No website listed on OpenStreetMap for this salon - potential web design / marketing lead.,2026-08-26
Beyond Nails,+44 20 8858 3848,"Trafalgar Road, London",salon,London,GB,No website listed on OpenStreetMap for this salon - potential web design / marketing lead.,2026-08-26
One Beauty,+44 20 8265 8010,"111 Trafalgar Road, London, SE10 9TS",salon,London,GB,No website listed on OpenStreetMap for this salon - potential web design / marketing lead.,2026-08-26
Ramzy's Barber Shop,+44 20 8616 2270,"9 Old Dover Road, London, SE3 7BT",salon,London,GB,No website listed on OpenStreetMap for this salon - potential web design / marketing lead.,2026-08-26
Nue,+44 20 8259 3423,"11 Old Dover Road, London, SE3 7BT",salon,London,GB,No website listed on OpenStreetMap for this salon - potential web design / marketing lead.,2026-08-26
Blackheath Nails Spa,+44 20 3745 3223,"174 Westcombe Hill, London, SE3 7DH",salon,London,GB,No website listed on OpenStreetMap for this salon - potential web design / marketing lead.,2026-08-26
Holly Nails,+44 20 8858 6281,"169 Trafalgar Road, London",salon,London,GB,No website listed on OpenStreetMap for this salon - potential web design / marketing lead.,2026-08-26
Ellie's Hair & Beauty,+44 7539 317207,"31 Brecknock Road, London, N7 0BT",salon,London,GB,No website listed on OpenStreetMap for this salon - potential web design / marketing lead.,2026-08-26
Hannah,+44 20 8318 7613,"38 Tranquil Vale, London, SE3 0BD",salon,London,GB,No website listed on OpenStreetMap for this salon - potential web design / marketing lead.,2026-08-26
Bonds,+44 20 8852 1100,"29 Tranquil Vale, London, SE3 0BU",salon,London,GB,No website listed on OpenStreetMap for this salon - potential web design / marketing lead.,2026-08-26
Fresh Lifestyle Salon & Spa,+44 20 8318 2666,"43 Tranquil Vale, London, SE3 0BU",salon,London,GB,No website listed on OpenStreetMap for this salon - potential web design / marketing lead.,2026-08-26
Ronasia,+44 20 8933 8656,London,salon,London,GB,No website listed on OpenStreetMap for this salon - potential web design / marketing lead.,2026-08-26
FK Hair Lounge,+44 20 3851 8551,"93 Upper Clapton Road, London, E5 9BU",salon,London,GB,No website listed on OpenStreetMap for this salon - potential web design / marketing lead.,2026-08-26
Cutty Sark Nails,+44 20 8692 8488,London,salon,London,GB,No website listed on OpenStreetMap for this salon - potential web design / marketing lead.,2026-08-26
Alex's Gents Barbers,+44 20 8220 5352,"168 Longwood Gardens, Ilford, IG5 0EW",salon,London,GB,No website listed on OpenStreetMap for this salon - potential web design / marketing lead.,2026-08-26
The Hair Studio,+44 20 8550 8412,"102 Tanners Lane, Ilford, IG6 1QE",salon,London,GB,No website listed on OpenStreetMap for this salon - potential web design / marketing lead.,2026-08-26
Love Nails,+44 20 8551 0050,"66 High Street, Ilford, IG6 2DJ",salon,London,GB,No website listed on OpenStreetMap for this salon - potential web design / marketing lead.,2026-08-26
IBO's Barbers,+44 20 8616 3313,"28 Randlesdown Road, London",salon,London,GB,No website listed on OpenStreetMap for this salon - potential web design / marketing lead.,2026-08-26
Castro Beauty Bar,+44 7949 224227,"Union Road, London, SW4 6JG",salon,London,GB,No website listed on OpenStreetMap for this salon - potential web design / marketing lead.,2026-08-26
Ash and Nad,+44 20 8554 5541,"370 Cranbrook Road, Ilford, IG2 6HY",salon,London,GB,No website listed on OpenStreetMap for this salon - potential web design / marketing lead.,2026-08-26
Top Nails,+44 20 8518 5794,"362 Cranbrook Road, Ilford, IG2 6HY",salon,London,GB,No website listed on OpenStreetMap for this salon - potential web design / marketing lead.,2026-08-26
Deluxe Nails Spa,+44 20 8551 4222,"101 High Street, Ilford, IG6 2AH",salon,London,GB,No website listed on OpenStreetMap for this salon - potential web design / marketing lead.,2026-08-26
Hairwaves,+44 20 8390 4876,"167 Ewell Road, London",salon,London,GB,No website listed on OpenStreetMap for this salon - potential web design / marketing lead.,2026-08-26
Nails & Beauty,+44 20 7018 4970,"336 Kennington Lane, London",salon,London,GB,No website listed on OpenStreetMap for this salon - potential web design / marketing lead.,2026-08-26
Haus Of Colours,+44 20 7967 9878,"78 Brixton Road, London, SW9 6BH",salon,London,GB,No website listed on OpenStreetMap for this salon - potential web design / marketing lead.,2026-08-26
Lemans Unisex Salon,+44 7932968840,"Clapham road, London",salon,London,GB,No website listed on OpenStreetMap for this salon - potential web design / marketing lead.,2026-08-26
Mon Cheri Beauty Salon,+44 20 7018 2292;+44 7752 777266,"189 Edgware Road, London, NW9 6LP",salon,London,GB,No website listed on OpenStreetMap for this salon - potential web design / marketing lead.,2026-08-26
Colindale Fade Barbers,+44 7459 405990,"195 Edgware Road, London, NW9 6LP",salon,London,GB,No website listed on OpenStreetMap for this salon - potential web design / marketing lead.,2026-08-26
Live True London Clapham,+44 20 7627 0169,"2 Voltaire Road, London, SW4 6DH",salon,London,GB,No website listed on OpenStreetMap for this salon - potential web design / marketing lead.,2026-08-26
Afro Hair and Beauty,+44 20 8800 9958,"36 West Green Road, London, N15 5NP",salon,London,GB,No website listed on OpenStreetMap for this salon - potential web design / marketing lead.,2026-08-26
La Fresh Nails,+44 20 7998 1500,"56 West Green Road, London, N15 5NR",salon,London,GB,No website listed on OpenStreetMap for this salon - potential web design / marketing lead.,2026-08-26
P Star Unisex Salon,+44 7448 402 593,"110 West Green Road, London, N15 5AA",salon,London,GB,No website listed on OpenStreetMap for this salon - potential web design / marketing lead.,2026-08-26
Raz Hair & Beauty,+44 20 8802 4020,"15 West Green Road, London, N15 5BX",salon,London,GB,No website listed on OpenStreetMap for this salon - potential web design / marketing lead.,2026-08-26
Vision Hair Salon,+44 7951 028 097,"82 West Green Road, London, N15 5NS",salon,London,GB,No website listed on OpenStreetMap for this salon - potential web design / marketing lead.,2026-08-26
Hairwaves,+44 20 8809 1843,"52A West Green Road, London, N15 5NR",salon,London,GB,No website listed on OpenStreetMap for this salon - potential web design / marketing lead.,2026-08-26
Sweeney,+44 20 8694 7546,"46 Royal Hill, London, SE10 8RT",salon,London,GB,No website listed on OpenStreetMap for this salon - potential web design / marketing lead.,2026-08-26
The Look;Dugi's Barber Shop,+44 20 8349 3795;+44 20 8343 1746,"367;381 Regent's Park Road, London",salon,London,GB,No website listed on OpenStreetMap for this salon - potential web design / marketing lead.,2026-08-26
Harry's,+44 20 3583 6236,"350 Regent's Park Road, London",salon,London,GB,No website listed on OpenStreetMap for this salon - potential web design / marketing lead.,2026-08-26
foam,+44 20 8349 1113,"354 Regent's Park Road, London",salon,London,GB,No website listed on OpenStreetMap for this salon - potential web design / marketing lead.,2026-08-26
Mirlinda's Hair & Beauty Salon,+44 20 3417 3733,London,salon,London,GB,No website listed on OpenStreetMap for this salon - potential web design / marketing lead.,2026-08-26
Creed Hairdressing,+44 20 8692 1005,"125 Greenwich South Street, London",salon,London,GB,No website listed on OpenStreetMap for this salon - potential web design / marketing lead.,2026-08-26
Faraz Barber,+44 20 8390 6750,"122 Ewell Road, Surbiton",salon,London,GB,No website listed on OpenStreetMap for this salon - potential web design / marketing lead.,2026-08-26
Hills Hair & Beauty Salon,+44 20 3524 9034,"5 Brownhill Road, London",salon,London,GB,No website listed on OpenStreetMap for this salon - potential web design / marketing lead.,2026-08-26
Beautè Box,+44 20 3490 1771,"684 Chigwell Road, London",salon,London,GB,No website listed on OpenStreetMap for this salon - potential web design / marketing lead.,2026-08-26
Studio MG,+44 20 8505 2121,"718 Chigwell Road, London",salon,London,GB,No website listed on OpenStreetMap for this salon - potential web design / marketing lead.,2026-08-26
Hair on the Green,+44 7494 828311,London,salon,London,GB,No website listed on OpenStreetMap for this salon - potential web design / marketing lead.,2026-08-26
Hair Reward,+44 20 8265 3505,"373 Lewisham High Street, London",salon,London,GB,No website listed on OpenStreetMap for this salon - potential web design / marketing lead.,2026-08-26
Rushey Green House of Beauty & Barbing,+44 7957 769225,London,salon,London,GB,No website listed on OpenStreetMap for this salon - potential web design / marketing lead.,2026-08-26
The Hair & Beauty Lounge,+44 20 3842 4569,London,salon,London,GB,No website listed on OpenStreetMap for this salon - potential web design / marketing lead.,2026-08-26
New Levelz,+44 20 8001 8406,"234 Brownhill Road, London",salon,London,GB,No website listed on OpenStreetMap for this salon - potential web design / marketing lead.,2026-08-26
R&M Barber Shop,+44 7397 853096,London,salon,London,GB,No website listed on OpenStreetMap for this salon - potential web design / marketing lead.,2026-08-26
Misa,+44 20 8492 0500,"380 Ballards Lane, London",salon,London,GB,No website listed on OpenStreetMap for this salon - potential web design / marketing lead.,2026-08-26
Hair O Dyenamix,+44 20 8446 3373,"Ballards Lane, London",salon,London,GB,No website listed on OpenStreetMap for this salon - potential web design / marketing lead.,2026-08-26
N12 Barbers,+44 20 3894 2054,"699 High Road, London",salon,London,GB,No website listed on OpenStreetMap for this salon - potential web design / marketing lead.,2026-08-26
Express Nails,+44 20 8318 6186,"21 Lewis Grove, London",salon,London,GB,No website listed on OpenStreetMap for this salon - potential web design / marketing lead.,2026-08-26
Hot Nails & Beauty,+44 20 8297 6222,"5 Lewis Grove, London",salon,London,GB,No website listed on OpenStreetMap for this salon - potential web design / marketing lead.,2026-08-26
Armani Unisex Salon,+44 20 8318 1723,"178 Hither Green Lane, London",salon,London,GB,No website listed on OpenStreetMap for this salon - potential web design / marketing lead.,2026-08-26
Hectik,+44 20 7998 0182,London,salon,London,GB,No website listed on OpenStreetMap for this salon - potential web design / marketing lead.,2026-08-26
Funmilola,+44 7459 149719,London,salon,London,GB,No website listed on OpenStreetMap for this salon - potential web design / marketing lead.,2026-08-26
Blow Inn,+44 20 8852 6482,"128 Hither Green Lane, London",salon,London,GB,No website listed on OpenStreetMap for this salon - potential web design / marketing lead.,2026-08-26
Hair Parade,+44 20 8364 3377,London,salon,London,GB,No website listed on OpenStreetMap for this salon - potential web design / marketing lead.,2026-08-26
Ilayda,+44 20 8852 2311,"312 Lee High Road, London, SE13 5PJ",salon,London,GB,No website listed on OpenStreetMap for this salon - potential web design / marketing lead.,2026-08-26
Tasha's Tan,+44 1895 422381,"31 Fairfield Road, West Drayton, UB7 8EY",salon,London,GB,No website listed on OpenStreetMap for this salon - potential web design / marketing lead.,2026-08-26
Berrylands Barber,+44 7922 338188,"Chiltern Drive, Berrylands",salon,London,GB,No website listed on OpenStreetMap for this salon - potential web design / marketing lead.,2026-08-26
Perfect Nails,+44 20 3576 0866,"345, London",salon,London,GB,No website listed on OpenStreetMap for this salon - potential web design / marketing lead.,2026-08-26
Nails & Co,+44 1923 826668,"54 Joel Street, London",salon,London,GB,No website listed on OpenStreetMap for this salon - potential web design / marketing lead.,2026-08-26
Agapéle Hair Salon,+44 20 3652 7696,London,salon,London,GB,No website listed on OpenStreetMap for this salon - potential web design / marketing lead.,2026-08-26
Petty Nails,+44 7427 699287,"78 Lee High Road, London",salon,London,GB,No website listed on OpenStreetMap for this salon - potential web design / marketing lead.,2026-08-26
Niko Hair Design for Men,8524374,"28 Lee High Road, London",salon,London,GB,No website listed on OpenStreetMap for this salon - potential web design / marketing lead.,2026-08-26
7 Star Barbers,+44 20 4501 1861,London,salon,London,GB,No website listed on OpenStreetMap for this salon - potential web design / marketing lead.,2026-08-26
House of Hair London,+44 7511 400713,"82-84 Lee High Road, London",salon,London,GB,No website listed on OpenStreetMap for this salon - potential web design / marketing lead.,2026-08-26
Frank Stars,+44 20 3489 7093,London,salon,London,GB,No website listed on OpenStreetMap for this salon - potential web design / marketing lead.,2026-08-26
MO Barber,+44 7402104866,London,salon,London,GB,No website listed on OpenStreetMap for this salon - potential web design / marketing lead.,2026-08-26
All Gorgeous Hair,+44 7492 005525,London,salon,London,GB,No website listed on OpenStreetMap for this salon - potential web design / marketing lead.,2026-08-26
Rida Beauty,+44 7718 149777,"1 Thomas Lane, London, SE6 4RQ",salon,London,GB,No website listed on OpenStreetMap for this salon - potential web design / marketing lead.,2026-08-26
Allure Nails,+44 20 8446 8888,"873 High Road, London",salon,London,GB,No website listed on OpenStreetMap for this salon - potential web design / marketing lead.,2026-08-26
Nail Box,+44 20 8445 2735,"855 High Road, London",salon,London,GB,No website listed on OpenStreetMap for this salon - potential web design / marketing lead.,2026-08-26
Nail and Beauty Academy,+44 2089539344,"478 Chiswick High Road, London, W4 5TT",salon,London,GB,No website listed on OpenStreetMap for this salon - potential web design / marketing lead.,2026-08-26
Glow tanning,+442072373337,"12 Market Place, London",salon,London,GB,No website listed on OpenStreetMap for this salon - potential web design / marketing lead.,2026-08-26
No Limitz,+44 20 8445 7979,"868a High Road, London, N12 9RH",salon,London,GB,No website listed on OpenStreetMap for this salon - potential web design / marketing lead.,2026-08-26
Victoria Beauty & Aesthetics,+44 7944 151416,"214 Coldharbour Lane, London",salon,London,GB,No website listed on OpenStreetMap for this salon - potential web design / marketing lead.,2026-08-26
Paradise,+44 20 8691 7475,"455b New Cross Road, London",salon,London,GB,No website listed on OpenStreetMap for this salon - potential web design / marketing lead.,2026-08-26
Unique Nails & Spa,+44 2086 165451,"104 Fortune Green Road, London, NW6 1DS",salon,London,GB,No website listed on OpenStreetMap for this salon - potential web design / marketing lead.,2026-08-26
Prestige Beauty Clinic,+44 20 3441 1772,"72 Fortune Green Road, London, NW6 1DS",salon,London,GB,No website listed on OpenStreetMap for this salon - potential web design / marketing lead.,2026-08-26
Mill Lane Barbers,+44 2077 948866,"39 Mill Lane, London, NW6 1NB",salon,London,GB,No website listed on OpenStreetMap for this salon - potential web design / marketing lead.,2026-08-26
J's Gentlemen's Barber,+44 7840 811540,"15 Claremont Road, Surbiton, KT6 4QR",salon,London,GB,No website listed on OpenStreetMap for this salon - potential web design / marketing lead.,2026-08-26
Therapy@Visage,+44 20 8997 8600,"37 Haven Green, London",salon,London,GB,No website listed on OpenStreetMap for this salon - potential web design / marketing lead.,2026-08-26
Raj Barbers,+44 7490 019090,"40 Joel Street, London",salon,London,GB,No website listed on OpenStreetMap for this salon - potential web design / marketing lead.,2026-08-26
Red Peony,+44 1923 827946,"12 Joel Street, London",salon,London,GB,No website listed on OpenStreetMap for this salon - potential web design / marketing lead.,2026-08-26
Noble Hair London,+44 20 8354 0090,"64 South Ealing Road, London",salon,London,GB,No website listed on OpenStreetMap for this salon - potential web design / marketing lead.,2026-08-26
EBW Barber,+44 20 3583 9581,"44 Haven Green, London, W5 2NX",salon,London,GB,No website listed on OpenStreetMap for this salon - potential web design / marketing lead.,2026-08-26
Greyhound Barbers,+44 20 7272 7898,"London, N19 5PX",salon,London,GB,No website listed on OpenStreetMap for this salon - potential web design / marketing lead.,2026-08-26
Make Me Unique,+44 7960 604610,"13 Ladywell Road, London",salon,London,GB,No website listed on OpenStreetMap for this salon - potential web design / marketing lead.,2026-08-26
Klassic Nails,+44 20 8364 6622,"London Road, London",salon,London,GB,No website listed on OpenStreetMap for this salon - potential web design / marketing lead.,2026-08-26
Priory Hair,+44 2083 402 357,"4 Priory Road, London, N8 7RD",salon,London,GB,No website listed on OpenStreetMap for this salon - potential web design / marketing lead.,2026-08-26
Ziva,+44 20 8340 0126,"437 Green Lanes, London, N4 1HA",salon,London,GB,No website listed on OpenStreetMap for this salon - potential web design / marketing lead.,2026-08-26
Allure - Nails & Beauty,+44 7718 847036,London,salon,London,GB,No website listed on OpenStreetMap for this salon - potential web design / marketing lead.,2026-08-26
"AB Barbers, Nails & Beauty",+44 20 3441 8235,London,salon,London,GB,No website listed on OpenStreetMap for this salon - potential web design / marketing lead.,2026-08-26
Back To Eden,+44 207 703 3173,London,salon,London,GB,No website listed on OpenStreetMap for this salon - potential web design / marketing lead.,2026-08-26
Lugie’s Salon,+44 7539 521 799,"26 Camberwell Road, London",salon,London,GB,No website listed on OpenStreetMap for this salon - potential web design / marketing lead.,2026-08-26
Rachel Uni-Sex Hair Design,+44 1959 540392,"5 Roundway, Biggin Hill, Westerham, TN16 3XZ",salon,London,GB,No website listed on OpenStreetMap for this salon - potential web design / marketing lead.,2026-08-26
Schaar,+44 1959 928139,"12 Rosehill Road, Biggin Hill, Westerham, TN16 3NF",salon,London,GB,No website listed on OpenStreetMap for this salon - potential web design / marketing lead.,2026-08-26
Beauty Lounge,+44 2088914555,"349 Richmond Road, London, TW1 2EJ",salon,London,GB,No website listed on OpenStreetMap for this salon - potential web design / marketing lead.,2026-08-26
Bellore Nail Master,+44 20 8058 2525,"2 Queens Parade, London, N8 0RD",salon,London,GB,No website listed on OpenStreetMap for this salon - potential web design / marketing lead.,2026-08-26
VIP,+44 20 8888 0816,"437 West Green Road, London, N15 3PL",salon,London,GB,No website listed on OpenStreetMap for this salon - potential web design / marketing lead.,2026-08-26
Dream Hair Salon,+44 7404 929 321,"416 West Green Road, London, N15 3PU",salon,London,GB,No website listed on OpenStreetMap for this salon - potential web design / marketing lead.,2026-08-26
Blossom Boutique,+44 20 8881 3444,"414 West Green Road, London, N15 3PU",salon,London,GB,No website listed on OpenStreetMap for this salon - potential web design / marketing lead.,2026-08-26
One Love Barber Salon,+44 7984 982 398,"396 West Green Road, London, N15 3PX",salon,London,GB,No website listed on OpenStreetMap for this salon - potential web design / marketing lead.,2026-08-26
Tracy's Nails,+44 20 3538 7748,"394 West Green Road, London, N15 3PX",salon,London,GB,No website listed on OpenStreetMap for this salon - potential web design / marketing lead.,2026-08-26
EZ Hair & Beauty,+44 20 8881 7405,"323 West Green Road, London, N15 3PA",salon,London,GB,No website listed on OpenStreetMap for this salon - potential web design / marketing lead.,2026-08-26
Simply U,+44 20 8881 2971,"2 Vicarage Parade, London, N15 3BL",salon,London,GB,No website listed on OpenStreetMap for this salon - potential web design / marketing lead.,2026-08-26
Tom Nails,+44 7846 944 706,"55 West Green Road, London, N15 5DA",salon,London,GB,No website listed on OpenStreetMap for this salon - potential web design / marketing lead.,2026-08-26
Bab-Zee Salon,+44 20 8809 2866,"61 West Green Road, London, N15 5DA",salon,London,GB,No website listed on OpenStreetMap for this salon - potential web design / marketing lead.,2026-08-26
Dream Nails,+44 181 800 3621,"81 West Green Road, London, N15 5DA",salon,London,GB,No website listed on OpenStreetMap for this salon - potential web design / marketing lead.,2026-08-26
Nice Cut,+44 20 8802 4545,"83 West Green Road, London, N15 5DA",salon,London,GB,No website listed on OpenStreetMap for this salon - potential web design / marketing lead.,2026-08-26
S&C Hair-Lashes,+44 20 8802 8778,"45 West Green Road, London, N15 5BY",salon,London,GB,No website listed on OpenStreetMap for this salon - potential web design / marketing lead.,2026-08-26
Plush,+44 20 8809 2823,"39 West Green Road, London, N15 5BY",salon,London,GB,No website listed on OpenStreetMap for this salon - potential web design / marketing lead.,2026-08-26
Glam Laser Clinic,+44 20 8371 1828,"8 Holders Hill Parade, London, NW7 1LY",salon,London,GB,No website listed on OpenStreetMap for this salon - potential web design / marketing lead.,2026-08-26
Andrew's,+44 349 1472,"13 Bittacy Hill, London, NW7 1HS",salon,London,GB,No website listed on OpenStreetMap for this salon - potential web design / marketing lead.,2026-08-26
New York Hair Design,+44 20 8888 33971,"Langham Parade, London, N15 3ND",salon,London,GB,No website listed on OpenStreetMap for this salon - potential web design / marketing lead.,2026-08-26
Joelle Shades,+44 20 8800 7019,"2B Seven Sisters Road, London, N4 1FS",salon,London,GB,No website listed on OpenStreetMap for this salon - potential web design / marketing lead.,2026-08-26
Sara Salon,+44 20 8446 3119,"335 Ballards Lane, London, N12 8LT",salon,London,GB,No website listed on OpenStreetMap for this salon - potential web design / marketing lead.,2026-08-26
Heny Aesthetics,+44 20 3718 7470,"332 Ballards Lane, London",salon,London,GB,No website listed on OpenStreetMap for this salon - potential web design / marketing lead.,2026-08-26
TOP Nails & Beauty,+44 20 3435 9996,"252 Camberwell Road, London",salon,London,GB,No website listed on OpenStreetMap for this salon - potential web design / marketing lead.,2026-08-26
The Glow Club,+44 2083 416 004,"92a High Street, London, N8 7NT",salon,London,GB,No website listed on OpenStreetMap for this salon - potential web design / marketing lead.,2026-08-26
Sanna's Slimming,+44 20 3489 7668,"96 High Street, London, N8 7NT",salon,London,GB,No website listed on OpenStreetMap for this salon - potential web design / marketing lead.,2026-08-26
Azera Beauty Clinic,+44 20 3380 4396,"94 High Street, London, N8 7NT",salon,London,GB,No website listed on OpenStreetMap for this salon - potential web design / marketing lead.,2026-08-26
Perfection Hair & Nail,+44 20 8813 1800,London,salon,London,GB,No website listed on OpenStreetMap for this salon - potential web design / marketing lead.,2026-08-26
Amour Beauty,+44 7914 696238,"6 The Pavement, London, W5 4NG",salon,London,GB,No website listed on OpenStreetMap for this salon - potential web design / marketing lead.,2026-08-26
Allesandra,+44 20 8962 0077,"81 Chamberlayne Road, London",salon,London,GB,No website listed on OpenStreetMap for this salon - potential web design / marketing lead.,2026-08-26
W5 Barbers,+44 20 8997 7840,"8 Queens Parade, London, W5 3HU",salon,London,GB,No website listed on OpenStreetMap for this salon - potential web design / marketing lead.,2026-08-26
Master Style,+44 20 8259 3266,"3 Boileau Parade, London, W5 3AQ",salon,London,GB,No website listed on OpenStreetMap for this salon - potential web design / marketing lead.,2026-08-26
Best Barbers,+44 20 3302 8687,"64 Craven Park Road, London",salon,London,GB,No website listed on OpenStreetMap for this salon - potential web design / marketing lead.,2026-08-26
Cutz,+44 20 8838 5853,"41 Craven Park Road, London",salon,London,GB,No website listed on OpenStreetMap for this salon - potential web design / marketing lead.,2026-08-26
California Nail Fashions,+44 20 8838 5388,"47 Craven Park Road, London",salon,London,GB,No website listed on OpenStreetMap for this salon - potential web design / marketing lead.,2026-08-26
Control Barbers,+44 20 3602 3263,"Craven Park Road, London",salon,London,GB,No website listed on OpenStreetMap for this salon - potential web design / marketing lead.,2026-08-26
Prestige Hair Studio,+44 20 3592 3981,"5 Craven Park Road, London",salon,London,GB,No website listed on OpenStreetMap for this salon - potential web design / marketing lead.,2026-08-26
Magic Nails,+44 20 8965 6666,"22 Craven Park Road, London, NW10 4AB",salon,London,GB,No website listed on OpenStreetMap for this salon - potential web design / marketing lead.,2026-08-26
De Boudoir,+44 20 3105 5096,"19 Craven Park Road, London",salon,London,GB,No website listed on OpenStreetMap for this salon - potential web design / marketing lead.,2026-08-26
God's Mercy Salon de Coiffure,+44 7440 084676;+44 7840 219644,"8 High Street Harlesden, London",salon,London,GB,No website listed on OpenStreetMap for this salon - potential web design / marketing lead.,2026-08-26
Jinny's,+44 20 8961 4449,"4 High Street Harlesden, London",salon,London,GB,No website listed on OpenStreetMap for this salon - potential web design / marketing lead.,2026-08-26
Mansa'a,+44 20 8965 5853,"44 Park Parade, London",salon,London,GB,No website listed on OpenStreetMap for this salon - potential web design / marketing lead.,2026-08-26
Silvia Cardoso Hair & Beauty,+44 7565 321029,"68 Park Parade, London",salon,London,GB,No website listed on OpenStreetMap for this salon - potential web design / marketing lead.,2026-08-26
Hair by Helen,+44 20 8961 2542,"27 Park Parade, London",salon,London,GB,No website listed on OpenStreetMap for this salon - potential web design / marketing lead.,2026-08-26
Hollywood Nails,+44 20 8965 3086,"125 High Street Harlesden, London",salon,London,GB,No website listed on OpenStreetMap for this salon - potential web design / marketing lead.,2026-08-26
House Of Nailz,+44 753 494 1410,"51A Mayes Road, London, N22 6TL",salon,London,GB,No website listed on OpenStreetMap for this salon - potential web design / marketing lead.,2026-08-26
Estilo BR,+44 7874 072118,"228 High Street Harlesden, London",salon,London,GB,No website listed on OpenStreetMap for this salon - potential web design / marketing lead.,2026-08-26
Coimbra Beauty,+44 7999 534856,"232 High Street Harlesden, London",salon,London,GB,No website listed on OpenStreetMap for this salon - potential web design / marketing lead.,2026-08-26
Muse Beauty,+44 20 8886 9966,"1-3 Ashfield Parade, London, N14 5EH",salon,London,GB,No website listed on OpenStreetMap for this salon - potential web design / marketing lead.,2026-08-26
Tina Nails and Spa,+44 7365 868 686,"17 The Broadway, London, N14 6PH",salon,London,GB,No website listed on OpenStreetMap for this salon - potential web design / marketing lead.,2026-08-26
C&H Southgate Nail Bar,+44 20 8882 6665,"24a The Broadway, London, N14 6PH",salon,London,GB,No website listed on OpenStreetMap for this salon - potential web design / marketing lead.,2026-08-26
Andy's Barber Shop,+44 20 8882 7137,"1 The Broadway, London, N14 6PJ",salon,London,GB,No website listed on OpenStreetMap for this salon - potential web design / marketing lead.,2026-08-26
Hot Nails,+44 20 8882 1000,"44 Chase Side, London, N14 5BT",salon,London,GB,No website listed on OpenStreetMap for this salon - potential web design / marketing lead.,2026-08-26
The Cutting Company 2,+44 20 8886 9401,"74 Chase Side, London, N14 5PH",salon,London,GB,No website listed on OpenStreetMap for this salon - potential web design / marketing lead.,2026-08-26
Gen's Cut,+44 20 8886 4831,"92 Crown Lane, London, N14 5EN",salon,London,GB,No website listed on OpenStreetMap for this salon - potential web design / marketing lead.,2026-08-26
Lahori West,+44 7574 530340,"2a Broadway, London",salon,London,GB,No website listed on OpenStreetMap for this salon - potential web design / marketing lead.,2026-08-26
Ginna Hair And Beauty,+44 20 3084 2179,"3 Northfield Avenue, London, W13 9QP",salon,London,GB,No website listed on OpenStreetMap for this salon - potential web design / marketing lead.,2026-08-26
Root Masters Salon,+44 20 7018 5515,"56 Cricklewood Lane, London, NW2 1HG",salon,London,GB,No website listed on OpenStreetMap for this salon - potential web design / marketing lead.,2026-08-26
Shades Hair Studio,+44 20 7483 3614,"2 Erskine Road, London",salon,London,GB,No website listed on OpenStreetMap for this salon - potential web design / marketing lead.,2026-08-26
La Coupé,+44 20 3583 7171,"80 Alderman's Hill, London, N13 4PP",salon,London,GB,No website listed on OpenStreetMap for this salon - potential web design / marketing lead.,2026-08-26
MW Nails & Beauty,+44 20 3302 8182,"80 Commercial Street, London, E1 6LY",salon,London,GB,No website listed on OpenStreetMap for this salon - potential web design / marketing lead.,2026-08-26
Ace Afro Hear & Beauty Superstore,+44 20 8690 4281,"146 Rushey Green, London",salon,London,GB,No website listed on OpenStreetMap for this salon - potential web design / marketing lead.,2026-08-26
TT Nails Boutique,+44 20 7207 9053,"257 New Cross Road, London, SE14 5UL",salon,London,GB,No website listed on OpenStreetMap for this salon - potential web design / marketing lead.,2026-08-26
Gabby's,+44 20 7701 8100,"52 Camberwell Church Street, London, SE5 8QZ",salon,London,GB,No website listed on OpenStreetMap for this salon - potential web design / marketing lead.,2026-08-26
Marbella Hair & Beauty Salon,+44 7448 945973,"58 Camberwell Church Street, London, SE5 8QZ",salon,London,GB,No website listed on OpenStreetMap for this salon - potential web design / marketing lead.,2026-08-26
Refined Male Grooming,+44 20 7701 3314,"77 Denmark Hill, London, SE5 8RS",salon,London,GB,No website listed on OpenStreetMap for this salon - potential web design / marketing lead.,2026-08-26
Kalomarsthetic,+44 20 7018 4430,"45 Denmark Hill, London, SE5 8RS",salon,London,GB,No website listed on OpenStreetMap for this salon - potential web design / marketing lead.,2026-08-26
Esty Perfect Beauty World,+44 20 7277 0756,"71 Camberwell Church Street, London, SE5 8TR",salon,London,GB,No website listed on OpenStreetMap for this salon - potential web design / marketing lead.,2026-08-26
Kevin Joseph,+44 1895 237238,London,salon,London,GB,No website listed on OpenStreetMap for this salon - potential web design / marketing lead.,2026-08-26
Hombre Hair by Adam,+44 1923 836657,London,salon,London,GB,No website listed on OpenStreetMap for this salon - potential web design / marketing lead.,2026-08-26
Hair by Laura,+44 1923 824783,"43 Joel Street, London",salon,London,GB,No website listed on OpenStreetMap for this salon - potential web design / marketing lead.,2026-08-26
Divine,+44 1923 825781,"41 Joel Street, London",salon,London,GB,No website listed on OpenStreetMap for this salon - potential web design / marketing lead.,2026-08-26
Victorious Hair & Beauty Salon,+442085090998,"76 Markhouse Road, London, E17 8BG",salon,London,GB,No website listed on OpenStreetMap for this salon - potential web design / marketing lead.,2026-08-26
Chris's Hairdressers,+44 20 8845 5333,"272 Kingshill Avenue, Hayes, UB4 8BY",salon,London,GB,No website listed on OpenStreetMap for this salon - potential web design / marketing lead.,2026-08-26
Jeff's Hairdressers,+44 20 8842 1230,"278 Kingshill Avenue, Hayes, UB4 8BY",salon,London,GB,No website listed on OpenStreetMap for this salon - potential web design / marketing lead.,2026-08-26
Emma's Nails,+44 20 8399 6930,"47a Victoria Road, London",salon,London,GB,No website listed on OpenStreetMap for this salon - potential web design / marketing lead.,2026-08-26
Max Barbers,+44 7958 180925,"2 Walham Green Court, Cedarne Road,, London, SW6 2DH",salon,London,GB,No website listed on OpenStreetMap for this salon - potential web design / marketing lead.,2026-08-26
NIOD,+44 20 3971 4820,"73-75 Monmouth Street, London, WC2H 9DG",salon,London,GB,No website listed on OpenStreetMap for this salon - potential web design / marketing lead.,2026-08-26
Cove17,+447565788078,"35 St James Street, London, E17 7FY",salon,London,GB,No website listed on OpenStreetMap for this salon - potential web design / marketing lead.,2026-08-26
Leon's Barber,+44 20 3712 0042,"52 Bellegrove Road, Welling, DA16 3PY",salon,London,GB,No website listed on OpenStreetMap for this salon - potential web design / marketing lead.,2026-08-26
B Barber,+44 7915 359666,"1a Kilburn Bridge, London",salon,London,GB,No website listed on OpenStreetMap for this salon - potential web design / marketing lead.,2026-08-26
Tribal Braids & Beauty Salon,+44 7508 337852,"363 High Road, London, N22 8JA",salon,London,GB,No website listed on OpenStreetMap for this salon - potential web design / marketing lead.,2026-08-26
Golden Cut Barbers,+44 20 8881 0461,"365 High Road, London, N22 8JA",salon,London,GB,No website listed on OpenStreetMap for this salon - potential web design / marketing lead.,2026-08-26
Relax Room,+44 7861 845 185,"4 Dennis Parade, London, N14 6AA",salon,London,GB,No website listed on OpenStreetMap for this salon - potential web design / marketing lead.,2026-08-26
May's,+44 7498 309389,London,salon,London,GB,No website listed on OpenStreetMap for this salon - potential web design / marketing lead.,2026-08-26
Ella,+44 20 7501 9696,London,salon,London,GB,No website listed on OpenStreetMap for this salon - potential web design / marketing lead.,2026-08-26
ML Illyrian Beauty,+44 7389 758 777,"60 High Street, London, N14 6EB",salon,London,GB,No website listed on OpenStreetMap for this salon - potential web design / marketing lead.,2026-08-26
Beauty Suite,+44 20 8550 8892,"222 Redbridge Lane East, London",salon,London,GB,No website listed on OpenStreetMap for this salon - potential web design / marketing lead.,2026-08-26
Style House,+44 20 8551 9133,"226 Redbridge Lane East, London",salon,London,GB,No website listed on OpenStreetMap for this salon - potential web design / marketing lead.,2026-08-26
Reach Hair Studio,+44 20 3833 9139,London,salon,London,GB,No website listed on OpenStreetMap for this salon - potential web design / marketing lead.,2026-08-26
Cutflowers,+44 20 7633 9992,"35 The Cut, London",salon,London,GB,No website listed on OpenStreetMap for this salon - potential web design / marketing lead.,2026-08-26
Cupcake Nails,+44 203 3076600,"52 Paddington Street, London, W1U 4HS",salon,London,GB,No website listed on OpenStreetMap for this salon - potential web design / marketing lead.,2026-08-26
Ali Hairdresser,+44 20 8554 5992,"121 Belgrave Road, London",salon,London,GB,No website listed on OpenStreetMap for this salon - potential web design / marketing lead.,2026-08-26
Salon de Coiffure,+44 20 8980 5164,"363 Mile End Road, London, E3 4QS",salon,London,GB,No website listed on OpenStreetMap for this salon - potential web design / marketing lead.,2026-08-26
Heena's Beauty,+44 20 7998 0355,London,salon,London,GB,No website listed on OpenStreetMap for this salon - potential web design / marketing lead.,2026-08-26
Eclipse Hair & Beauty,+44 20 3583 8781,London,salon,London,GB,No website listed on OpenStreetMap for this salon - potential web design / marketing lead.,2026-08-26
London Gentz,+44 7801 239032,London,salon,London,GB,No website listed on OpenStreetMap for this salon - potential web design / marketing lead.,2026-08-26
Boss Barbershop,+44 7869 088044,"31 Woodford Avenue, London",salon,London,GB,No website listed on OpenStreetMap for this salon - potential web design / marketing lead.,2026-08-26
Lin Hair Salon,+44 20 8551 1338,London,salon,London,GB,No website listed on OpenStreetMap for this salon - potential web design / marketing lead.,2026-08-26
Vagabond's Hair Studio,+44 7438 516189,London,salon,London,GB,No website listed on OpenStreetMap for this salon - potential web design / marketing lead.,2026-08-26
My Core Beauty,+44 1923 450189,"14A Joel Street, London",salon,London,GB,No website listed on OpenStreetMap for this salon - potential web design / marketing lead.,2026-08-26
Rupa's Teck-niques,+44 20 8518 0999,London,salon,London,GB,No website listed on OpenStreetMap for this salon - potential web design / marketing lead.,2026-08-26
Envy Nails,+44 20 8941 1225,"High Street, London",salon,London,GB,No website listed on OpenStreetMap for this salon - potential web design / marketing lead.,2026-08-26
Altin Maka Traditional Turkish Barbering,+44 20 7249 9944,"Stoke Newington Road, London",salon,London,GB,No website listed on OpenStreetMap for this salon - potential web design / marketing lead.,2026-08-26
Unisex Hairdressers,+44 20 7709 8338,"639 Commercial Road, London, E14 7NT",salon,London,GB,No website listed on OpenStreetMap for this salon - potential web design / marketing lead.,2026-08-26
4H Barbers,+44 20 8894 4141,London,salon,London,GB,No website listed on OpenStreetMap for this salon - potential web design / marketing lead.,2026-08-26
N'DAO Shoreditch,+44 20 7018 7117,"35 Waterson Street, London, E2 8HT",salon,London,GB,No website listed on OpenStreetMap for this salon - potential web design / marketing lead.,2026-08-26
Lavia's Hair and Beauty Centre,+44 20 4597 8601,London,salon,London,GB,No website listed on OpenStreetMap for this salon - potential web design / marketing lead.,2026-08-26
HD Hair & Beauty,+44 20 8677 3700,"135 Streatham High Road, London",salon,London,GB,No website listed on OpenStreetMap for this salon - potential web design / marketing lead.,2026-08-26
MJ Barber,+44 1923 519007,London,salon,London,GB,No website listed on OpenStreetMap for this salon - potential web design / marketing lead.,2026-08-26
Lavish Looks,+44 20 3538 1792,"12 Broadway Parade, Staton Road, Harrow, HA2 7SY",salon,London,GB,No website listed on OpenStreetMap for this salon - potential web design / marketing lead.,2026-08-26
Paul's Hair for Men,+44 208 427 1910,"15 Broadwalk, Pinner Road, Harrow, HA2 6ED",salon,London,GB,No website listed on OpenStreetMap for this salon - potential web design / marketing lead.,2026-08-26
I Shree Beauty Salon,+44 203 689 4257,London,salon,London,GB,No website listed on OpenStreetMap for this salon - potential web design / marketing lead.,2026-08-26
I Shree Hairstyle,+44 7466 666203,London,salon,London,GB,No website listed on OpenStreetMap for this salon - potential web design / marketing lead.,2026-08-26
Jenny's Beauty,+44 7540 180521,"18 Rye Lane, London",salon,London,GB,No website listed on OpenStreetMap for this salon - potential web design / marketing lead.,2026-08-26
Geezer Barbers,+44 7446 652 993,"87 Lillie Road, London, SW6 1UD",salon,London,GB,No website listed on OpenStreetMap for this salon - potential web design / marketing lead.,2026-08-26
X Nails,+44 7726 773885,"9 Limpsfield Road, South Croydon, CR2 9LA",salon,London,GB,No website listed on OpenStreetMap for this salon - potential web design / marketing lead.,2026-08-26
Groomed Barbers,+44 20 8657 8888,"33 Limpsfield Road, South Croydon, CR2 9LA",salon,London,GB,No website listed on OpenStreetMap for this salon - potential web design / marketing lead.,2026-08-26
Beautiful Nails,+44 20 8657 9881,"35 Limpsfield Road, South Croydon, CR2 9LA",salon,London,GB,No website listed on OpenStreetMap for this salon - potential web design / marketing lead.,2026-08-26
Star Barbers,+44 20 8657 7711,"47 Limpsfield Road, South Croydon, CR2 9LA",salon,London,GB,No website listed on OpenStreetMap for this salon - potential web design / marketing lead.,2026-08-26
Star Light Hair & Beauty,+44 20 7732 2019,"819 Old Kent Road, London, SE15 1NX",salon,London,GB,No website listed on OpenStreetMap for this salon - potential web design / marketing lead.,2026-08-26
Supply 91 Marylebone,+44 20 4538 2188,"25 Baker Street, London, W1U 8AZ",salon,London,GB,No website listed on OpenStreetMap for this salon - potential web design / marketing lead.,2026-08-26
Paris St. Clair,+44 20 8688 9149,London,salon,London,GB,No website listed on OpenStreetMap for this salon - potential web design / marketing lead.,2026-08-26
I-Luxe,+44 208 650 8339,"146 High Street, Beckenham, BR3 1EA",salon,London,GB,No website listed on OpenStreetMap for this salon - potential web design / marketing lead.,2026-08-26
Tips2Toes,+44 203 601 3033,"282 High Street, Beckenham, BR3 1DY",salon,London,GB,No website listed on OpenStreetMap for this salon - potential web design / marketing lead.,2026-08-26
Strands,+44 20 8567 8504,"128 Uxbridge Road, London",salon,London,GB,No website listed on OpenStreetMap for this salon - potential web design / marketing lead.,2026-08-26
Raz Barbers,+44 20 8651 0404,"202 Addington Road, South Croydon, CR2 8LD",salon,London,GB,No website listed on OpenStreetMap for this salon - potential web design / marketing lead.,2026-08-26
The Sun Lounger,+44 20 3489 4242,"218 Addington Road, South Croydon, CR2 8LD",salon,London,GB,No website listed on OpenStreetMap for this salon - potential web design / marketing lead.,2026-08-26
Zain's Barber,+44 20 8412 0991,"222 Addington Road, South Croydon, CR2 8LD",salon,London,GB,No website listed on OpenStreetMap for this salon - potential web design / marketing lead.,2026-08-26
Selsdon Nail Salon,+44 20 8616 0422,"125 Addington Road, South Croydon, CR2 8LH",salon,London,GB,No website listed on OpenStreetMap for this salon - potential web design / marketing lead.,2026-08-26
Gem Nails & Spa,+44 20 8657 8855,"145 Addington Road, South Croydon, CR2 8LH",salon,London,GB,No website listed on OpenStreetMap for this salon - potential web design / marketing lead.,2026-08-26
Crew,+403301332096,"196 Kingston Road, London, TW11 9JD",salon,London,GB,No website listed on OpenStreetMap for this salon - potential web design / marketing lead.,2026-08-26
Getou Coiffure,+44 20 8801 1328,"602 High Road, London, N17 9TA",salon,London,GB,No website listed on OpenStreetMap for this salon - potential web design / marketing lead.,2026-08-26
The Nail Room Bow,+44 20 8980 9910,"4 Gladstone Place, London, E3 5EU",salon,London,GB,No website listed on OpenStreetMap for this salon - potential web design / marketing lead.,2026-08-26
Precious Gems Hair & Beauty,+44 7850 753046,London,salon,London,GB,No website listed on OpenStreetMap for this salon - potential web design / marketing lead.,2026-08-26
Jo Locs,+44 20 3441 8410,"68 Clarence Road, London",salon,London,GB,No website listed on OpenStreetMap for this salon - potential web design / marketing lead.,2026-08-26
Precious,+44 79 3961 0448,"262 Old Kent Road, London",salon,London,GB,No website listed on OpenStreetMap for this salon - potential web design / marketing lead.,2026-08-26
Twickenham Salon,+44 20 8894 4103,"30 Fourth Cross Road, London, TW2 5EL",salon,London,GB,No website listed on OpenStreetMap for this salon - potential web design / marketing lead.,2026-08-26
Michael's Hairstylists,+44 7930 533417;+44 7882 439387,"12 Sheaveshill Avenue, London, NW9 6RS",salon,London,GB,No website listed on OpenStreetMap for this salon - potential web design / marketing lead.,2026-08-26
E5 Hair & Beauty,+44 20 8806 1682,"128 Upper Clapton Road, London",salon,London,GB,No website listed on OpenStreetMap for this salon - potential web design / marketing lead.,2026-08-26
Groovy Hair Salon,+44 20 7734 5555,"38 Frith Street, London",salon,London,GB,No website listed on OpenStreetMap for this salon - potential web design / marketing lead.,2026-08-26
Jazz's Barbers,+44 20 8994 0128,"184 Acton Lane, London",salon,London,GB,No website listed on OpenStreetMap for this salon - potential web design / marketing lead.,2026-08-26
SP Aesthetic & Glam Clinic,+44 20 8994 4609,"28 Steele Road, London",salon,London,GB,No website listed on OpenStreetMap for this salon - potential web design / marketing lead.,2026-08-26
Amy Nails,+44 20 8335 3159,"88 Washington Road, Worcester Park, KT4 8HX",salon,London,GB,No website listed on OpenStreetMap for this salon - potential web design / marketing lead.,2026-08-26
USA Nails,+44 20 3080 0607,"415B North End Road, London, SW6 1NS",salon,London,GB,No website listed on OpenStreetMap for this salon - potential web design / marketing lead.,2026-08-26
Pretty Nails,+44 20 7381 2664,"347 North End Road, London, SW6 1NN",salon,London,GB,No website listed on OpenStreetMap for this salon - potential web design / marketing lead.,2026-08-26
The Nail Bar,+44 20 7381 9268,"18 Dawes Road, London, SW6 7EN",salon,London,GB,No website listed on OpenStreetMap for this salon - potential web design / marketing lead.,2026-08-26
MK Nails and Spa,+44 20 3417 0800,"655 Fulham Road, London, SW6 5PY",salon,London,GB,No website listed on OpenStreetMap for this salon - potential web design / marketing lead.,2026-08-26
West Crew Cut,+44 20 3509 7474,"2a Cassidy Road, London, SW6 5QH",salon,London,GB,No website listed on OpenStreetMap for this salon - potential web design / marketing lead.,2026-08-26
Kerrys Hair Chamber,+44 7377 162 051,"1 Farm Lane, London, SW6 1PU",salon,London,GB,No website listed on OpenStreetMap for this salon - potential web design / marketing lead.,2026-08-26
Smelli Hair,+44 20 7096 3318,"246 North End Road, London, SW6 1NL",salon,London,GB,No website listed on OpenStreetMap for this salon - potential web design / marketing lead.,2026-08-26
Elegant Nails,+44 20 7610 2784,"86b Lillie Road, London, SW6 1TL",salon,London,GB,No website listed on OpenStreetMap for this salon - potential web design / marketing lead.,2026-08-26
NT Barbers,+44 20 8941 6971,"74 Milton Road, London, TW12 2LJ",salon,London,GB,No website listed on OpenStreetMap for this salon - potential web design / marketing lead.,2026-08-26
Harper & Hawkins,+44 20 8941 7475,"4 Station Approach, London",salon,London,GB,No website listed on OpenStreetMap for this salon - potential web design / marketing lead.,2026-08-26
The Difference,+44 20 7272 5273,"89 Junction Road, London, N19 5QU",salon,London,GB,No website listed on OpenStreetMap for this salon - potential web design / marketing lead.,2026-08-26
Smart Design,+44 20 7561 0398,"17 Stroud Green Road, London",salon,London,GB,No website listed on OpenStreetMap for this salon - potential web design / marketing lead.,2026-08-26
Jowas Barbers,+44 7951 226028,"34 Peckham High Street, London, SE15 5DP",salon,London,GB,No website listed on OpenStreetMap for this salon - potential web design / marketing lead.,2026-08-26
Ivor's Barbers,+44 20 7624 9287,"338 Kilburn High Road, London",salon,London,GB,No website listed on OpenStreetMap for this salon - potential web design / marketing lead.,2026-08-26
LM Hair,+44 20 7238 0226,"330 Kilburn High Road, London",salon,London,GB,No website listed on OpenStreetMap for this salon - potential web design / marketing lead.,2026-08-26
The Retreat,+44 20 7272 9997,"48 Junction Road, London, N19 5RD",salon,London,GB,No website listed on OpenStreetMap for this salon - potential web design / marketing lead.,2026-08-26
Headlines,+44 20 7485 1686,"61 Camden Road, London",salon,London,GB,No website listed on OpenStreetMap for this salon - potential web design / marketing lead.,2026-08-26
USA Star Nails,+44 20 7625 1887,"270 Belsize Road, London, NW6 4BT",salon,London,GB,No website listed on OpenStreetMap for this salon - potential web design / marketing lead.,2026-08-26
Rashvi,+44 7557 956559,"4 Kilburn Bridge, London, NW6 6HT",salon,London,GB,No website listed on OpenStreetMap for this salon - potential web design / marketing lead.,2026-08-26
Yahweh Hair Academy,+44 20 8299 0663,"321 Underhill Road, London",salon,London,GB,No website listed on OpenStreetMap for this salon - potential web design / marketing lead.,2026-08-26
Yoella Hair Salon,+44 20 7931 0501,"95 Rochester Row, London, SW1P 1LJ",salon,London,GB,No website listed on OpenStreetMap for this salon - potential web design / marketing lead.,2026-08-26
Valentino Hairdresser's,+44 20 7928 2890,"23, London",salon,London,GB,No website listed on OpenStreetMap for this salon - potential web design / marketing lead.,2026-08-26
Goaties,+44 20 7833 1525,"318 St. John Street, London",salon,London,GB,No website listed on OpenStreetMap for this salon - potential web design / marketing lead.,2026-08-26
Jummy's,+44 20 7372 7774,"214 Kilburn High Road, London, NW6 4JH",salon,London,GB,No website listed on OpenStreetMap for this salon - potential web design / marketing lead.,2026-08-26
Emma & Ola,+44 20 7813 4205,"216 Kilburn High Road, London, NW6 4JH",salon,London,GB,No website listed on OpenStreetMap for this salon - potential web design / marketing lead.,2026-08-26
Ted's Grooming Room,+44 20 7631 4463,"20 Charlotte Street, London, W1T 2NA",salon,London,GB,No website listed on OpenStreetMap for this salon - potential web design / marketing lead.,2026-08-26
Slick Cuts,+44 20 8763 0988,"6 Station Approach, Purley, CR8 2AP",salon,London,GB,No website listed on OpenStreetMap for this salon - potential web design / marketing lead.,2026-08-26
Layla's Unique Beauty And Nails,+44 20 8763 9354,"7 Whytecliffe Road South, Purley, CR8 2AY",salon,London,GB,No website listed on OpenStreetMap for this salon - potential web design / marketing lead.,2026-08-26
Adem Hair Design,+44 20 8668 1056,"3 Whytecliffe Road South, Purley, CR8 2AY",salon,London,GB,No website listed on OpenStreetMap for this salon - potential web design / marketing lead.,2026-08-26
Pure Indulgence,+44 20 7278 9789,London,salon,London,GB,No website listed on OpenStreetMap for this salon - potential web design / marketing lead.,2026-08-26
Legacy Barbers,+44 7561 462302,"141 North End Road, London",salon,London,GB,No website listed on OpenStreetMap for this salon - potential web design / marketing lead.,2026-08-26
N.V. Barbers,+44 20 7247 7629,"223 Shoreditch High Street, London",salon,London,GB,No website listed on OpenStreetMap for this salon - potential web design / marketing lead.,2026-08-26
Tan On,+44 20 8749 7471,"110-112 Shepherd's Bush Green, London",salon,London,GB,No website listed on OpenStreetMap for this salon - potential web design / marketing lead.,2026-08-26
Ted's Grooming Room,+44 20 7494 4157,"42 Berwick Street, London, W1F 8RZ",salon,London,GB,No website listed on OpenStreetMap for this salon - potential web design / marketing lead.,2026-08-26
Nail Bar,+44 20 8054 5154,"237 Greenwich High Road, London",salon,London,GB,No website listed on OpenStreetMap for this salon - potential web design / marketing lead.,2026-08-26
Galina Hair Studio,+44 20 7377 9932,"14 Bell Lane, London, E1 7LA",salon,London,GB,No website listed on OpenStreetMap for this salon - potential web design / marketing lead.,2026-08-26
Isar,+44 20 7247 0057,London,salon,London,GB,No website listed on OpenStreetMap for this salon - potential web design / marketing lead.,2026-08-26
Galaxy Nails,+44 7779 139999,"21, 21A Arlington Way, London",salon,London,GB,No website listed on OpenStreetMap for this salon - potential web design / marketing lead.,2026-08-26
Angelo Gents' Hairdressers,+44 20 7405 6251,"50a Lincoln's Inn Fields, London, WC2A 3PF",salon,London,GB,No website listed on OpenStreetMap for this salon - potential web design / marketing lead.,2026-08-26
Slique Spa,+44 20 8671 0227,"81 Norwood Road, London, SE24 9AA",salon,London,GB,No website listed on OpenStreetMap for this salon - potential web design / marketing lead.,2026-08-26
Palace Barber Shop,+44 20 8761 5835,"62 Westow Hill, London, SE19 1RX",salon,London,GB,No website listed on OpenStreetMap for this salon - potential web design / marketing lead.,2026-08-26
Crystal Nails,+44 20 8670 3221,"40 Westow Hill, London, SE19 1RX",salon,London,GB,No website listed on OpenStreetMap for this salon - potential web design / marketing lead.,2026-08-26
2nd Glance Hair & Beauty Salon,+44 7508 210719,London,salon,London,GB,No website listed on OpenStreetMap for this salon - potential web design / marketing lead.,2026-08-26
Way Ahead,+44 20 8653 7342,London,salon,London,GB,No website listed on OpenStreetMap for this salon - potential web design / marketing lead.,2026-08-26
H & J Nails,+44 20 7263 1956,"499B Hornsey Road, London",salon,London,GB,No website listed on OpenStreetMap for this salon - potential web design / marketing lead.,2026-08-26
Barber Hut,+44 20 7281 3238,London,salon,London,GB,No website listed on OpenStreetMap for this salon - potential web design / marketing lead.,2026-08-26
Mad Lillies,+44 20 7794 4313;+44 20 7435 3869,"Heath Street, London, NW3 6TE",salon,London,GB,No website listed on OpenStreetMap for this salon - potential web design / marketing lead.,2026-08-26
JS Hair & Beauty,+44 20 7435 9616;+44 20 7435 9722,"Heath Street, London, NW3 6TP",salon,London,GB,No website listed on OpenStreetMap for this salon - potential web design / marketing lead.,2026-08-26
20-hair,+44 20 7431 7456,"Heath Street, London, NW3 1DR",salon,London,GB,No website listed on OpenStreetMap for this salon - potential web design / marketing lead.,2026-08-26
Reis Hair Salon,+44 20 8870 6660,"121 Wandsworth High Street, London, SW18 4JB",salon,London,GB,No website listed on OpenStreetMap for this salon - potential web design / marketing lead.,2026-08-26
BEBROWN,+44 20 8870 7155,"127,129 Wandsworth High Street, London, SW18 4JB",salon,London,GB,No website listed on OpenStreetMap for this salon - potential web design / marketing lead.,2026-08-26
Stars Barbers,+44 20 7228 5390,"145 Saint John's Hill, London",salon,London,GB,No website listed on OpenStreetMap for this salon - potential web design / marketing lead.,2026-08-26
Bella's Bar,+44 20 7223 8085,London,salon,London,GB,No website listed on OpenStreetMap for this salon - potential web design / marketing lead.,2026-08-26
Rush Hair,+44 20 8987 8854,"380 Chiswick High Road, London",salon,London,GB,No website listed on OpenStreetMap for this salon - potential web design / marketing lead.,2026-08-26
ChaRene Nail Spa,+44 20 8994 2550,"462a,462 Chiswick High Road, London",salon,London,GB,No website listed on OpenStreetMap for this salon - potential web design / marketing lead.,2026-08-26
Shavata Singh,+44 203 026 5520,"274 Chiswick High Road, London, W4 1PD",salon,London,GB,No website listed on OpenStreetMap for this salon - potential web design / marketing lead.,2026-08-26
EverySkin,+44 20 4568 4665,"250 Chiswick High Road, London",salon,London,GB,No website listed on OpenStreetMap for this salon - potential web design / marketing lead.,2026-08-26
Rich Nails,+44 20 8987 9099,London,salon,London,GB,No website listed on OpenStreetMap for this salon - potential web design / marketing lead.,2026-08-26
Camden Nails & Beauty,+44 20 7284 3366,"73 Parkway, London, NW1 7PP",salon,London,GB,No website listed on OpenStreetMap for this salon - potential web design / marketing lead.,2026-08-26
Goldilocks,+44 20 8444 1466,"329 Muswell Hill Broadway, London, N10 1BY",salon,London,GB,No website listed on OpenStreetMap for this salon - potential web design / marketing lead.,2026-08-26
Ace Barbers,+44 20 7700 7371,"81 Parkhurst Road, London, N7 0LP",salon,London,GB,No website listed on OpenStreetMap for this salon - potential web design / marketing lead.,2026-08-26
The Strand,+44 1322 525196,"5 Bourne Road, London",salon,London,GB,No website listed on OpenStreetMap for this salon - potential web design / marketing lead.,2026-08-26
Hairedesign,+44 1322 526786,London,salon,London,GB,No website listed on OpenStreetMap for this salon - potential web design / marketing lead.,2026-08-26
Tag,+44 1322 527222,London,salon,London,GB,No website listed on OpenStreetMap for this salon - potential web design / marketing lead.,2026-08-26
Gold Scissors,+44 20 8427 4222,London,salon,London,GB,No website listed on OpenStreetMap for this salon - potential web design / marketing lead.,2026-08-26
Hair and Beauty Gallery,+44 20 8863 4949,"Harrow, HA3 5DQ",salon,London,GB,No website listed on OpenStreetMap for this salon - potential web design / marketing lead.,2026-08-26
Noor's Meesum Barbers,+44 20 8427 9300,"19B High Street, Harrow",salon,London,GB,No website listed on OpenStreetMap for this salon - potential web design / marketing lead.,2026-08-26
John's Barber Shop,+44 20 8863 8929,"19 Masons Avenue, Harrow",salon,London,GB,No website listed on OpenStreetMap for this salon - potential web design / marketing lead.,2026-08-26
Sparkle Hair Salon,+44 20 8907 1586,"140 Kenton Road, Harrow",salon,London,GB,No website listed on OpenStreetMap for this salon - potential web design / marketing lead.,2026-08-26
Kenton Nails,+44 20 8909 0767,"186 Kenton Road, Harrow",salon,London,GB,No website listed on OpenStreetMap for this salon - potential web design / marketing lead.,2026-08-26
Kai Yu Hair,+44 20 8909 0881,"219 Kenton Road, Harrow",salon,London,GB,No website listed on OpenStreetMap for this salon - potential web design / marketing lead.,2026-08-26
Pranava Kerala Ayurveda & Herbal Beauty Spa,+44 20 8907 7902,"197 Kenton Road, Harrow",salon,London,GB,No website listed on OpenStreetMap for this salon - potential web design / marketing lead.,2026-08-26
Cropz Hair Salon,+44 20 8907 2667,London,salon,London,GB,No website listed on OpenStreetMap for this salon - potential web design / marketing lead.,2026-08-26
Nicholas Gentlemens Hairdresser,+44 20 8907 4435,"126 Kenton Road, Harrow",salon,London,GB,No website listed on OpenStreetMap for this salon - potential web design / marketing lead.,2026-08-26
McLaren’s Hair Salon,+44 20 8876 8999,"157 White Hart Lane, London, SW13 0JP",salon,London,GB,No website listed on OpenStreetMap for this salon - potential web design / marketing lead.,2026-08-26
Blue Star,+44 20 8795 1739,"425 High Road, Wembley",salon,London,GB,No website listed on OpenStreetMap for this salon - potential web design / marketing lead.,2026-08-26
Mopheads,+44 20 8902 4021,"534 High Road, London",salon,London,GB,No website listed on OpenStreetMap for this salon - potential web design / marketing lead.,2026-08-26
Thajeena Beauty Parlour,+44 7440 481612,London,salon,London,GB,No website listed on OpenStreetMap for this salon - potential web design / marketing lead.,2026-08-26
Farooq's Hair & Beauty,+44 20 8795 3639,London,salon,London,GB,No website listed on OpenStreetMap for this salon - potential web design / marketing lead.,2026-08-26
Imran,+44 20 8795 1155,"592 High Road, Wembley, HA0 2AF",salon,London,GB,No website listed on OpenStreetMap for this salon - potential web design / marketing lead.,2026-08-26
iSpa,+44 20 8878 5870,"319 Upper Richmond Road West, London, SW14 8QR",salon,London,GB,No website listed on OpenStreetMap for this salon - potential web design / marketing lead.,2026-08-26
Özel's Barbers,+44 20 8304 6660,London,salon,London,GB,No website listed on OpenStreetMap for this salon - potential web design / marketing lead.,2026-08-26
Crowning Glory,+44 20 8303 6943,"44 Park View Road, London",salon,London,GB,No website listed on OpenStreetMap for this salon - potential web design / marketing lead.,2026-08-26
Dion,+44 20 7561 9924,"682, London",salon,London,GB,No website listed on OpenStreetMap for this salon - potential web design / marketing lead.,2026-08-26
Suave Hair & Beauty,+44 1322 522526,"Dartford Road, Bexley",salon,London,GB,No website listed on OpenStreetMap for this salon - potential web design / marketing lead.,2026-08-26
Met's Gents Hair Salon,+44 20 7272 4620,"180B Stroud Green Road, London",salon,London,GB,No website listed on OpenStreetMap for this salon - potential web design / marketing lead.,2026-08-26
Turkish Fade,+44 20 8744 2544,"40 London Road, Twickenham, TW1 3RR",salon,London,GB,No website listed on OpenStreetMap for this salon - potential web design / marketing lead.,2026-08-26
Geddes Hairdressing,+44 20 8750 9424,"45 London road, London",salon,London,GB,No website listed on OpenStreetMap for this salon - potential web design / marketing lead.,2026-08-26
Christina's Hair Fashion,+44 20 7639 4159,"111 Peckham High Street, London, SE15 5SE",salon,London,GB,No website listed on OpenStreetMap for this salon - potential web design / marketing lead.,2026-08-26
Lady's Pride Hair & Beauty Salon,+44 7957 265691,"117A Peckham High Street, London, SE15 5SE",salon,London,GB,No website listed on OpenStreetMap for this salon - potential web design / marketing lead.,2026-08-26
A&S Hair & Beauty,+44 7443 739002,"65 Green Lanes, London, N4 1AF",salon,London,GB,No website listed on OpenStreetMap for this salon - potential web design / marketing lead.,2026-08-26
Nali Barbers,+44 20 8977 5112,"High Street, Teddington, TW11 8ET",salon,London,GB,No website listed on OpenStreetMap for this salon - potential web design / marketing lead.,2026-08-26
Posh Nails & Beauty,+44 20 8671 8998,"11 Tulse Hill, London",salon,London,GB,No website listed on OpenStreetMap for this salon - potential web design / marketing lead.,2026-08-26
Hollywood Nails,+44 20 8594 8673,"26 Station Parade, London",salon,London,GB,No website listed on OpenStreetMap for this salon - potential web design / marketing lead.,2026-08-26
Likkle Cee's Salon,+44 20 8594 8883,"7 London Road, London",salon,London,GB,No website listed on OpenStreetMap for this salon - potential web design / marketing lead.,2026-08-26
Panele,+44 20 8591 6613,"38 Longbridge Road, London",salon,London,GB,No website listed on OpenStreetMap for this salon - potential web design / marketing lead.,2026-08-26
The Halo,+44 1708 223998,"67 Station Road, Upminster",salon,London,GB,No website listed on OpenStreetMap for this salon - potential web design / marketing lead.,2026-08-26
The Tanning Lodge,+44 1708 220293,"30 Station Road, Upminster, RM14 2UB",salon,London,GB,No website listed on OpenStreetMap for this salon - potential web design / marketing lead.,2026-08-26
Deluxe,+44 1708 259001,"61 Corbets Tey Road, Upminster, RM14 2AJ",salon,London,GB,No website listed on OpenStreetMap for this salon - potential web design / marketing lead.,2026-08-26
CJ's Renaissance,+44 1708 226143,"91 Corbets Tey Road, Upminster",salon,London,GB,No website listed on OpenStreetMap for this salon - potential web design / marketing lead.,2026-08-26
Homme Barber Shop,+44 1708 250390,"111 Corbets Tey Road, Upminster",salon,London,GB,No website listed on OpenStreetMap for this salon - potential web design / marketing lead.,2026-08-26
Manhattan Nails & Beauty,+44 1708 224488,"69 Corbets Tey Road, Upminster, RM14 2AJ",salon,London,GB,No website listed on OpenStreetMap for this salon - potential web design / marketing lead.,2026-08-26
Steven Charles,+44 1708 641392,"52 Corbets Tey Road, Upminster, RM14 2AB",salon,London,GB,No website listed on OpenStreetMap for this salon - potential web design / marketing lead.,2026-08-26
The Cutting Company,+44 20 8665 1251,"52 Brigstock Road, Thornton Heath, CR7 8RX",salon,London,GB,No website listed on OpenStreetMap for this salon - potential web design / marketing lead.,2026-08-26
Hairs & Graces,+44 1708 221022,"157 St Mary's Lane, Upminster, RM14 3BL",salon,London,GB,No website listed on OpenStreetMap for this salon - potential web design / marketing lead.,2026-08-26
Dacian Barbers,+44 20 3609 7777,London,salon,London,GB,No website listed on OpenStreetMap for this salon - potential web design / marketing lead.,2026-08-26
Legends Barbers,+44 20 7733 5538,"61 Stockwell Road, London",salon,London,GB,No website listed on OpenStreetMap for this salon - potential web design / marketing lead.,2026-08-26
Rehoboth,+44 7772 107644,London,salon,London,GB,No website listed on OpenStreetMap for this salon - potential web design / marketing lead.,2026-08-26
Sassy Hair Salon,+44 20 8449 5301,London,salon,London,GB,No website listed on OpenStreetMap for this salon - potential web design / marketing lead.,2026-08-26
Fakin' It!,+44 2084401850,"112 Cockfosters Road, London",salon,London,GB,No website listed on OpenStreetMap for this salon - potential web design / marketing lead.,2026-08-26
Ego,+44 20 8441 4777,"20 Station Parade, Cockfosters Road, Barnet, EN4 0DW",salon,London,GB,No website listed on OpenStreetMap for this salon - potential web design / marketing lead.,2026-08-26
NOW Salons,+44 20 8445 9111,London,salon,London,GB,No website listed on OpenStreetMap for this salon - potential web design / marketing lead.,2026-08-26
Metamorphosis,+44 20 7223 7111,"13 Battersea Square, London",salon,London,GB,No website listed on OpenStreetMap for this salon - potential web design / marketing lead.,2026-08-26
Michaela's Hair,+44 20 7624 7794,"26 Salusbury Road, London, NW6 6NL",salon,London,GB,No website listed on OpenStreetMap for this salon - potential web design / marketing lead.,2026-08-26
N1 Laser & Beauty Clinic,+44 20 8617 8366,"177 Caledonian Road, London",salon,London,GB,No website listed on OpenStreetMap for this salon - potential web design / marketing lead.,2026-08-26
Star Cut,+44 20 7607 4493,"272 Caledonian Road, London",salon,London,GB,No website listed on OpenStreetMap for this salon - potential web design / marketing lead.,2026-08-26
Hannah Nail Salon,+44 20 7731 0427,"92 New King's Road, London, SW6 4LU",salon,London,GB,No website listed on OpenStreetMap for this salon - potential web design / marketing lead.,2026-08-26
Vintage Hair & Beauty,+44 20 7724 6280,"344 Edgware Road, London, W2 1EA",salon,London,GB,No website listed on OpenStreetMap for this salon - potential web design / marketing lead.,2026-08-26
Top Nails,+44 20 8986 1370,"413 Mare Street, London",salon,London,GB,No website listed on OpenStreetMap for this salon - potential web design / marketing lead.,2026-08-26
Beautiful,+44 20 3601 8143,"12 Fairhazel Gardens, London, NW6 3SG",salon,London,GB,No website listed on OpenStreetMap for this salon - potential web design / marketing lead.,2026-08-26
Saf's Barbers,+44 20 8986 7410,"109 Lower Clapton Road, London, E5 0NP",salon,London,GB,No website listed on OpenStreetMap for this salon - potential web design / marketing lead.,2026-08-26
Helen Nails & SPA,+44 20 8744 9377,"71 Heath Road, Twickenham",salon,London,GB,No website listed on OpenStreetMap for this salon - potential web design / marketing lead.,2026-08-26
Sami's Barber Shop,+44 20 3643 7329,"Heath Road, Twickenham",salon,London,GB,No website listed on OpenStreetMap for this salon - potential web design / marketing lead.,2026-08-26
A&A,+44 20 8986 7161,"17 Well Street, London",salon,London,GB,No website listed on OpenStreetMap for this salon - potential web design / marketing lead.,2026-08-26
Bannons,+44 20 8979 1481,"High Street, London, TW12 1NL",salon,London,GB,No website listed on OpenStreetMap for this salon - potential web design / marketing lead.,2026-08-26
Sam Zenaldeen,+44 20 8392 2954,"119 Sheen Lane, London, SW14 8AE",salon,London,GB,No website listed on OpenStreetMap for this salon - potential web design / marketing lead.,2026-08-26
Nail Garden,+44 20 8948 8439;+44 7456 266 616,"18 Richmond Hill, Richmond, TW10 6QX",salon,London,GB,No website listed on OpenStreetMap for this salon - potential web design / marketing lead.,2026-08-26
TM Hair Boutique,+44 20 8334 9919,"Church Court, Richmond, TW9 1JL",salon,London,GB,No website listed on OpenStreetMap for this salon - potential web design / marketing lead.,2026-08-26
Glamour Nails,+44 20 8940 3377,"Eton Street, Richmond, TW9 1EE",salon,London,GB,No website listed on OpenStreetMap for this salon - potential web design / marketing lead.,2026-08-26
Hair by Androulla,+44 20 8202 8744,"208 West Hendon Broadway, London, NW9 7EE",salon,London,GB,No website listed on OpenStreetMap for this salon - potential web design / marketing lead.,2026-08-26
Chez Felicienne,+44 20 8968 3408,"24 Chamberlayne Road, London, NW10 3JD",salon,London,GB,No website listed on OpenStreetMap for this salon - potential web design / marketing lead.,2026-08-26
Tower Salon,+44 20 7636 3950,"164 New Cavendish Street, London",salon,London,GB,No website listed on OpenStreetMap for this salon - potential web design / marketing lead.,2026-08-26
Fabienne S,+44 20 8948 2215,"Brewer's Lane, Richmond, TW9 1HH",salon,London,GB,No website listed on OpenStreetMap for this salon - potential web design / marketing lead.,2026-08-26
Go Glam,+44 20 7828 0371,"39 Tachbrook Street, London",salon,London,GB,No website listed on OpenStreetMap for this salon - potential web design / marketing lead.,2026-08-26
Anthony Simon,+44 20 7834 5332,"19 Denbigh Street, London, SW1V 2HF",salon,London,GB,No website listed on OpenStreetMap for this salon - potential web design / marketing lead.,2026-08-26
Topcuts,+44 20 7388 8308,"80 Camden High Street, London",salon,London,GB,No website listed on OpenStreetMap for this salon - potential web design / marketing lead.,2026-08-26
Dean Kassem,+44 20 8392 9247,"61 Sheen Lane, London, SW14 8AB",salon,London,GB,No website listed on OpenStreetMap for this salon - potential web design / marketing lead.,2026-08-26
Sugar,+44 20 8878 8188,"242 Upper Richmond Road West, London, SW14 8AG",salon,London,GB,No website listed on OpenStreetMap for this salon - potential web design / marketing lead.,2026-08-26
Kensal Nails,+44 20 8969 5519,"105 Chamberlayne Road, London, NW10 3NS",salon,London,GB,No website listed on OpenStreetMap for this salon - potential web design / marketing lead.,2026-08-26
Headmasters,+44 345 459 7734,"276a Upper Richmond Road West, London, SW14 7JE",salon,London,GB,No website listed on OpenStreetMap for this salon - potential web design / marketing lead.,2026-08-26
Stylist On The Sheen,+44 20 8878 1100,"485 Upper Richmond Road West, London, SW14 7PU",salon,London,GB,No website listed on OpenStreetMap for this salon - potential web design / marketing lead.,2026-08-26
Raisa's Barber Shop,+44 20 7289 2781,"6b Marylands Road, London",salon,London,GB,No website listed on OpenStreetMap for this salon - potential web design / marketing lead.,2026-08-26
Jenny’s Barbers Shop,+44 20 8878 6004,"212 Upper Richmond Road West, London, SW14 8AH",salon,London,GB,No website listed on OpenStreetMap for this salon - potential web design / marketing lead.,2026-08-26
New Image Hair Designers,+44 1322 559550,"2 Chieveley Parade, Bexleyheath, DA7 6EB",salon,London,GB,No website listed on OpenStreetMap for this salon - potential web design / marketing lead.,2026-08-26
Hectors,+44 20 8878 7069,"73 Lower Richmond Road, London, SW14 7HJ",salon,London,GB,No website listed on OpenStreetMap for this salon - potential web design / marketing lead.,2026-08-26
Unique,+44 20 8940 4586,"92 Sheen Road, Richmond, TW9 1UF",salon,London,GB,No website listed on OpenStreetMap for this salon - potential web design / marketing lead.,2026-08-26
TW Barbers,+44 20 8332 6630,"80 Sheen Road, Richmond, TW9 1UF",salon,London,GB,No website listed on OpenStreetMap for this salon - potential web design / marketing lead.,2026-08-26
Nails & Beauty,+44 20 7372 3999,"78 Willesden Lane, London, NW6 7TA",salon,London,GB,No website listed on OpenStreetMap for this salon - potential web design / marketing lead.,2026-08-26
LS Hair,+44 20 7372 2766,"96 Willesden Lane, London, NW6 7TA",salon,London,GB,No website listed on OpenStreetMap for this salon - potential web design / marketing lead.,2026-08-26
Tarantell Barbers,+44 20 7625 4699,"331 Kilburn High Road, London",salon,London,GB,No website listed on OpenStreetMap for this salon - potential web design / marketing lead.,2026-08-26
London Nails,+44 20 7482 3038,"134 Kentish Town Road, London, NW1 9QB",salon,London,GB,No website listed on OpenStreetMap for this salon - potential web design / marketing lead.,2026-08-26
Sunrise Brazilian Hair,+44 20 8969 6422,"986 Harrow Road, London, NW10 5JS",salon,London,GB,No website listed on OpenStreetMap for this salon - potential web design / marketing lead.,2026-08-26
Amber,+44 20 8558 1400,"571 High Road Leytonstone, London, E11 4PB",salon,London,GB,No website listed on OpenStreetMap for this salon - potential web design / marketing lead.,2026-08-26
Beautique,+44 20 8988 0747,"585 High Road Leytonstone, London, E11 4PB",salon,London,GB,No website listed on OpenStreetMap for this salon - potential web design / marketing lead.,2026-08-26
Prestige,+44 20 8988 0420,"501 High Road Leytonstone, London, E11 4PG",salon,London,GB,No website listed on OpenStreetMap for this salon - potential web design / marketing lead.,2026-08-26
Bella Nora,+44 20 3601 3383,"656 High Road Leytonstone, London, E11 3AA",salon,London,GB,No website listed on OpenStreetMap for this salon - potential web design / marketing lead.,2026-08-26
Image,+44 20 8558 2760,London,salon,London,GB,No website listed on OpenStreetMap for this salon - potential web design / marketing lead.,2026-08-26
Shear Design,+44 20 8539 4943,"720 High Road Leytonstone, London",salon,London,GB,No website listed on OpenStreetMap for this salon - potential web design / marketing lead.,2026-08-26
Altered Images,+44 20 8558 8237,"716 High Road Leytonstone, London",salon,London,GB,No website listed on OpenStreetMap for this salon - potential web design / marketing lead.,2026-08-26
Hair Culture,+44 20 8556 5790,"712 High Road Leytonstone, London",salon,London,GB,No website listed on OpenStreetMap for this salon - potential web design / marketing lead.,2026-08-26
Ghaz's Skin Care & Hair,+44 20 8556 2255,"793 High Road Leytonstone, London",salon,London,GB,No website listed on OpenStreetMap for this salon - potential web design / marketing lead.,2026-08-26
Maj Studio,+44 20 8977 7980,"Hampton Road, London",salon,London,GB,No website listed on OpenStreetMap for this salon - potential web design / marketing lead.,2026-08-26
Lab 260,+44 20 7223 6533,"513 Battersea Park Road, London, SW11 3BN",salon,London,GB,No website listed on OpenStreetMap for this salon - potential web design / marketing lead.,2026-08-26
Unisex Salon,+44 7884837774,"109 High Street, Edgware, HA8 7DB",salon,London,GB,No website listed on OpenStreetMap for this salon - potential web design / marketing lead.,2026-08-26
Bloomsbury Beauty,+44 20 7404 3786,London,salon,London,GB,No website listed on OpenStreetMap for this salon - potential web design / marketing lead.,2026-08-26
Echo of Bloomsbury,+44 20 7405 1081,"49b Museum Street, London",salon,London,GB,No website listed on OpenStreetMap for this salon - potential web design / marketing lead.,2026-08-26
Venwood Hair and Beauty,+44 20 8940 0088,"116 Sheen Road, Richmond, TW9 1UR",salon,London,GB,No website listed on OpenStreetMap for this salon - potential web design / marketing lead.,2026-08-26
The House of Hair,+44 20 7634 9400,"4 West Smithfield, London",salon,London,GB,No website listed on OpenStreetMap for this salon - potential web design / marketing lead.,2026-08-26
Gaughan,+44 20 8878 7444,"1 Barnes High Street, London, SW13 9LB",salon,London,GB,No website listed on OpenStreetMap for this salon - potential web design / marketing lead.,2026-08-26
Tip Thai Massage,+44 20 8940 7040,"63 Sheen Road, Richmond, TW10 6DG",salon,London,GB,No website listed on OpenStreetMap for this salon - potential web design / marketing lead.,2026-08-26
Quinn Nails & Beauty,+44 20 8091 8737,"141 Kew Road, Richmond, TW9 2PN",salon,London,GB,No website listed on OpenStreetMap for this salon - potential web design / marketing lead.,2026-08-26
Qcut,+44 20 8948 8609,"295 Sandycombe Road, Richmond, TW9 3LU",salon,London,GB,No website listed on OpenStreetMap for this salon - potential web design / marketing lead.,2026-08-26
V&K Barbers,+44 20 8986 0869,"17 Mare Street, London, E8 4RP",salon,London,GB,No website listed on OpenStreetMap for this salon - potential web design / marketing lead.,2026-08-26
Tan Lines,+44 20 3329 0000,"57 Mottingham Road, London, SE9 4QZ",salon,London,GB,No website listed on OpenStreetMap for this salon - potential web design / marketing lead.,2026-08-26
Crew Cuts,+44 20 4537 5830,"65 Mare Street, London",salon,London,GB,No website listed on OpenStreetMap for this salon - potential web design / marketing lead.,2026-08-26
All Bright Beauty Studio,+44 20 3583 5535,"241 Sandycombe Road, Richmond, TW9 2EW",salon,London,GB,No website listed on OpenStreetMap for this salon - potential web design / marketing lead.,2026-08-26
Manh,+44 20 8986 0575,"257D Mare Street, London, E8 3NS",salon,London,GB,No website listed on OpenStreetMap for this salon - potential web design / marketing lead.,2026-08-26
Making Waves,+44 20 8748 5654,"54 Church Road, London, SW13 0DQ",salon,London,GB,No website listed on OpenStreetMap for this salon - potential web design / marketing lead.,2026-08-26
The Peach Tree Beauty Clinic,+44 20 8741 1254,"62 Church Road, London, SW13 0DQ",salon,London,GB,No website listed on OpenStreetMap for this salon - potential web design / marketing lead.,2026-08-26
Vanessa Andar,+44 20 8533 3030,"293 Mare Street, London, E8 1EJ",salon,London,GB,No website listed on OpenStreetMap for this salon - potential web design / marketing lead.,2026-08-26
Barnes Village Barber,+44 20 8878 0077,"55 Barnes High Street, London, SW13 9LF",salon,London,GB,No website listed on OpenStreetMap for this salon - potential web design / marketing lead.,2026-08-26
Lady Diamond,+44 20 8985 9009,"94 Lower Clapton Road, London",salon,London,GB,No website listed on OpenStreetMap for this salon - potential web design / marketing lead.,2026-08-26
Wax & Relax,+44 20 8986 1460,"111 Downs Road, London",salon,London,GB,No website listed on OpenStreetMap for this salon - potential web design / marketing lead.,2026-08-26
Stylistic,+44 20 8502 2654,"32 Downs Road, London",salon,London,GB,No website listed on OpenStreetMap for this salon - potential web design / marketing lead.,2026-08-26
Edgar Akopian Hair Studio,+44 20 8525 1977,"107 Gore Road, London, E9 7HW",salon,London,GB,No website listed on OpenStreetMap for this salon - potential web design / marketing lead.,2026-08-26
Nails Amour,+44 20 8487 2170,"66a Barnes High Street, London, SW13 9LD",salon,London,GB,No website listed on OpenStreetMap for this salon - potential web design / marketing lead.,2026-08-26
Sensational Nails,+44 20 8983 4365,"345 Roman Road, London",salon,London,GB,No website listed on OpenStreetMap for this salon - potential web design / marketing lead.,2026-08-26
Lux Spa,+44 20 8487 5889,"64 White Hart Lane, London, SW13 0PZ",salon,London,GB,No website listed on OpenStreetMap for this salon - potential web design / marketing lead.,2026-08-26
Super Natural,+44 20 8876 6669,"62 White Hart Lane, London, SW13 0PZ",salon,London,GB,No website listed on OpenStreetMap for this salon - potential web design / marketing lead.,2026-08-26
Marsha's,+44 7951 516093,"173 Morning Lane, London",salon,London,GB,No website listed on OpenStreetMap for this salon - potential web design / marketing lead.,2026-08-26
Morning Lane Barbers,+44 20 3084 0631,"103 Morning Lane, London",salon,London,GB,No website listed on OpenStreetMap for this salon - potential web design / marketing lead.,2026-08-26
Krosbie & Co,+44 20 8428 4709,"258 Uxbridge Road, Pinner, HA5 4HS",salon,London,GB,No website listed on OpenStreetMap for this salon - potential web design / marketing lead.,2026-08-26
Dermalogica by Amara,+44 20 8428 6657,"443 Uxbridge Road, Pinner, HA5 4JR",salon,London,GB,No website listed on OpenStreetMap for this salon - potential web design / marketing lead.,2026-08-26
Julia Salon,+44 79 40201113,London,salon,London,GB,No website listed on OpenStreetMap for this salon - potential web design / marketing lead.,2026-08-26
Coulsdon Barbers,+44 20 8660 3773,"184 Brighton Road, Coulsdon, CR5 2NF",salon,London,GB,No website listed on OpenStreetMap for this salon - potential web design / marketing lead.,2026-08-26
Jackson's Grooming Room,+44 7720906110,"George Street, Croydon, CR0 1LD",salon,London,GB,No website listed on OpenStreetMap for this salon - potential web design / marketing lead.,2026-08-26
The Barbers Cabin,+44 20 8546 7193,"3 Park Road, Kingston upon Thames, KT2 6BX",salon,London,GB,No website listed on OpenStreetMap for this salon - potential web design / marketing lead.,2026-08-26
Lisa's Nails,+44 20 8477 0144,"7 York Street, Twickenham, TW1 3JZ",salon,London,GB,No website listed on OpenStreetMap for this salon - potential web design / marketing lead.,2026-08-26
Twickenham Barbers,+44 20 8166 9749,"London Road, Twickenham",salon,London,GB,No website listed on OpenStreetMap for this salon - potential web design / marketing lead.,2026-08-26
Koko,+44 20 8891 3277,"414 Richmond Road, Twickenham, TW1 2EB",salon,London,GB,No website listed on OpenStreetMap for this salon - potential web design / marketing lead.,2026-08-26
Ace,+44 2088913584,"348 Richmond Road, Twickenham, TW1 2DU",salon,London,GB,No website listed on OpenStreetMap for this salon - potential web design / marketing lead.,2026-08-26
Blush,+44 20 8892 2820,"367 Richmond Road, Twickenham, TW1 2EJ",salon,London,GB,No website listed on OpenStreetMap for this salon - potential web design / marketing lead.,2026-08-26
Copper & Blush,+44 20 8892 9777,"185 Richmond Road, Twickenham, TW1 2NJ",salon,London,GB,No website listed on OpenStreetMap for this salon - potential web design / marketing lead.,2026-08-26
House Cats London,+44 20 8977 0588,"32 High Street, Teddington, TW11 8EW",salon,London,GB,No website listed on OpenStreetMap for this salon - potential web design / marketing lead.,2026-08-26
Fashion Nails,+44 20 8977 7703,"21 Broad Street, Teddington, TW11 8QZ",salon,London,GB,No website listed on OpenStreetMap for this salon - potential web design / marketing lead.,2026-08-26
Ebiz,+44 20 3524 7985,"Broad Street, Teddington, TW11 8RF",salon,London,GB,No website listed on OpenStreetMap for this salon - potential web design / marketing lead.,2026-08-26
Vida,+44 20 8614 1199,"6 Church Road, Teddington, TW11 8PB",salon,London,GB,No website listed on OpenStreetMap for this salon - potential web design / marketing lead.,2026-08-26
Peckhams Best,+44 20 7703 9586,"163 Sumner Road, London, SE15 6JL",salon,London,GB,No website listed on OpenStreetMap for this salon - potential web design / marketing lead.,2026-08-26
SunCity Tanning,+44 20 8981 5151,"389 Roman Road, London",salon,London,GB,No website listed on OpenStreetMap for this salon - potential web design / marketing lead.,2026-08-26
Noor,+44 20 8981 9602,"373 Roman Road, London",salon,London,GB,No website listed on OpenStreetMap for this salon - potential web design / marketing lead.,2026-08-26
Chirpy Chaps,+44 20 8890 2026,"9 High Street, Feltham, TW13 4HE",salon,London,GB,No website listed on OpenStreetMap for this salon - potential web design / marketing lead.,2026-08-26
Cindy's Nail Bar,+44 20 8890 8804,"6 High Street, Feltham, TW13 4HE",salon,London,GB,No website listed on OpenStreetMap for this salon - potential web design / marketing lead.,2026-08-26
Vincent,+44 20 8890 3101,"103 High Street, Feltham",salon,London,GB,No website listed on OpenStreetMap for this salon - potential web design / marketing lead.,2026-08-26
Pano Hair Design,+44 20 8894 7955,"97 High Street Whitton, Whitton, TW2 7LD",salon,London,GB,No website listed on OpenStreetMap for this salon - potential web design / marketing lead.,2026-08-26
Hair by Anthony,+44 20 8898 1220,"304 Nelson Road, London",salon,London,GB,No website listed on OpenStreetMap for this salon - potential web design / marketing lead.,2026-08-26
Nat’s Barbers,+44 7872 178474,"302 Nelson Road, London",salon,London,GB,No website listed on OpenStreetMap for this salon - potential web design / marketing lead.,2026-08-26
Super Style by Kate,+44 20 8614 1118,"121 Stanley Road, Teddington, TW11 8UB",salon,London,GB,No website listed on OpenStreetMap for this salon - potential web design / marketing lead.,2026-08-26
John's Barber Shop,+447863630727,"97 Stanley Road, Teddington, TW11 8UB",salon,London,GB,No website listed on OpenStreetMap for this salon - potential web design / marketing lead.,2026-08-26
HAIR @THE GATE,+44 20 3793 0002,"2a Ladbroke Grove, London, W11 3BG",salon,London,GB,No website listed on OpenStreetMap for this salon - potential web design / marketing lead.,2026-08-26
Ragaz Barber,+44 20 7018 7170,London,salon,London,GB,No website listed on OpenStreetMap for this salon - potential web design / marketing lead.,2026-08-26
Mario Sammour,+44 20 7624 2223,"128 Boundary Road, London, NW8 0RH",salon,London,GB,No website listed on OpenStreetMap for this salon - potential web design / marketing lead.,2026-08-26
Kamil Sammour,+44 20 7328 9041,"106 Boundary Road, London, NW8 0RH",salon,London,GB,No website listed on OpenStreetMap for this salon - potential web design / marketing lead.,2026-08-26
Glamour Style,+44 20 3581 6972,"131 South Lambeth Road, London, SW8 1XB",salon,London,GB,No website listed on OpenStreetMap for this salon - potential web design / marketing lead.,2026-08-26
Finishing Touch,+44 20 7790 8445,"3a Brayford Square, London, E1 0SG",salon,London,GB,No website listed on OpenStreetMap for this salon - potential web design / marketing lead.,2026-08-26
Alluring Nails Beauty & Tanning,+44 20 8519 8880,"174 The Grove, London",salon,London,GB,No website listed on OpenStreetMap for this salon - potential web design / marketing lead.,2026-08-26
Beauty Woman Salon,+44 20 7791 3366,"12 Cavell Street, London",salon,London,GB,No website listed on OpenStreetMap for this salon - potential web design / marketing lead.,2026-08-26
Holistic Hair & Beauty,+44 20 7431 5525,"7 Belsize Terrace, London, NW3 4AX",salon,London,GB,No website listed on OpenStreetMap for this salon - potential web design / marketing lead.,2026-08-26
Oskar Pink,+44 20 7428 5888,"162 Kentish Town Road, London",salon,London,GB,No website listed on OpenStreetMap for this salon - potential web design / marketing lead.,2026-08-26
Eddy's Barbershop,+44 20 7485 8880,"71 Kentish Town Road, London, NW1 8NY",salon,London,GB,No website listed on OpenStreetMap for this salon - potential web design / marketing lead.,2026-08-26
Katie Nails,+44 20 3538 8117,"131 Kentish Town Road, London, NW1 8PB",salon,London,GB,No website listed on OpenStreetMap for this salon - potential web design / marketing lead.,2026-08-26
Arts & Cuts,+44 20 3638 5408,"111 Kentish Town Road, London",salon,London,GB,No website listed on OpenStreetMap for this salon - potential web design / marketing lead.,2026-08-26
Jad's Hairdressing,+44 20 7247 5404,"18 Gravel Lane, London",salon,London,GB,No website listed on OpenStreetMap for this salon - potential web design / marketing lead.,2026-08-26
Ebenezer Hair Salon,+44 20 8985 2207,"255 Well Street, London",salon,London,GB,No website listed on OpenStreetMap for this salon - potential web design / marketing lead.,2026-08-26
Vietnam's Finest Nail Salon,+44 20 8533 8053,"226 Well Street, London, E9 6QT",salon,London,GB,No website listed on OpenStreetMap for this salon - potential web design / marketing lead.,2026-08-26
Camden Hair & Beauty Spa,+44 20 7482 4455;+44 7759 657958,"15 Kentish Town Road, London",salon,London,GB,No website listed on OpenStreetMap for this salon - potential web design / marketing lead.,2026-08-26
Annie Nails,+44 20 3490 7654,"45 Chatsworth Road, London",salon,London,GB,No website listed on OpenStreetMap for this salon - potential web design / marketing lead.,2026-08-26
Eddie & Co,+44 20 7267 0074,"163 Kentish Town Road, London, NW1 8PD",salon,London,GB,No website listed on OpenStreetMap for this salon - potential web design / marketing lead.,2026-08-26
Sarita's Hair & Beauty,+44 20 8981 7454,"587 Roman Road, London",salon,London,GB,No website listed on OpenStreetMap for this salon - potential web design / marketing lead.,2026-08-26
Hair Studio,+44 7778 949644,"95 Snowsfields, London",salon,London,GB,No website listed on OpenStreetMap for this salon - potential web design / marketing lead.,2026-08-26
Just Hair,+44 1708 553079,"123 Cherry Tree Lane, London",salon,London,GB,No website listed on OpenStreetMap for this salon - potential web design / marketing lead.,2026-08-26
Kentish Base Salon,+44 20 7428 9790,"238 Kentish Town Road, London",salon,London,GB,No website listed on OpenStreetMap for this salon - potential web design / marketing lead.,2026-08-26
Best Hair Style,+447931705003,"13 Terrace Road, London, E13 0LP",salon,London,GB,No website listed on OpenStreetMap for this salon - potential web design / marketing lead.,2026-08-26
Coco Chelsea,+44 7568 303513,"289 King's Road, London",salon,London,GB,No website listed on OpenStreetMap for this salon - potential web design / marketing lead.,2026-08-26
Hair Care,+44 20 8746 0849,"2a Erconwald Street, London",salon,London,GB,No website listed on OpenStreetMap for this salon - potential web design / marketing lead.,2026-08-26
Edge,+441689822988,"Marion Crescent, Orpington, BR5 2DD",salon,London,GB,No website listed on OpenStreetMap for this salon - potential web design / marketing lead.,2026-08-26
The Tanning Place,+44 20 8300 0909,"4, Sidcup, DA15 7DH",salon,London,GB,No website listed on OpenStreetMap for this salon - potential web design / marketing lead.,2026-08-26
Hair by Anais,+44 20 3754 9334,"88a Upton Lane, London",salon,London,GB,No website listed on OpenStreetMap for this salon - potential web design / marketing lead.,2026-08-26
Buccheri Barber Shoip,+44 20 8458 3560,"644a Finchley Road, London, NW11 7NU",salon,London,GB,No website listed on OpenStreetMap for this salon - potential web design / marketing lead.,2026-08-26
Hair Tribe,+44 20 8442 1865,"119 Alexandra Park Road, London, N10 2DP",salon,London,GB,No website listed on OpenStreetMap for this salon - potential web design / marketing lead.,2026-08-26
Casey George Hair Studio,+44 20 8303 3303,London,salon,London,GB,No website listed on OpenStreetMap for this salon - potential web design / marketing lead.,2026-08-26
Tan...Talising; Lily's Nails,+44 20 8298 6663,"244A Broadway, London",salon,London,GB,No website listed on OpenStreetMap for this salon - potential web design / marketing lead.,2026-08-26
Millennium Nails,+44 20 8303 3038,"180 Broadway, Bexleyheath, DA6 7BT",salon,London,GB,No website listed on OpenStreetMap for this salon - potential web design / marketing lead.,2026-08-26
Sabina,+44 20 7018 1250,"1 Market Place, London",salon,London,GB,No website listed on OpenStreetMap for this salon - potential web design / marketing lead.,2026-08-26
Prim & Polished,+44 20 8303 2262,"Avenue Road, Bexleyheath, DA7 4EG",salon,London,GB,No website listed on OpenStreetMap for this salon - potential web design / marketing lead.,2026-08-26
Gems,+44 20 8301 0040,"22 Pickford Lane, Bexleyheath, DA7 4QW",salon,London,GB,No website listed on OpenStreetMap for this salon - potential web design / marketing lead.,2026-08-26
Plush Hair,+44 1895 624436,"High Street, Ruislip, HA4 8JY",salon,London,GB,No website listed on OpenStreetMap for this salon - potential web design / marketing lead.,2026-08-26
Hair by Giovanni,+44 1895 675177,London,salon,London,GB,No website listed on OpenStreetMap for this salon - potential web design / marketing lead.,2026-08-26
Kareem's Barber Shop,+44 1895 349181,London,salon,London,GB,No website listed on OpenStreetMap for this salon - potential web design / marketing lead.,2026-08-26
Stylers,+44 1895 633420,"37 High Street, London",salon,London,GB,No website listed on OpenStreetMap for this salon - potential web design / marketing lead.,2026-08-26
Nail World,+44 1895 624441,"162 High Street, Ruislip, HA4 8LJ",salon,London,GB,No website listed on OpenStreetMap for this salon - potential web design / marketing lead.,2026-08-26
Alan's Barber Shop,+44 1895 621077,"152 High Street, London",salon,London,GB,No website listed on OpenStreetMap for this salon - potential web design / marketing lead.,2026-08-26
Skin Rich,+44 20 3489 4300,"10 The Broadway, London, SW13 0NY",salon,London,GB,No website listed on OpenStreetMap for this salon - potential web design / marketing lead.,2026-08-26
Hamada Barber Shop,+44 20 3538 0211,"Shepherds Bush Green, London",salon,London,GB,No website listed on OpenStreetMap for this salon - potential web design / marketing lead.,2026-08-26
Marjan,+44 20 8637 9023,"12a Roehampton High Street, London, SW15 4HJ",salon,London,GB,No website listed on OpenStreetMap for this salon - potential web design / marketing lead.,2026-08-26
Salon Eight,+44 20 8304 3337,"Bellegrove Road, Welling, DA16 3PR",salon,London,GB,No website listed on OpenStreetMap for this salon - potential web design / marketing lead.,2026-08-26
Shamin Barbers,+44 7711 766442,"175 North End Road, London, W14 9NL",salon,London,GB,No website listed on OpenStreetMap for this salon - potential web design / marketing lead.,2026-08-26
Hair by Pierre,+44 20 8898 1161,"6 Whitton Road, Hounslow, TW3 2EN",salon,London,GB,No website listed on OpenStreetMap for this salon - potential web design / marketing lead.,2026-08-26
Abie's Nails,+44 20 8788 5895,"128 Upper Richmond Road, London, SW15 2SP",salon,London,GB,No website listed on OpenStreetMap for this salon - potential web design / marketing lead.,2026-08-26
Harmony,+44 20 8001 0805,"211 Upper Richmond Road, London, SW15 6SQ",salon,London,GB,No website listed on OpenStreetMap for this salon - potential web design / marketing lead.,2026-08-26
Hombre Barbers,+44 20 8780 3666,"191 Upper Richmond Road, London, SW15 6SG",salon,London,GB,No website listed on OpenStreetMap for this salon - potential web design / marketing lead.,2026-08-26
The Magnolia Room,+44 20 8785 1891,"32 Lower Richmond Road, London, SW15 1JP",salon,London,GB,No website listed on OpenStreetMap for this salon - potential web design / marketing lead.,2026-08-26
Kink,+44 20 8788 8112,"14 Lower Richmond Road, London, SW15 1JP",salon,London,GB,No website listed on OpenStreetMap for this salon - potential web design / marketing lead.,2026-08-26
Senol Uzan Hair Salon,+441689828915,"15 Stanley Way, Orpington, BR5 2HE",salon,London,GB,No website listed on OpenStreetMap for this salon - potential web design / marketing lead.,2026-08-26
J&M Nails,+441689897459,"5 Stanley Way, Orpington, BR5 2HE",salon,London,GB,No website listed on OpenStreetMap for this salon - potential web design / marketing lead.,2026-08-26
Gloria's Hairdressers,+44 20 8894 0733,"109 High Street Whitton, Whitton, TW2 7LD",salon,London,GB,No website listed on OpenStreetMap for this salon - potential web design / marketing lead.,2026-08-26
Mila Unisex Hair Salon,+44 20 3302 3730,"111 Nelson Road, Whitton, TW2 7AZ",salon,London,GB,No website listed on OpenStreetMap for this salon - potential web design / marketing lead.,2026-08-26
Choice Cuts,+441689607336,"70 Sayes Court Road, Orpington, BR5 2PQ",salon,London,GB,No website listed on OpenStreetMap for this salon - potential web design / marketing lead.,2026-08-26
Nails & Spa,+44 20 8444 3705,"117 Alexandra Park Road, London, N10 2DP",salon,London,GB,No website listed on OpenStreetMap for this salon - potential web design / marketing lead.,2026-08-26
Studio Stage Door,+44 20 8883 4999,"Fortis Green Road, London, N10 3DU",salon,London,GB,No website listed on OpenStreetMap for this salon - potential web design / marketing lead.,2026-08-26
Solanki's,+44 7765 881 687,"49B Greenford Avenue, London, W7 1LL",salon,London,GB,No website listed on OpenStreetMap for this salon - potential web design / marketing lead.,2026-08-26
Tannalicious,+44 20 8859 0086,"9 Newmarket Green, London",salon,London,GB,No website listed on OpenStreetMap for this salon - potential web design / marketing lead.,2026-08-26
Shelley's Hair Studio,+44 1689 891040,"Main Road, London",salon,London,GB,No website listed on OpenStreetMap for this salon - potential web design / marketing lead.,2026-08-26
Colour Bar,+44 20 3581 8228,"29 Hounslow Road, Whitton",salon,London,GB,No website listed on OpenStreetMap for this salon - potential web design / marketing lead.,2026-08-26
no 75 Hair Salon,+44 1689 821 002,"75 High Street, Orpington",salon,London,GB,No website listed on OpenStreetMap for this salon - potential web design / marketing lead.,2026-08-26
Oriental Style,+44 20 8549 1511,"414 Richmond Road, Kingston upon Thames, KT2 5PU",salon,London,GB,No website listed on OpenStreetMap for this salon - potential web design / marketing lead.,2026-08-26
Neville Barbers,+44 20 8409 0101,"6 Ashburnham Road, Richmond",salon,London,GB,No website listed on OpenStreetMap for this salon - potential web design / marketing lead.,2026-08-26
Remi Gentlemen's Lounge,+44 1895 623 943,"1 Station Parade, Ruislip, HA4 7DL",salon,London,GB,No website listed on OpenStreetMap for this salon - potential web design / marketing lead.,2026-08-26
KJM Salon,+44 1895 632 444,"3 Station Parade, Ruislip, HA4 7DL",salon,London,GB,No website listed on OpenStreetMap for this salon - potential web design / marketing lead.,2026-08-26
Mirlinda Hair & Beauty Salon,+44 20 7740 2361,"129 Jamaica Road, London",salon,London,GB,No website listed on OpenStreetMap for this salon - potential web design / marketing lead.,2026-08-26
Diamond Nail Spa,+44 20 8986 9503,"332 Mare Street, London",salon,London,GB,No website listed on OpenStreetMap for this salon - potential web design / marketing lead.,2026-08-26
LALashes&Brows,+44 7715 133620,"91 Hawes Lane, West Wickham, BR4 0QD",salon,London,GB,No website listed on OpenStreetMap for this salon - potential web design / marketing lead.,2026-08-26
Jacob Barbers,+44 1689 639 764,"118 High Street, Orpington",salon,London,GB,No website listed on OpenStreetMap for this salon - potential web design / marketing lead.,2026-08-26
Halo,+44 1689 897 222,"244 High Street, Orpington, BR6 0LZ",salon,London,GB,No website listed on OpenStreetMap for this salon - potential web design / marketing lead.,2026-08-26
Crew Experience,+44 20 8789 1166,"119,121 Lower Richmond Road, London",salon,London,GB,No website listed on OpenStreetMap for this salon - potential web design / marketing lead.,2026-08-26
American Nails,+44 20 8789 1774,"123 Lower Richmond Road, London",salon,London,GB,No website listed on OpenStreetMap for this salon - potential web design / marketing lead.,2026-08-26
The Beauty Lounge,+441322447623,"6A Albert Road, Belvedere, DA17 5LJ",salon,London,GB,No website listed on OpenStreetMap for this salon - potential web design / marketing lead.,2026-08-26
Kay Onpoint Barbers,+44 7368 300415,"3 Ringstead Road, London",salon,London,GB,No website listed on OpenStreetMap for this salon - potential web design / marketing lead.,2026-08-26
Infinity Hair & Beauty Lounge,+44 20 8555 0008,"33 Leytonstone Road, London, E15 1JA",salon,London,GB,No website listed on OpenStreetMap for this salon - potential web design / marketing lead.,2026-08-26
Nail Boutique,+44 20 8534 8489,"27 Leytonstone Road, London, E15 1JA",salon,London,GB,No website listed on OpenStreetMap for this salon - potential web design / marketing lead.,2026-08-26
RC Hair Solutions,+44 208 851 0633,"56 Baring Road, London, SE12 0PS",salon,London,GB,No website listed on OpenStreetMap for this salon - potential web design / marketing lead.,2026-08-26
Wilsons Barber Shop,+44 1708 733337,"168b Main Road, Romford, RM2 5HS",salon,London,GB,No website listed on OpenStreetMap for this salon - potential web design / marketing lead.,2026-08-26
Mak's Styling Co,+442083102524,"11 Lessness Avenue, Bexleyheath, DA7 5SH",salon,London,GB,No website listed on OpenStreetMap for this salon - potential web design / marketing lead.,2026-08-26
Studio L,+442083111301,"46 Lessness Avenue, Bexleyheath, DA7 5SJ",salon,London,GB,No website listed on OpenStreetMap for this salon - potential web design / marketing lead.,2026-08-26
Trendy Beauty,+44 1689 637220,"113 High Street, London",salon,London,GB,No website listed on OpenStreetMap for this salon - potential web design / marketing lead.,2026-08-26
VR Stars Nails,+44 20 3648 4617,"67 Norwood Road, London, SE24 9AA",salon,London,GB,No website listed on OpenStreetMap for this salon - potential web design / marketing lead.,2026-08-26
Barry's,+44 161 806 0840,Manchester,gym,Manchester,GB,No website listed on OpenStreetMap for this gym - potential web design / marketing lead.,2026-08-26
Angela Taylor - Criminal Solicitors,+44 161 256 2233,"851-853 Stockport Road, Manchester, M19 3PW",lawyer,Manchester,GB,No website listed on OpenStreetMap for this lawyer - potential web design / marketing lead.,2026-08-26
Imaan Solicitors,+44 161 710 2602,"321 Stretford Road, Manchester, M15 4UW",lawyer,Manchester,GB,No website listed on OpenStreetMap for this lawyer - potential web design / marketing lead.,2026-08-26
Clyde & Co,+44 161 829 6400,"50 Brown Street, Manchester, M2 2JT",lawyer,Manchester,GB,No website listed on OpenStreetMap for this lawyer - potential web design / marketing lead.,2026-08-26
Hooters,+1-718-454-2800,"61-09 190th Street, Fresh Meadows, 11365",restaurant,New York,US,No website listed on OpenStreetMap for this restaurant - potential web design / marketing lead.,2026-08-26
Mi,+1-917-388-2679,New York,restaurant,New York,US,No website listed on OpenStreetMap for this restaurant - potential web design / marketing lead.,2026-08-26
Lake Pavilion,+1-718-886-6693,"60-15 Main Street, New York",restaurant,New York,US,No website listed on OpenStreetMap for this restaurant - potential web design / marketing lead.,2026-08-26
El Loco Burrito,+1 718-388-8215,"345 Graham Avenue, New York, 11211",restaurant,New York,US,No website listed on OpenStreetMap for this restaurant - potential web design / marketing lead.,2026-08-26
Tony's Pizza,+1-718-384-8669,New York,restaurant,New York,US,No website listed on OpenStreetMap for this restaurant - potential web design / marketing lead.,2026-08-26
East Met West,+1 718-218-7777,"752 Metropolitan Avenue, New York, 11211",restaurant,New York,US,No website listed on OpenStreetMap for this restaurant - potential web design / marketing lead.,2026-08-26
Yono's,+1 518-436-7747,"25 Chapel Street, Albany",restaurant,New York,US,No website listed on OpenStreetMap for this restaurant - potential web design / marketing lead.,2026-08-26
La Perla Restaurante,+1 518-674-3774,"3016 State Highway 43, Averill Park, 12018",restaurant,New York,US,No website listed on OpenStreetMap for this restaurant - potential web design / marketing lead.,2026-08-26
Karavalli,+1 518-785-7600,"9B Johnson Road, Latham, 12110",restaurant,New York,US,No website listed on OpenStreetMap for this restaurant - potential web design / marketing lead.,2026-08-26
Chipshots Sports Bar & Restaurant,+1 518-688-1732,"418 Consaul Road, Colonie",restaurant,New York,US,No website listed on OpenStreetMap for this restaurant - potential web design / marketing lead.,2026-08-26
Aguacates Mexican Bar & Grill,+17162598205,"765 Elmwood Avenue, Buffalo, 14222",restaurant,New York,US,No website listed on OpenStreetMap for this restaurant - potential web design / marketing lead.,2026-08-26
Branca,+1 585-385-7437,"683 Pittsford-Victor Road, Pittsford, 14534",restaurant,New York,US,No website listed on OpenStreetMap for this restaurant - potential web design / marketing lead.,2026-08-26
Ned's Pizza,+1-607-219-3238,"139 Dryden Road, Ithaca, 14850",restaurant,New York,US,No website listed on OpenStreetMap for this restaurant - potential web design / marketing lead.,2026-08-26
Outback Steakhouse,+1 585-453-0640,"1954 West Ridge Road, Rochester, 14626",restaurant,New York,US,No website listed on OpenStreetMap for this restaurant - potential web design / marketing lead.,2026-08-26
Royal India,+1-518-482-4555,"519 Central Avenue, Albany, 12206",restaurant,New York,US,No website listed on OpenStreetMap for this restaurant - potential web design / marketing lead.,2026-08-26
Asia Cuisine,+1-607-256-8818,"126 North Aurora Street, Ithaca, 14850",restaurant,New York,US,No website listed on OpenStreetMap for this restaurant - potential web design / marketing lead.,2026-08-26
Hill Street Cafe,+1-518-462-3544,"180 Madison Avenue, Albany, 12202-1708",restaurant,New York,US,No website listed on OpenStreetMap for this restaurant - potential web design / marketing lead.,2026-08-26
Mezcal's,+1-718-783-3276,"223 5th Avenue, New York, 11215",restaurant,New York,US,No website listed on OpenStreetMap for this restaurant - potential web design / marketing lead.,2026-08-26
O'Malley's Cabin On The Lake,+1-607-532-8846,New York,restaurant,New York,US,No website listed on OpenStreetMap for this restaurant - potential web design / marketing lead.,2026-08-26
The Breslin,+1 212-679-1939,"16 West 29th Street, New York, 10001",restaurant,New York,US,No website listed on OpenStreetMap for this restaurant - potential web design / marketing lead.,2026-08-26
New No. 1 Chinese Restaurant,+1-518-465-6496,"466 Delaware Avenue, Albany, 12209-1429",restaurant,New York,US,No website listed on OpenStreetMap for this restaurant - potential web design / marketing lead.,2026-08-26
Van's Vietnamese,+1-518-436-1868,"307 Central Avenue, Albany, 12206-2508",restaurant,New York,US,No website listed on OpenStreetMap for this restaurant - potential web design / marketing lead.,2026-08-26
Giuseppe's Pizzeria,+1-315-497-2222,"2 Main Street, Moravia, 13118",restaurant,New York,US,No website listed on OpenStreetMap for this restaurant - potential web design / marketing lead.,2026-08-26
Tacolmos,+1-929-884-5121,"205A Schenectady Avenue, New York, 11213",restaurant,New York,US,No website listed on OpenStreetMap for this restaurant - potential web design / marketing lead.,2026-08-26
Hunan Wok III,+1-914-271-1333;+1-914-271-1371,"125 Grand Street, Croton-on-Hudson, 10520",restaurant,New York,US,No website listed on OpenStreetMap for this restaurant - potential web design / marketing lead.,2026-08-26
Quechua Nostra,+1 212-410-0707,"1634 Lexington Avenue, New York, 10029",restaurant,New York,US,No website listed on OpenStreetMap for this restaurant - potential web design / marketing lead.,2026-08-26
Inga's Bar,+1-917-909-1177,"66 Hicks Street, Brooklyn",restaurant,New York,US,No website listed on OpenStreetMap for this restaurant - potential web design / marketing lead.,2026-08-26
Neptune Diner II,+1-718-623-1111,"699 Classon Avenue, Brooklyn, 11238",restaurant,New York,US,No website listed on OpenStreetMap for this restaurant - potential web design / marketing lead.,2026-08-26
Zafis Luncheonette,+1-212-533-2415,"500 Grand Street, New York, 10002-4100",restaurant,New York,US,No website listed on OpenStreetMap for this restaurant - potential web design / marketing lead.,2026-08-26
Banc,+1-212-252-0146,"431 3rd Avenue, New York, 10016",restaurant,New York,US,No website listed on OpenStreetMap for this restaurant - potential web design / marketing lead.,2026-08-26
Sweet Tomato's,+1-631-749-4114,"15 Grand Avenue, Shelter Island Heights, 11965",restaurant,New York,US,No website listed on OpenStreetMap for this restaurant - potential web design / marketing lead.,2026-08-26
The Dory,+1-631-749-4300,"185 North Ferry Road, Shelter Island Heights, 11965",restaurant,New York,US,No website listed on OpenStreetMap for this restaurant - potential web design / marketing lead.,2026-08-26
Polash,+1-212-410-0276,"2179 3rd Avenue, New York, 10035",restaurant,New York,US,No website listed on OpenStreetMap for this restaurant - potential web design / marketing lead.,2026-08-26
Briciola Pizza Bar,+1-646-630-8317,"14 Bedford Street, New York, 10014",restaurant,New York,US,No website listed on OpenStreetMap for this restaurant - potential web design / marketing lead.,2026-08-26
Akino,+1 718 779 8280,"82-80 Broadway, Elmhurst",restaurant,New York,US,No website listed on OpenStreetMap for this restaurant - potential web design / marketing lead.,2026-08-26
Nick's Pizza,+1-315-463-6425,New York,restaurant,New York,US,No website listed on OpenStreetMap for this restaurant - potential web design / marketing lead.,2026-08-26
Ski Bowl Cafe,+1-518-251-2123,New York,restaurant,New York,US,No website listed on OpenStreetMap for this restaurant - potential web design / marketing lead.,2026-08-26
Rudraks,+1-212-222-4800,"706 Amsterdam Avenue, New York, 10025",restaurant,New York,US,No website listed on OpenStreetMap for this restaurant - potential web design / marketing lead.,2026-08-26
Mario's Ristorante & Pizzeria,+1 516-922-9111,New York,restaurant,New York,US,No website listed on OpenStreetMap for this restaurant - potential web design / marketing lead.,2026-08-26
Raj's Indian Kitchen,+1-646-559-2322,"53 Nassau Street, New York, 10038",restaurant,New York,US,No website listed on OpenStreetMap for this restaurant - potential web design / marketing lead.,2026-08-26
Gen,+1-718-398-3550,"659 Washington Avenue, New York, 11238",restaurant,New York,US,No website listed on OpenStreetMap for this restaurant - potential web design / marketing lead.,2026-08-26
Mom's Diner,+1-315-477-0141,"501 Westcott Street, Syracuse, 13210",restaurant,New York,US,No website listed on OpenStreetMap for this restaurant - potential web design / marketing lead.,2026-08-26
The Village Diner,+1-718-850-3787,"81-74 Lefferts Boulevard, Kew Gardens, 11415",restaurant,New York,US,No website listed on OpenStreetMap for this restaurant - potential web design / marketing lead.,2026-08-26
Shanghai Lee,+1-718-349-6716,New York,restaurant,New York,US,No website listed on OpenStreetMap for this restaurant - potential web design / marketing lead.,2026-08-26
Gramercy Cafe,+1 917-745-0713,"31-91 Steinway Street, Astoria",restaurant,New York,US,No website listed on OpenStreetMap for this restaurant - potential web design / marketing lead.,2026-08-26
All Night Egg Plant,+1-315-446-8178,"5781 Bridge Street, East Syracuse, 13057",restaurant,New York,US,No website listed on OpenStreetMap for this restaurant - potential web design / marketing lead.,2026-08-26
Sand City Brewing,+16316512767,"150 South Wellwood Avenue, Lindenhurst, 11757",restaurant,New York,US,No website listed on OpenStreetMap for this restaurant - potential web design / marketing lead.,2026-08-26
Cafe Joul,+1 212-759-3131,"1070 1st Avenue, New York",restaurant,New York,US,No website listed on OpenStreetMap for this restaurant - potential web design / marketing lead.,2026-08-26
Fresh Tortillas,+17188507766,"118-19 Metropolitan Avenue, New York, 11415",restaurant,New York,US,No website listed on OpenStreetMap for this restaurant - potential web design / marketing lead.,2026-08-26
Hokey Pokey’s Ice Creamery,+16079624720,"37 West William Street, Corning, 14830",restaurant,New York,US,No website listed on OpenStreetMap for this restaurant - potential web design / marketing lead.,2026-08-26
En En's Chinese Buffet,+1-607-936-3000,"9 South Buffalo Street, New York, 14830",restaurant,New York,US,No website listed on OpenStreetMap for this restaurant - potential web design / marketing lead.,2026-08-26
Beartown Peaches ‘n Cream,+16079375219,"5 Beartown Road, New York",restaurant,New York,US,No website listed on OpenStreetMap for this restaurant - potential web design / marketing lead.,2026-08-26
Spencer's Restaurant,+1-607-936-9196,"359 Market Street Extension, New York",restaurant,New York,US,No website listed on OpenStreetMap for this restaurant - potential web design / marketing lead.,2026-08-26
Grovers Bar & Grill,+1-716-636-1803,"9160 Transit Road, East Amherst, 14051",restaurant,New York,US,No website listed on OpenStreetMap for this restaurant - potential web design / marketing lead.,2026-08-26
Chelsea Square Restaurant,+1-212-691-5400,New York,restaurant,New York,US,No website listed on OpenStreetMap for this restaurant - potential web design / marketing lead.,2026-08-26
Da Andrea,+1 212-354-5971,"160 8th Avenue, New York",restaurant,New York,US,No website listed on OpenStreetMap for this restaurant - potential web design / marketing lead.,2026-08-26
Chelsea Cottage's Viet Grill,+1-212-366-4881;+1-212-366-4882,"206 9th Avenue, New York, 10011",restaurant,New York,US,No website listed on OpenStreetMap for this restaurant - potential web design / marketing lead.,2026-08-26
Dil e Punjab Deli,+1 212-647-9428,"170 9th Avenue, New York, 10011",restaurant,New York,US,No website listed on OpenStreetMap for this restaurant - potential web design / marketing lead.,2026-08-26
Shortstop Pizza,+1-631-269-7172,"8 Indian Head Road, New York, 11754",restaurant,New York,US,No website listed on OpenStreetMap for this restaurant - potential web design / marketing lead.,2026-08-26
Eastshore Roadhouse,+1-607-219-3004,"1928 East Shore Drive, Lansing, 14882",restaurant,New York,US,No website listed on OpenStreetMap for this restaurant - potential web design / marketing lead.,2026-08-26
Panda Chinese,+1-631-757-3003,"10 Fort Salonga Road, Fort Salonga, 11768",restaurant,New York,US,No website listed on OpenStreetMap for this restaurant - potential web design / marketing lead.,2026-08-26
Skipper's Pub,+1-631-261-3589,"34 Main Street, Northport, 11768",restaurant,New York,US,No website listed on OpenStreetMap for this restaurant - potential web design / marketing lead.,2026-08-26
BG Buda’s Cucina Italiana,+1-315-663-1530,"88 Albany Street, Cazenovia, 13035",restaurant,New York,US,No website listed on OpenStreetMap for this restaurant - potential web design / marketing lead.,2026-08-26
New Asha Sri Lanka Restaurant,+1-718 420-0649,"322 Victory Boulevard, Staten Island, 10301",restaurant,New York,US,No website listed on OpenStreetMap for this restaurant - potential web design / marketing lead.,2026-08-26
Book Chang Dong Soon Tofu,+1 718 961-2001,"152-22 Northern Boulevard, Flushing, 11354",restaurant,New York,US,No website listed on OpenStreetMap for this restaurant - potential web design / marketing lead.,2026-08-26
Hollywood Diner,+1 212-691-8465,"574 6th Avenue, New York, 10011",restaurant,New York,US,No website listed on OpenStreetMap for this restaurant - potential web design / marketing lead.,2026-08-26
Sushi-tei,+1 212 753-3535,"11 East 47th Street, New York, 10017",restaurant,New York,US,No website listed on OpenStreetMap for this restaurant - potential web design / marketing lead.,2026-08-26
No Pork Halal Kitchen,+1-718-875-9888,"50 4th Avenue, Brooklyn, 11217",restaurant,New York,US,No website listed on OpenStreetMap for this restaurant - potential web design / marketing lead.,2026-08-26
Koto Sushi & Steak,+1-718-222-8055,"552 Henry Street, New York, 11231",restaurant,New York,US,No website listed on OpenStreetMap for this restaurant - potential web design / marketing lead.,2026-08-26
Commander Cody's,+1-631-749-1851,"41 Smith Street, Shelter Island, 11964",restaurant,New York,US,No website listed on OpenStreetMap for this restaurant - potential web design / marketing lead.,2026-08-26
Cheburechnaya,+1 718 897-9080,"92-09 63rd Drive, Rego Park, 11374",restaurant,New York,US,No website listed on OpenStreetMap for this restaurant - potential web design / marketing lead.,2026-08-26
Samarkand,+1 718 263-4444,"Queens Boulevard, New York",restaurant,New York,US,No website listed on OpenStreetMap for this restaurant - potential web design / marketing lead.,2026-08-26
Copacabana,+1 718 545-3685,"36th Avenue, Astoria, 11106",restaurant,New York,US,No website listed on OpenStreetMap for this restaurant - potential web design / marketing lead.,2026-08-26
Salute Kosher,+1 718 275-6860,"63-61 108th Street, Forest Hills, 11375",restaurant,New York,US,No website listed on OpenStreetMap for this restaurant - potential web design / marketing lead.,2026-08-26
Café Arzu,+1 718 830-3335,"101-5;101-05 Queens Boulevard, Forest Hills, 11375",restaurant,New York,US,No website listed on OpenStreetMap for this restaurant - potential web design / marketing lead.,2026-08-26
Alex's On the Water,+1 315 343 5121,"26 East 1st Street, New York, 13126",restaurant,New York,US,No website listed on OpenStreetMap for this restaurant - potential web design / marketing lead.,2026-08-26
Duffy's,+1-718-447-9276,"650 Forest Avenue, Staten Island, 10310",restaurant,New York,US,No website listed on OpenStreetMap for this restaurant - potential web design / marketing lead.,2026-08-26
L'Amour Glatt Kosher,+1-718-459-8800,"102-11 Queens Boulevard, Forest Hills, 11375",restaurant,New York,US,No website listed on OpenStreetMap for this restaurant - potential web design / marketing lead.,2026-08-26
Asian Bowl,+1 718 275-1888,"101-11 Queens Boulevard, Forest Hills, 11375",restaurant,New York,US,No website listed on OpenStreetMap for this restaurant - potential web design / marketing lead.,2026-08-26
Nadezhda,+1 718 380 6666,"64-06 108th Street, Forest Hills, 11375",restaurant,New York,US,No website listed on OpenStreetMap for this restaurant - potential web design / marketing lead.,2026-08-26
Next Stop Vegan,+1 917 9666066,"88 Livingston Street, New York, 11201",restaurant,New York,US,No website listed on OpenStreetMap for this restaurant - potential web design / marketing lead.,2026-08-26
L&B Spumoni Gardens,+1 718-596-4646,"46 Old Fulton Street, New York, 11201",restaurant,New York,US,No website listed on OpenStreetMap for this restaurant - potential web design / marketing lead.,2026-08-26
Sushi Wen,+1-718-816-8279,"856 Castleton Avenue, Staten Island, 10310",restaurant,New York,US,No website listed on OpenStreetMap for this restaurant - potential web design / marketing lead.,2026-08-26
Capsec International Restaurant & Bakery,+1-718-484-9122,"2482 Pitkin Avenue, New York, 11208",restaurant,New York,US,No website listed on OpenStreetMap for this restaurant - potential web design / marketing lead.,2026-08-26
Ballato,+1-212-274-8881,"55 East Houston Street, New York, 10012",restaurant,New York,US,No website listed on OpenStreetMap for this restaurant - potential web design / marketing lead.,2026-08-26
Don Alex,+1-718-275-1112,"97-05 64th Avenue, New York, 11374",restaurant,New York,US,No website listed on OpenStreetMap for this restaurant - potential web design / marketing lead.,2026-08-26
El Continental,+1-718-832-1327,"672 5th Avenue, New York, 11232",restaurant,New York,US,No website listed on OpenStreetMap for this restaurant - potential web design / marketing lead.,2026-08-26
Jey Diner,+1-917-635-0863,"721 4th Avenue, New York, 11232",restaurant,New York,US,No website listed on OpenStreetMap for this restaurant - potential web design / marketing lead.,2026-08-26
El Mexicano,+1-347-529-5268,"710 5th Avenue, New York, 11226",restaurant,New York,US,No website listed on OpenStreetMap for this restaurant - potential web design / marketing lead.,2026-08-26
Melany Restaurant,+1 718-282-0399,"785 Flatbush Avenue, Brooklyn, 11226",restaurant,New York,US,No website listed on OpenStreetMap for this restaurant - potential web design / marketing lead.,2026-08-26
Bèl Nègès,+1-347-365-4753,"2180 Bedford Avenue, New York, 11226",restaurant,New York,US,No website listed on OpenStreetMap for this restaurant - potential web design / marketing lead.,2026-08-26
Noodle Pudding,+1-718 625-3737,"38 Henry Street, New York, 11201",restaurant,New York,US,No website listed on OpenStreetMap for this restaurant - potential web design / marketing lead.,2026-08-26
Tabetomo,+1-646-850-6414,"131 Avenue A, New York, 10009",restaurant,New York,US,No website listed on OpenStreetMap for this restaurant - potential web design / marketing lead.,2026-08-26
Sky Ice,+1-718-230-0910,"63 5th Avenue, New York, 11217",restaurant,New York,US,No website listed on OpenStreetMap for this restaurant - potential web design / marketing lead.,2026-08-26
Ishi,+1-917-909-1935,"70 5th Avenue, Brooklyn, 11217",restaurant,New York,US,No website listed on OpenStreetMap for this restaurant - potential web design / marketing lead.,2026-08-26
Burger Village,+1-917-909-0594,"288 Livingston Street, New York, 11217",restaurant,New York,US,No website listed on OpenStreetMap for this restaurant - potential web design / marketing lead.,2026-08-26
Pablito's,+1-718-499-4735,"723 5th Avenue, New York, 11215",restaurant,New York,US,No website listed on OpenStreetMap for this restaurant - potential web design / marketing lead.,2026-08-26
Footprints,+1-917-477-4857,"584 Nostrand Avenue, New York, 11216",restaurant,New York,US,No website listed on OpenStreetMap for this restaurant - potential web design / marketing lead.,2026-08-26
Trini-Girl,+1-347-240-6999,"628 Nostrand Avenue, New York, 11216",restaurant,New York,US,No website listed on OpenStreetMap for this restaurant - potential web design / marketing lead.,2026-08-26
Le Mistral,+1-844-841-9019,"330 5th Street, New York, 11215",restaurant,New York,US,No website listed on OpenStreetMap for this restaurant - potential web design / marketing lead.,2026-08-26
Authentic Szechuan,+1-718-788-2226,"384 5th Avenue, Brooklyn, 11215",restaurant,New York,US,No website listed on OpenStreetMap for this restaurant - potential web design / marketing lead.,2026-08-26
Locanda Mariella,+1-718-499-2132,"492 6th Avenue, New York, 11215",restaurant,New York,US,No website listed on OpenStreetMap for this restaurant - potential web design / marketing lead.,2026-08-26
El Mexicano,+1-929-304-6915,"310 Ditmas Avenue, Brooklyn, 11218",restaurant,New York,US,No website listed on OpenStreetMap for this restaurant - potential web design / marketing lead.,2026-08-26
Romeo's Pizza and Restaurant,+1-718-454-4223,"188-08 Union Turnpike, New York, 11423",restaurant,New York,US,No website listed on OpenStreetMap for this restaurant - potential web design / marketing lead.,2026-08-26
Boon Dee Moo Ka Ta Thai B.B.Q.,+1-917-456-1088,"168-11 Union Turnpike, New York, 11366",restaurant,New York,US,No website listed on OpenStreetMap for this restaurant - potential web design / marketing lead.,2026-08-26
Apizza,+1-718-833-2308,"9524 4th Avenue, New York, 11209",restaurant,New York,US,No website listed on OpenStreetMap for this restaurant - potential web design / marketing lead.,2026-08-26
The Coffee Club Diner,+1-718-567-3953,"9526 4th Avenue, New York, 11209",restaurant,New York,US,No website listed on OpenStreetMap for this restaurant - potential web design / marketing lead.,2026-08-26
Oriental Palace,+1-718-265-1540,"3018 Mermaid Avenue, Brooklyn, 11224",restaurant,New York,US,No website listed on OpenStreetMap for this restaurant - potential web design / marketing lead.,2026-08-26
Burmese Harp,+1-347-517-4225,"8510 4th Avenue, New York, 11209",restaurant,New York,US,No website listed on OpenStreetMap for this restaurant - potential web design / marketing lead.,2026-08-26
Ay Kebab,+1 718 491 1300,"8602 4th Avenue, New York, 11209",restaurant,New York,US,No website listed on OpenStreetMap for this restaurant - potential web design / marketing lead.,2026-08-26
Luliano's,+1-718-439-6994,"7902 3rd Avenue, Brooklyn, 11209",restaurant,New York,US,No website listed on OpenStreetMap for this restaurant - potential web design / marketing lead.,2026-08-26
Dave's Garden,+1-718-333-5431,"7404 3rd Avenue, New York, 11209",restaurant,New York,US,No website listed on OpenStreetMap for this restaurant - potential web design / marketing lead.,2026-08-26
Spice Szechuan,+1-718-333-5833,"7026 3rd Avenue, Brooklyn, 11209",restaurant,New York,US,No website listed on OpenStreetMap for this restaurant - potential web design / marketing lead.,2026-08-26
Glow Thai,+1-718-748-1920,"7107 3rd Avenue, Brooklyn, 11209",restaurant,New York,US,No website listed on OpenStreetMap for this restaurant - potential web design / marketing lead.,2026-08-26
Footprints,+1 718-265-2530,New York,restaurant,New York,US,No website listed on OpenStreetMap for this restaurant - potential web design / marketing lead.,2026-08-26
Dave Chinese Kitchen,+1-718-776-2500,"188-21 Union Turnpike, New York, 11366",restaurant,New York,US,No website listed on OpenStreetMap for this restaurant - potential web design / marketing lead.,2026-08-26
Turquoise Kosher Fish Restaurant,+1-718-776-7775,"189-23 Union Turnpike, Queens, 11366",restaurant,New York,US,No website listed on OpenStreetMap for this restaurant - potential web design / marketing lead.,2026-08-26
Georgian House,+1-718-759-6555,"129 Brighton 1st Street, Brooklyn, 11235",restaurant,New York,US,No website listed on OpenStreetMap for this restaurant - potential web design / marketing lead.,2026-08-26
New Shaman Restaurant,+1 718-368-1721,"232 Neptune Avenue, New York, 11235",restaurant,New York,US,No website listed on OpenStreetMap for this restaurant - potential web design / marketing lead.,2026-08-26
Amitabha Vegan Resaurant,+17184612100,"68-24 Fresh Meadow Lane, Fresh Meadows, 11365",restaurant,New York,US,No website listed on OpenStreetMap for this restaurant - potential web design / marketing lead.,2026-08-26
Mama Lee,+1 718 767-8680,"213-12 48th Avenue, Bayside, 11364",restaurant,New York,US,No website listed on OpenStreetMap for this restaurant - potential web design / marketing lead.,2026-08-26
V&S Pizza & Restaurant,+1-718-332-7300,"1715 Emmons Avenue, Brooklyn, 11235",restaurant,New York,US,No website listed on OpenStreetMap for this restaurant - potential web design / marketing lead.,2026-08-26
Hi Hot Kitchen,+1-718-481-3037,"73-08 Bell Boulevard, Queens, 11364",restaurant,New York,US,No website listed on OpenStreetMap for this restaurant - potential web design / marketing lead.,2026-08-26
Masuta Japanese Fusion,+17183683255,"1714 Sheepshead Bay Road, New York, 11235",restaurant,New York,US,No website listed on OpenStreetMap for this restaurant - potential web design / marketing lead.,2026-08-26
El Buen Sabor Hondureño Deli Restaurant,+1-347-561-3135,"172-32 Jamaica Avenue, Jamaica, 11432",restaurant,New York,US,No website listed on OpenStreetMap for this restaurant - potential web design / marketing lead.,2026-08-26
Kitchen 999,+1-917-819-0168,"44-10 Kissena Boulevard, New York, 11355",restaurant,New York,US,No website listed on OpenStreetMap for this restaurant - potential web design / marketing lead.,2026-08-26
Ming Kee Kitchen,+1-212-219-2282,"237B Grand Street, New York, 10002",restaurant,New York,US,No website listed on OpenStreetMap for this restaurant - potential web design / marketing lead.,2026-08-26
Asian King,+1-718-891-8838,"2827 Coney Island Avenue, New York, 11235",restaurant,New York,US,No website listed on OpenStreetMap for this restaurant - potential web design / marketing lead.,2026-08-26
Panino Rustico,+1-718-236-6343,"8222 17th Avenue, Brooklyn, 11214",restaurant,New York,US,No website listed on OpenStreetMap for this restaurant - potential web design / marketing lead.,2026-08-26
Mr Q BBQ,+1-718-853-3988,"806 56th Street, New York, 11220",restaurant,New York,US,No website listed on OpenStreetMap for this restaurant - potential web design / marketing lead.,2026-08-26
Tengu Sushi & Noodle,+1-718-633-3336,"5920 Fort Hamilton Parkway, Brooklyn, 11219",restaurant,New York,US,No website listed on OpenStreetMap for this restaurant - potential web design / marketing lead.,2026-08-26
Great Taste Dumpling,+1-718-436-2516,"4317 8th Avenue, Brooklyn, 11232",restaurant,New York,US,No website listed on OpenStreetMap for this restaurant - potential web design / marketing lead.,2026-08-26
La Carreta,+1-718-567-3566,"407 51st Street, New York, 11220",restaurant,New York,US,No website listed on OpenStreetMap for this restaurant - potential web design / marketing lead.,2026-08-26
Little Thanh Da,+1-718-492-3760,"777 57th Street, Brooklyn, 11220",restaurant,New York,US,No website listed on OpenStreetMap for this restaurant - potential web design / marketing lead.,2026-08-26
Wu La Bu Huan,+1 718-878-6550,"6102 7th Avenue, New York, 11220",restaurant,New York,US,No website listed on OpenStreetMap for this restaurant - potential web design / marketing lead.,2026-08-26
WesternYunnan Crossing Bridge Noodle,+17188384181,"705 59th Street, New York, 11220",restaurant,New York,US,No website listed on OpenStreetMap for this restaurant - potential web design / marketing lead.,2026-08-26
OD's Restaurant,+1-718-943-7034,"5823 4th Avenue, New York, 11220",restaurant,New York,US,No website listed on OpenStreetMap for this restaurant - potential web design / marketing lead.,2026-08-26
Usuluteco #3 Restaurant,+1-718-439-3727,"5502 3rd Avenue, New York, 11220",restaurant,New York,US,No website listed on OpenStreetMap for this restaurant - potential web design / marketing lead.,2026-08-26
Los Tres Potrillos,+1-718-788-8484,"1004 4th Avenue, New York, 11232",restaurant,New York,US,No website listed on OpenStreetMap for this restaurant - potential web design / marketing lead.,2026-08-26
Tacos El Bronco,+1-718-788-2229,"4324 4th Avenue, New York, 11232",restaurant,New York,US,No website listed on OpenStreetMap for this restaurant - potential web design / marketing lead.,2026-08-26
La Familia,+1-718-832-7568,"938 4th Avenue, New York, 11232",restaurant,New York,US,No website listed on OpenStreetMap for this restaurant - potential web design / marketing lead.,2026-08-26
Roundabout Restaurant,+1-347-965-9375,New York,restaurant,New York,US,No website listed on OpenStreetMap for this restaurant - potential web design / marketing lead.,2026-08-26
El Pollo Peruviano II,+1-347-889-5420,"4102 5th Avenue, New York, 11232",restaurant,New York,US,No website listed on OpenStreetMap for this restaurant - potential web design / marketing lead.,2026-08-26
Shashlik House,+1-929-420-9476,"102 Cortelyou Road, Brooklyn, 11218",restaurant,New York,US,No website listed on OpenStreetMap for this restaurant - potential web design / marketing lead.,2026-08-26
La Parada,+1-718-369-0115,"855 4th Avenue, New York, 11232",restaurant,New York,US,No website listed on OpenStreetMap for this restaurant - potential web design / marketing lead.,2026-08-26
Rockmeisha,+1-646-360-2598,"351 East 14th Street, New York, 10003",restaurant,New York,US,No website listed on OpenStreetMap for this restaurant - potential web design / marketing lead.,2026-08-26
Lucia Pizza,+1 917 965-2900,"375 Canal Street, New York, 10013",restaurant,New York,US,No website listed on OpenStreetMap for this restaurant - potential web design / marketing lead.,2026-08-26
Noor Palace,+1-929-788-7770,"2390 Coney Island Avenue, Brooklyn, 11223",restaurant,New York,US,No website listed on OpenStreetMap for this restaurant - potential web design / marketing lead.,2026-08-26
Anyway Cafe,+1 718-934-5988,"1608 Gravesend Neck Road, New York, 11229",restaurant,New York,US,No website listed on OpenStreetMap for this restaurant - potential web design / marketing lead.,2026-08-26
East Sushi Bistro,+1-718-648-0800,"2106 East 19th Street, New York, 11229",restaurant,New York,US,No website listed on OpenStreetMap for this restaurant - potential web design / marketing lead.,2026-08-26
PJ's On The Bay,+1 347-462-1747,"3041 Avenue V, New York, 11229",restaurant,New York,US,No website listed on OpenStreetMap for this restaurant - potential web design / marketing lead.,2026-08-26
Pablo's,+1-718-421-7603,"43 Newkirk Plaza, New York, 11226",restaurant,New York,US,No website listed on OpenStreetMap for this restaurant - potential web design / marketing lead.,2026-08-26
Tofu Tofu,+1-917-442-5001,New York,restaurant,New York,US,No website listed on OpenStreetMap for this restaurant - potential web design / marketing lead.,2026-08-26
Il Cortile,+1-212-226-6060,"125 Mulberry Street, New York, 10013",restaurant,New York,US,No website listed on OpenStreetMap for this restaurant - potential web design / marketing lead.,2026-08-26
Mi Cholita Bella,+1-717-684-6833,"1386 DeKalb Avenue, New York, 11221",restaurant,New York,US,No website listed on OpenStreetMap for this restaurant - potential web design / marketing lead.,2026-08-26
M & J,+1-212-533-6888,"600 East 14th Street, New York, 10009",restaurant,New York,US,No website listed on OpenStreetMap for this restaurant - potential web design / marketing lead.,2026-08-26
Bleu Nuk,+1-718-210-2529,"1150 Nostrand Avenue, New York, 11225",restaurant,New York,US,No website listed on OpenStreetMap for this restaurant - potential web design / marketing lead.,2026-08-26
Wing Luck Restaurant,+1-718-385-2100,"252 Livonia Avenue, Brooklyn, 11212",restaurant,New York,US,No website listed on OpenStreetMap for this restaurant - potential web design / marketing lead.,2026-08-26
Beauty & Essex,+1 212-614-0146,"146 Essex Street, New York, 10002",restaurant,New York,US,No website listed on OpenStreetMap for this restaurant - potential web design / marketing lead.,2026-08-26
Yuki Sushi,+1-917-409-0429,"37 Allen Street, New York, 10002",restaurant,New York,US,No website listed on OpenStreetMap for this restaurant - potential web design / marketing lead.,2026-08-26
Sobak,+1 917-265-8188,"51B Canal Street, New York, 10002",restaurant,New York,US,No website listed on OpenStreetMap for this restaurant - potential web design / marketing lead.,2026-08-26
Angela's,+1 718 552 2297,"417 Nostrand Avenue, New York, 11216",restaurant,New York,US,No website listed on OpenStreetMap for this restaurant - potential web design / marketing lead.,2026-08-26
Sally's,+1-718-388-8788,New York,restaurant,New York,US,No website listed on OpenStreetMap for this restaurant - potential web design / marketing lead.,2026-08-26
King of the Sea,+1-718-783-8000,New York,restaurant,New York,US,No website listed on OpenStreetMap for this restaurant - potential web design / marketing lead.,2026-08-26
Spice & Grill,+1-718-875-2525,"441 Myrtle Avenue, New York, 11205",restaurant,New York,US,No website listed on OpenStreetMap for this restaurant - potential web design / marketing lead.,2026-08-26
Front Street Pizza,+1-718-875-3700,"80 Front Street, Brooklyn, 11201",restaurant,New York,US,No website listed on OpenStreetMap for this restaurant - potential web design / marketing lead.,2026-08-26
L.A. Burrito,+1-718-381-4740,"67 Wilson Avenue, New York, 11237",restaurant,New York,US,No website listed on OpenStreetMap for this restaurant - potential web design / marketing lead.,2026-08-26
Little Purity,+1-718-369-1722,"390 7th Avenue, New York, 11215",restaurant,New York,US,No website listed on OpenStreetMap for this restaurant - potential web design / marketing lead.,2026-08-26
Purity Diner,+1-718-840-0881,"289 7th Avenue, New York, 11215",restaurant,New York,US,No website listed on OpenStreetMap for this restaurant - potential web design / marketing lead.,2026-08-26
Bosna Express,+1-718-497-7577,"791 Fairview Avenue, Ridgewood, 11385",restaurant,New York,US,No website listed on OpenStreetMap for this restaurant - potential web design / marketing lead.,2026-08-26
Lillian,+1 718 520 8749,"96-01 69th Avenue, New York, 11375",restaurant,New York,US,No website listed on OpenStreetMap for this restaurant - potential web design / marketing lead.,2026-08-26
JC Garden,+1-718-275-3007,"97-18 63rd Road, Rego Park, 11374",restaurant,New York,US,No website listed on OpenStreetMap for this restaurant - potential web design / marketing lead.,2026-08-26
El Toum,+1-718-440-9970,"35-62 76th Street, New York, 11372",restaurant,New York,US,No website listed on OpenStreetMap for this restaurant - potential web design / marketing lead.,2026-08-26
The Sister Pizza,+1-347-642-3005,"77-09 37th Avenue, Jackson Heights, 11372",restaurant,New York,US,No website listed on OpenStreetMap for this restaurant - potential web design / marketing lead.,2026-08-26
Barriles Restaurante Colombiano,+1-347-642-9811,"83-14 37th Avenue, Jackson Heights, 11372",restaurant,New York,US,No website listed on OpenStreetMap for this restaurant - potential web design / marketing lead.,2026-08-26
Blue,+1 718 396 0717,"82-63 Broadway, New York, 11373",restaurant,New York,US,No website listed on OpenStreetMap for this restaurant - potential web design / marketing lead.,2026-08-26
Jerk Hut,+1-718-712-5910,"231-07 Merrick Boulevard, New York, 11413",restaurant,New York,US,No website listed on OpenStreetMap for this restaurant - potential web design / marketing lead.,2026-08-26
The Leaning Tower,+1-585-335-2740,"124 Main Street, Dansville, 14437",restaurant,New York,US,No website listed on OpenStreetMap for this restaurant - potential web design / marketing lead.,2026-08-26
Bertha's Diner,+1-716-836-3100,"1430 Hertel Avenue, Buffalo, 14216",restaurant,New York,US,No website listed on OpenStreetMap for this restaurant - potential web design / marketing lead.,2026-08-26
Koo Thai,+1-646-666-0448,"917 Columbus Avenue, New York, 10025",restaurant,New York,US,No website listed on OpenStreetMap for this restaurant - potential web design / marketing lead.,2026-08-26
Veeray Da Dhaba,+1-212-777-1420,New York,restaurant,New York,US,No website listed on OpenStreetMap for this restaurant - potential web design / marketing lead.,2026-08-26
Latin American Restaurant,+1-212-689-2570,"West 26th Street, New York, 10001",restaurant,New York,US,No website listed on OpenStreetMap for this restaurant - potential web design / marketing lead.,2026-08-26
SLDR,+1-718-626-5292,"32-21 Broadway, Astoria, 11106",restaurant,New York,US,No website listed on OpenStreetMap for this restaurant - potential web design / marketing lead.,2026-08-26
Friendly's,+1-607-757-9187,"301 East Main Street, Endicott, 13760",restaurant,New York,US,No website listed on OpenStreetMap for this restaurant - potential web design / marketing lead.,2026-08-26
Olive Garden,+1-607-748-5840,"1112 Vestal Parkway East, Vestal, 13850",restaurant,New York,US,No website listed on OpenStreetMap for this restaurant - potential web design / marketing lead.,2026-08-26
Red Lobster,+1-607-754-3787,"1200 Vestal Parkway East, Vestal, 13850",restaurant,New York,US,No website listed on OpenStreetMap for this restaurant - potential web design / marketing lead.,2026-08-26
The Charleston House,+1-585-355-4195,"120 East Avenue, Rochester, 14604",restaurant,New York,US,No website listed on OpenStreetMap for this restaurant - potential web design / marketing lead.,2026-08-26
Enthaice,+1-718-932-1111,"31st Avenue, Astoria, 11106",restaurant,New York,US,No website listed on OpenStreetMap for this restaurant - potential web design / marketing lead.,2026-08-26
China Star Restaurant,+17168338339,"1565 Hertel Avenue, Buffalo, 14216",restaurant,New York,US,No website listed on OpenStreetMap for this restaurant - potential web design / marketing lead.,2026-08-26
River Deli,+1-718-254-9200,New York,restaurant,New York,US,No website listed on OpenStreetMap for this restaurant - potential web design / marketing lead.,2026-08-26
Jugnoo's Pakistani Restaurant,+1-585-340-6554,"3333 W Henrietta Road, Rochester, 14623",restaurant,New York,US,No website listed on OpenStreetMap for this restaurant - potential web design / marketing lead.,2026-08-26
Marani,+1 718 569-0600,"97-26 63rd Road, Rego Park, 11374",restaurant,New York,US,No website listed on OpenStreetMap for this restaurant - potential web design / marketing lead.,2026-08-26
Joy Indian Restaurant,+1-718-230-1165,New York,restaurant,New York,US,No website listed on OpenStreetMap for this restaurant - potential web design / marketing lead.,2026-08-26
Island Seas Cafe,+1-718-576-6700,"743 Franklin Avenue, New York, 11216",restaurant,New York,US,No website listed on OpenStreetMap for this restaurant - potential web design / marketing lead.,2026-08-26
Bangkok Cuisine,+1 718-261-4005,"107-18 70th Road, New York, 11375",restaurant,New York,US,No website listed on OpenStreetMap for this restaurant - potential web design / marketing lead.,2026-08-26
Lahori Kabab,+1-646-620-3183,New York,restaurant,New York,US,No website listed on OpenStreetMap for this restaurant - potential web design / marketing lead.,2026-08-26
Soulvlaki GR,+1-212-974-7482,"162 West 56th Street, New York, 10019",restaurant,New York,US,No website listed on OpenStreetMap for this restaurant - potential web design / marketing lead.,2026-08-26
Rubby Pizzeria Restaurant,+1-212-757-3707,"862 10th Avenue, New York, 10019",restaurant,New York,US,No website listed on OpenStreetMap for this restaurant - potential web design / marketing lead.,2026-08-26
Koto Sushi,+1-718-230-3881,New York,restaurant,New York,US,No website listed on OpenStreetMap for this restaurant - potential web design / marketing lead.,2026-08-26
Sam's Place,+1-212-599-6360,"132 East 39th Street, New York, 10016",restaurant,New York,US,No website listed on OpenStreetMap for this restaurant - potential web design / marketing lead.,2026-08-26
Sachi,+1-212-297-1883,"713 2nd Avenue, New York, 10016",restaurant,New York,US,No website listed on OpenStreetMap for this restaurant - potential web design / marketing lead.,2026-08-26
Loco Coco,+1 212-888-9900,"835 Lexington Avenue, New York, 10065",restaurant,New York,US,No website listed on OpenStreetMap for this restaurant - potential web design / marketing lead.,2026-08-26
Shinbashi 72,+1-212-510-7799,"218 West 72nd Street, New York, 10023",restaurant,New York,US,No website listed on OpenStreetMap for this restaurant - potential web design / marketing lead.,2026-08-26
New Cottage Restaurant,+1-212-595-7450,"2199 Broadway, New York, 10024",restaurant,New York,US,No website listed on OpenStreetMap for this restaurant - potential web design / marketing lead.,2026-08-26
New Kam Lai,+1-212-769-8990,"514 Amsterdam Avenue, New York, 10024",restaurant,New York,US,No website listed on OpenStreetMap for this restaurant - potential web design / marketing lead.,2026-08-26
Maison Pickle,+1-212-496-9100,"2315 Broadway, New York, 10024",restaurant,New York,US,No website listed on OpenStreetMap for this restaurant - potential web design / marketing lead.,2026-08-26
La Nueva Victoria Restaurant,+1-212-865-1810,"2536 Broadway, New York, 10025",restaurant,New York,US,No website listed on OpenStreetMap for this restaurant - potential web design / marketing lead.,2026-08-26
Cajun Halal Platters,+1-646-707-3147,"2707 Broadway, New York, 10025",restaurant,New York,US,No website listed on OpenStreetMap for this restaurant - potential web design / marketing lead.,2026-08-26
Traviata Pizza II,+1-646-449-0366,"2753 Broadway, New York, 10025",restaurant,New York,US,No website listed on OpenStreetMap for this restaurant - potential web design / marketing lead.,2026-08-26
Benny’s Chao King,+1-212-364-3790;+1-212-364-3793,"906 Columbus Avenue, New York, 10025",restaurant,New York,US,No website listed on OpenStreetMap for this restaurant - potential web design / marketing lead.,2026-08-26
East Harlem Bottling Co,+1 646-922-7705,"1711 Lexington Avenue, New York, 10029",restaurant,New York,US,No website listed on OpenStreetMap for this restaurant - potential web design / marketing lead.,2026-08-26
Lalibela,+1-917-409-1609,"2084 Frederick Douglass Boulevard, New York, 10026",restaurant,New York,US,No website listed on OpenStreetMap for this restaurant - potential web design / marketing lead.,2026-08-26
Nikko Hibachi Asian Fusion,+19292098105,"1280 Amsterdam Avenue, New York, 10027",restaurant,New York,US,No website listed on OpenStreetMap for this restaurant - potential web design / marketing lead.,2026-08-26
Bombay Grill & Curry,+1-718-389-2211,"1015 Manhattan Avenue, Brooklyn, 11222",restaurant,New York,US,No website listed on OpenStreetMap for this restaurant - potential web design / marketing lead.,2026-08-26
Mi Paso,+1-212-928-0866,"4129 Broadway, New York, 10033",restaurant,New York,US,No website listed on OpenStreetMap for this restaurant - potential web design / marketing lead.,2026-08-26
Munchies,+1 212-740-8100,"1405 Saint Nicholas Avenue, New York, 10033",restaurant,New York,US,No website listed on OpenStreetMap for this restaurant - potential web design / marketing lead.,2026-08-26
Yang Garden,+1-212-781-0055;+1-212-781-0056,"816 West 187th Street, New York, 10033",restaurant,New York,US,No website listed on OpenStreetMap for this restaurant - potential web design / marketing lead.,2026-08-26
Vegan Quick Bites by Next Stop Vegan,+1-917-261-2323,"1636 Saint Nicholas Avenue, New York, 10040",restaurant,New York,US,No website listed on OpenStreetMap for this restaurant - potential web design / marketing lead.,2026-08-26
Tampopo Kitchen,+1-646-609-3899,"805 West 187th Street, New York, 10040",restaurant,New York,US,No website listed on OpenStreetMap for this restaurant - potential web design / marketing lead.,2026-08-26
Wai Kang Kitchen,+1 718 933 2797,"39 Bedford Park Boulevard, Bronx, 10468",restaurant,New York,US,No website listed on OpenStreetMap for this restaurant - potential web design / marketing lead.,2026-08-26
El Club Valle Restaurant and Bar,+1-718-798-3755,"352 East Gun Hill Road, Bronx, 10467",restaurant,New York,US,No website listed on OpenStreetMap for this restaurant - potential web design / marketing lead.,2026-08-26
New Kam Sheng,+1 718-549-5511,"3648 Greystone Avenue, New York, 10463",restaurant,New York,US,No website listed on OpenStreetMap for this restaurant - potential web design / marketing lead.,2026-08-26
Greek Express,+1 718 601-4976,"3733 Riverdale Avenue, Bronx, 10463",restaurant,New York,US,No website listed on OpenStreetMap for this restaurant - potential web design / marketing lead.,2026-08-26
Sutphin Pizza,+1 718 206 0040,New York,restaurant,New York,US,No website listed on OpenStreetMap for this restaurant - potential web design / marketing lead.,2026-08-26
Shui Mei Cafe,+1-212-791-2819,"67 East Broadway, New York, 10002",restaurant,New York,US,No website listed on OpenStreetMap for this restaurant - potential web design / marketing lead.,2026-08-26
Hane,+1-212-598-9889,"346 1st Avenue, New York, 10009",restaurant,New York,US,No website listed on OpenStreetMap for this restaurant - potential web design / marketing lead.,2026-08-26
Townhouse Diner,+1-212-599-6254,"696 2nd Avenue, New York, 10016",restaurant,New York,US,No website listed on OpenStreetMap for this restaurant - potential web design / marketing lead.,2026-08-26
Wraptor,+1-347-457-6333,"358 Columbia Street, New York, 11231",restaurant,New York,US,No website listed on OpenStreetMap for this restaurant - potential web design / marketing lead.,2026-08-26
Gina's Pizzeria,+1-718-505-9390,"60-24 Queens Boulevard, New York, 11377",restaurant,New York,US,No website listed on OpenStreetMap for this restaurant - potential web design / marketing lead.,2026-08-26
Musashi,+1-718-388-5081,New York,restaurant,New York,US,No website listed on OpenStreetMap for this restaurant - potential web design / marketing lead.,2026-08-26
Los Tacos Mcondo,+1-347-763-1548,"502 Grand Street, New York, 11206",restaurant,New York,US,No website listed on OpenStreetMap for this restaurant - potential web design / marketing lead.,2026-08-26
Taqueria Bar N2,+1-718-388-3045,New York,restaurant,New York,US,No website listed on OpenStreetMap for this restaurant - potential web design / marketing lead.,2026-08-26
Rosarito Fish Shack,+1-718-388-8833,"168 Wythe Avenue, New York, 11249",restaurant,New York,US,No website listed on OpenStreetMap for this restaurant - potential web design / marketing lead.,2026-08-26
Hummus Market,+1-718-599-5600,New York,restaurant,New York,US,No website listed on OpenStreetMap for this restaurant - potential web design / marketing lead.,2026-08-26
Lite Bites,+1-917-793-5776,"700 Manhattan Avenue, New York, 11222",restaurant,New York,US,No website listed on OpenStreetMap for this restaurant - potential web design / marketing lead.,2026-08-26
Georgia Diner,+1-718-426-2229,"80-26 Queens Boulevard, Elmhurst, 11373",restaurant,New York,US,No website listed on OpenStreetMap for this restaurant - potential web design / marketing lead.,2026-08-26
Los Tacos del Viejon,+1 347-848-0058,"62-08 Roosevelt Avenue, New York, 11377",restaurant,New York,US,No website listed on OpenStreetMap for this restaurant - potential web design / marketing lead.,2026-08-26
Los Cuencantinos,+1 718-426-4487,"54-18 Roosevelt Avenue, New York, 11377",restaurant,New York,US,No website listed on OpenStreetMap for this restaurant - potential web design / marketing lead.,2026-08-26
New Asian Cuisine,+1 718-784-4989,"44-20 48th Avenue, New York, 11377",restaurant,New York,US,No website listed on OpenStreetMap for this restaurant - potential web design / marketing lead.,2026-08-26
Reyes,+1 718-752-9577,"47-54 46th Street, New York, 11377",restaurant,New York,US,No website listed on OpenStreetMap for this restaurant - potential web design / marketing lead.,2026-08-26
Kasbah Cafe,+1 347-617-1116,"39-19 Greenpoint Avenue, New York, 11104",restaurant,New York,US,No website listed on OpenStreetMap for this restaurant - potential web design / marketing lead.,2026-08-26
Ten Full,+1 718-361-8838,"39-49 48th Avenue, New York, 11104",restaurant,New York,US,No website listed on OpenStreetMap for this restaurant - potential web design / marketing lead.,2026-08-26
1 Buen Sabor,+1 718-361-8714,"45-07 Queens Boulevard, New York, 11104",restaurant,New York,US,No website listed on OpenStreetMap for this restaurant - potential web design / marketing lead.,2026-08-26
Ariyoshi,+1 718-937-3288,"41-13 Queens Boulevard, New York, 11104",restaurant,New York,US,No website listed on OpenStreetMap for this restaurant - potential web design / marketing lead.,2026-08-26
Bon Café et Restaurant,+1 929-708-2678,"41-31 Queens Boulevard, Sunnyside, 11104",restaurant,New York,US,No website listed on OpenStreetMap for this restaurant - potential web design / marketing lead.,2026-08-26
Sumnima Kitchen,+1-917-396-4202,"39-02 64th Street, New York, 11377",restaurant,New York,US,No website listed on OpenStreetMap for this restaurant - potential web design / marketing lead.,2026-08-26
La Abundancia,+1-718-672-1515,"63-140 Broadway, Woodside, 11377",restaurant,New York,US,No website listed on OpenStreetMap for this restaurant - potential web design / marketing lead.,2026-08-26
Linda Azoguenita,+1 718-592-0100; +1 718-592-0200,"51-01 108th Street, New York, 11368",restaurant,New York,US,No website listed on OpenStreetMap for this restaurant - potential web design / marketing lead.,2026-08-26
Angel,+1 347 848 0098,"75-18 37th Avenue, New York, 11372",restaurant,New York,US,No website listed on OpenStreetMap for this restaurant - potential web design / marketing lead.,2026-08-26
Dar Lbahja,+1 347-242-3702,"47-12 30th Avenue, New York, 11103",restaurant,New York,US,No website listed on OpenStreetMap for this restaurant - potential web design / marketing lead.,2026-08-26
Pronto,+1 718-274-4416,"45-19 28th Avenue, New York, 11103",restaurant,New York,US,No website listed on OpenStreetMap for this restaurant - potential web design / marketing lead.,2026-08-26
Napoli's Bistro,+1 917-832-6325,"28-51 42nd Street, New York, 11103",restaurant,New York,US,No website listed on OpenStreetMap for this restaurant - potential web design / marketing lead.,2026-08-26
Ddee Thai,+1 718-626-1222,"42-06 30th Avenue, New York, 11103",restaurant,New York,US,No website listed on OpenStreetMap for this restaurant - potential web design / marketing lead.,2026-08-26
Taco Veloz,+1 718-885-5470,"34-01 36th Avenue, New York, 11106",restaurant,New York,US,No website listed on OpenStreetMap for this restaurant - potential web design / marketing lead.,2026-08-26
Shawarma Spot,+1 718-540-5099,"34-23 Steinway Street, New York, 11101",restaurant,New York,US,No website listed on OpenStreetMap for this restaurant - potential web design / marketing lead.,2026-08-26
Ayam,+1 347-448-6978,"40-13 35th Avenue, New York, 11101",restaurant,New York,US,No website listed on OpenStreetMap for this restaurant - potential web design / marketing lead.,2026-08-26
Tacoshi,+1 929-789-6592,"41-17 Broadway, New York, 11103",restaurant,New York,US,No website listed on OpenStreetMap for this restaurant - potential web design / marketing lead.,2026-08-26
Lotus1 Vietnamese,+1 718-956-3388,"41-19 31st Avenue, New York, 11103",restaurant,New York,US,No website listed on OpenStreetMap for this restaurant - potential web design / marketing lead.,2026-08-26
Gyro Uno pizzeria restaurant café,+1 718-274-4870,"28-01 Steinway Street, New York, 11103",restaurant,New York,US,No website listed on OpenStreetMap for this restaurant - potential web design / marketing lead.,2026-08-26
Riviera Maya,+1 718-255-1722,"28-28 Steinway Street, New York, 11103",restaurant,New York,US,No website listed on OpenStreetMap for this restaurant - potential web design / marketing lead.,2026-08-26
Gaudio's Pizzeria & Restaurant,+1-718-721-2882,"40-13 30th Avenue, New York, 11103",restaurant,New York,US,No website listed on OpenStreetMap for this restaurant - potential web design / marketing lead.,2026-08-26
ASAP! Pizza,+1 347-848-0085,"37-05 28th Avenue, New York, 11103",restaurant,New York,US,No website listed on OpenStreetMap for this restaurant - potential web design / marketing lead.,2026-08-26
Mela Pizza,+1 718-777-5533,"31-01 Newtown Avenue, New York, 11102",restaurant,New York,US,No website listed on OpenStreetMap for this restaurant - potential web design / marketing lead.,2026-08-26
The Grand 35th Avenue Diner,+1 718-806-1811,"30-01 35th Avenue, New York, 11106",restaurant,New York,US,No website listed on OpenStreetMap for this restaurant - potential web design / marketing lead.,2026-08-26
Hello Bangladesh,+1 718-392-4071,"30-05 36th Avenue, New York, 11106",restaurant,New York,US,No website listed on OpenStreetMap for this restaurant - potential web design / marketing lead.,2026-08-26
Aladdin Sweets and Restaurant,+1 718-784-2554,"29-06 36th Avenue, New York, 11106",restaurant,New York,US,No website listed on OpenStreetMap for this restaurant - potential web design / marketing lead.,2026-08-26
Coffee Shop,+1 718-784-7045,"13-01 40th Avenue, New York, 11101",restaurant,New York,US,No website listed on OpenStreetMap for this restaurant - potential web design / marketing lead.,2026-08-26
G&R Italian Deli,+1-718-931-3450,"1928 Williamsbridge Road, New York, 10461",restaurant,New York,US,No website listed on OpenStreetMap for this restaurant - potential web design / marketing lead.,2026-08-26
Taqueria Tlaxcalli,+1 347 851-3085,"2103 Starling Avenue, Bronx, 10462",restaurant,New York,US,No website listed on OpenStreetMap for this restaurant - potential web design / marketing lead.,2026-08-26
Khalil Halal Chinese,+1-347-621-2884,"2060 McGraw Avenue, Bronx, 10462",restaurant,New York,US,No website listed on OpenStreetMap for this restaurant - potential web design / marketing lead.,2026-08-26
Pind Palace,+1 718 674 6037,"116-01 101st Avenue, New York, 11419",restaurant,New York,US,No website listed on OpenStreetMap for this restaurant - potential web design / marketing lead.,2026-08-26
El Pollo Inka,+1-718-738-2459,"89-20 101st Avenue, New York, 11416",restaurant,New York,US,No website listed on OpenStreetMap for this restaurant - potential web design / marketing lead.,2026-08-26
Golden Punjab,+1-718-849-1820,"130-02 101st Avenue, New York, 11419",restaurant,New York,US,No website listed on OpenStreetMap for this restaurant - potential web design / marketing lead.,2026-08-26
Sybil's Bakery & Restaurant,+1-718-835-9235,"132-17 Liberty Avenue, New York, 11419",restaurant,New York,US,No website listed on OpenStreetMap for this restaurant - potential web design / marketing lead.,2026-08-26
Vibes,+17182620433,"143-06 Liberty Avenue, Queens, 11435",restaurant,New York,US,No website listed on OpenStreetMap for this restaurant - potential web design / marketing lead.,2026-08-26
China One,+1-718-262-8811,"106-61 160th Street, Jamaica, 11433",restaurant,New York,US,No website listed on OpenStreetMap for this restaurant - potential web design / marketing lead.,2026-08-26
Mama Kitchen NY Queens,+1-347-970-2304,"67-25 Main Street, New York, 11367",restaurant,New York,US,No website listed on OpenStreetMap for this restaurant - potential web design / marketing lead.,2026-08-26
E Noodle House Inc,+1 718 539 8882,"59-08 Kissena Boulevard, New York, 11355",restaurant,New York,US,No website listed on OpenStreetMap for this restaurant - potential web design / marketing lead.,2026-08-26
New Wok's Kitchen,+1 718 461 2383,"60-06 Kissena Boulevard, New York, 11355",restaurant,New York,US,No website listed on OpenStreetMap for this restaurant - potential web design / marketing lead.,2026-08-26
Han Joo Chik Naeng Myun & BBQ,+1 718 359-6888,"41-06 149th Place, Flushing, 11355",restaurant,New York,US,No website listed on OpenStreetMap for this restaurant - potential web design / marketing lead.,2026-08-26
Dosa Hutt,+1-718-961-6228,"45-63 Bowne Street, New York, 11355",restaurant,New York,US,No website listed on OpenStreetMap for this restaurant - potential web design / marketing lead.,2026-08-26
Yozi Duck Vermicelli Soup,+1-718-799-0698,"44-09 Kissena Boulevard, New York, 11355",restaurant,New York,US,No website listed on OpenStreetMap for this restaurant - potential web design / marketing lead.,2026-08-26
Daro's Pizza and Chicken,+1-917-905-1581,"44-25 Kissena Boulevard, Flushing, 11355",restaurant,New York,US,No website listed on OpenStreetMap for this restaurant - potential web design / marketing lead.,2026-08-26
Oh! Bagel Cafe,+1 718 539 5329,"34-30 Union Street, Flushing, 11354",restaurant,New York,US,No website listed on OpenStreetMap for this restaurant - potential web design / marketing lead.,2026-08-26
Chef Wong Bistro,+1-718-353-6978,"135-53 Northern Boulevard, Flushing, 11354",restaurant,New York,US,No website listed on OpenStreetMap for this restaurant - potential web design / marketing lead.,2026-08-26
Los Marinillos,+1-929-200-7035,"141-08 Northern Boulevard, Flushing, 11354",restaurant,New York,US,No website listed on OpenStreetMap for this restaurant - potential web design / marketing lead.,2026-08-26
Han Bin Yuan,+1-929-200-7078,"37-14 Main Street, New York, 11354",restaurant,New York,US,No website listed on OpenStreetMap for this restaurant - potential web design / marketing lead.,2026-08-26
Kimgane,+1-718-888-3100,"39-12 Union Street, New York, 11354",restaurant,New York,US,No website listed on OpenStreetMap for this restaurant - potential web design / marketing lead.,2026-08-26
Asian Jewels Seafood Restaurant,+1 718 359-8600,"133-30 39th Avenue, Flushing, 11354",restaurant,New York,US,No website listed on OpenStreetMap for this restaurant - potential web design / marketing lead.,2026-08-26
Prince Noodle & Cafe,+1 718-888-9295,"40-09 Prince Street, New York, 11354",restaurant,New York,US,No website listed on OpenStreetMap for this restaurant - potential web design / marketing lead.,2026-08-26
Mezze,+1-718-631-2110,"19-03 Utopia Parkway, New York, 11357",restaurant,New York,US,No website listed on OpenStreetMap for this restaurant - potential web design / marketing lead.,2026-08-26
Legend of Taste,+1-718-423-4888,"20-02 Utopia Parkway, New York, 11357",restaurant,New York,US,No website listed on OpenStreetMap for this restaurant - potential web design / marketing lead.,2026-08-26
Chapiyork,+1 929 542 7900,"37-24 Junction Boulevard, New York, 11372",restaurant,New York,US,No website listed on OpenStreetMap for this restaurant - potential web design / marketing lead.,2026-08-26
Junction Seafood Restaurant,+1 347 738 4911,"34-64 Junction Boulevard, New York, 11372",restaurant,New York,US,No website listed on OpenStreetMap for this restaurant - potential web design / marketing lead.,2026-08-26
La Cabaña Peruana,+1-718-634-2259,"91-17 Rockaway Beach Boulevard, New York, 11693",restaurant,New York,US,No website listed on OpenStreetMap for this restaurant - potential web design / marketing lead.,2026-08-26
Otani,+1-212-732-9250,"59 Nassau Street, New York, 10038",restaurant,New York,US,No website listed on OpenStreetMap for this restaurant - potential web design / marketing lead.,2026-08-26
Lindell Deli and Grocery,+1-516-432-9171,"Lindell Boulevard, New York",restaurant,New York,US,No website listed on OpenStreetMap for this restaurant - potential web design / marketing lead.,2026-08-26
Foote's Port Henry Diner,+1 518-546-1015,"5 Saint Patricks Place, Moriah, 12974-1204",restaurant,New York,US,No website listed on OpenStreetMap for this restaurant - potential web design / marketing lead.,2026-08-26
Boyea's Lakeside,+1 518-546-4164,"15 Dock Lane, Port Henry, 12974",restaurant,New York,US,No website listed on OpenStreetMap for this restaurant - potential web design / marketing lead.,2026-08-26
Empire Pizza,+1-518-761-9999,"2 Hudson Avenue, Glens Falls, 12801",restaurant,New York,US,No website listed on OpenStreetMap for this restaurant - potential web design / marketing lead.,2026-08-26
Mizu Sushi,+1 518 6305555,"3610 State Street, Schenectady, 12304",restaurant,New York,US,No website listed on OpenStreetMap for this restaurant - potential web design / marketing lead.,2026-08-26
Mercato’s Restaurant & Pizzeria,+1-518-479-5050,New York,restaurant,New York,US,No website listed on OpenStreetMap for this restaurant - potential web design / marketing lead.,2026-08-26
Dominick's,+1 718 733-2807,"2335 Arthur Avenue, Bronx, 10458",restaurant,New York,US,No website listed on OpenStreetMap for this restaurant - potential web design / marketing lead.,2026-08-26
Enzo's,+1 718 733-4455,"2339 Arthur Avenue, Bronx, 10458",restaurant,New York,US,No website listed on OpenStreetMap for this restaurant - potential web design / marketing lead.,2026-08-26
Cafe Tibet,+1-718-941-2725,"1510 Cortelyou Road, Brooklyn, 11226",restaurant,New York,US,No website listed on OpenStreetMap for this restaurant - potential web design / marketing lead.,2026-08-26
Namaste Brooklyn,+1-347-365-3468,"1202 Cortelyou Road, Brooklyn, 11218",restaurant,New York,US,No website listed on OpenStreetMap for this restaurant - potential web design / marketing lead.,2026-08-26
Grand Morelos,+1-718-218-9441,"727 Grand Street, New York",restaurant,New York,US,No website listed on OpenStreetMap for this restaurant - potential web design / marketing lead.,2026-08-26
Yum Yum Noodle Bar,+1-845-835-6383,"7496 South Broadway, Red Hook, 12571",restaurant,New York,US,No website listed on OpenStreetMap for this restaurant - potential web design / marketing lead.,2026-08-26
One Two Thai,+1-646-918-6144,"153 East 33rd Street, New York, 10016",restaurant,New York,US,No website listed on OpenStreetMap for this restaurant - potential web design / marketing lead.,2026-08-26
Yotality Frozen Yogurt,+1 585-967-3938,"6 South Main Street, Pittsford, 14534",restaurant,New York,US,No website listed on OpenStreetMap for this restaurant - potential web design / marketing lead.,2026-08-26
Village Restaurant,+1-585-226-6333,"13 Genesee Street, Avon, 14414",restaurant,New York,US,No website listed on OpenStreetMap for this restaurant - potential web design / marketing lead.,2026-08-26
Jim's Texas Hots,+1-607-936-1820,"8 West Market Street, Corning, 14830",restaurant,New York,US,No website listed on OpenStreetMap for this restaurant - potential web design / marketing lead.,2026-08-26
Hana Sushi,+1-845-758-4333,"7270 South Broadway, Red Hook, 12571",restaurant,New York,US,No website listed on OpenStreetMap for this restaurant - potential web design / marketing lead.,2026-08-26
Corning Class,+1 607 936 0570,"71 Bridge Street, Corning, 14830",restaurant,New York,US,No website listed on OpenStreetMap for this restaurant - potential web design / marketing lead.,2026-08-26
Manny’s Bistro,+16468820110,"225 Columbus Avenue, New York",restaurant,New York,US,No website listed on OpenStreetMap for this restaurant - potential web design / marketing lead.,2026-08-26
The Source,+1-607-936-1663,"88 West Market Street, Corning, 14830",restaurant,New York,US,No website listed on OpenStreetMap for this restaurant - potential web design / marketing lead.,2026-08-26
Skovorodka,+1-718-615-3096,"615 Brighton Beach Avenue, Brooklyn, 11235",restaurant,New York,US,No website listed on OpenStreetMap for this restaurant - potential web design / marketing lead.,2026-08-26
Antoinette's Restaurant,+16079369705,"81 Denison Parkway West, Corning, 14830",restaurant,New York,US,No website listed on OpenStreetMap for this restaurant - potential web design / marketing lead.,2026-08-26
Sushi Yasaka,+1-212-496-8460,"251 West 72nd Street, New York",restaurant,New York,US,No website listed on OpenStreetMap for this restaurant - potential web design / marketing lead.,2026-08-26
Bubby's Take Away Kitchen,+1-845-758-8226,"19 West Market Street, Red Hook, 12571",restaurant,New York,US,No website listed on OpenStreetMap for this restaurant - potential web design / marketing lead.,2026-08-26
Hoi Won Chinese Take Out,+1 516 367 8200,"126 Woodbury Road, Woodbury, 11797",restaurant,New York,US,No website listed on OpenStreetMap for this restaurant - potential web design / marketing lead.,2026-08-26
Pines Bistro & Martini Bar,+1 631 597 6862,New York,restaurant,New York,US,No website listed on OpenStreetMap for this restaurant - potential web design / marketing lead.,2026-08-26
Nara Sushi,+1-646-720-0202,"76 Pearl Street, New York, 10004",restaurant,New York,US,No website listed on OpenStreetMap for this restaurant - potential web design / marketing lead.,2026-08-26
Geisha Sushi,+1-212-862-7800,"3468 Broadway, New York, 10031",restaurant,New York,US,No website listed on OpenStreetMap for this restaurant - potential web design / marketing lead.,2026-08-26
Cazenovia Pizza,+1-315-655-4161,"62 Albany Street, Cazenovia, 13035",restaurant,New York,US,No website listed on OpenStreetMap for this restaurant - potential web design / marketing lead.,2026-08-26
Seoul Garden,+1 212-736-9002,"34 West 32nd Street, New York, 10001",restaurant,New York,US,No website listed on OpenStreetMap for this restaurant - potential web design / marketing lead.,2026-08-26
Sami's Kabab House,+1 718-433-0666,"35-57 Crescent Street, New York",restaurant,New York,US,No website listed on OpenStreetMap for this restaurant - potential web design / marketing lead.,2026-08-26
Fanelli Cafe,+1-212-226-9412,New York,restaurant,New York,US,No website listed on OpenStreetMap for this restaurant - potential web design / marketing lead.,2026-08-26
Galaxy Diner,+1-212-586-4885,"665 9th Avenue, New York, 10036",restaurant,New York,US,No website listed on OpenStreetMap for this restaurant - potential web design / marketing lead.,2026-08-26
Patrizia's,+1-718-218-9272,New York,restaurant,New York,US,No website listed on OpenStreetMap for this restaurant - potential web design / marketing lead.,2026-08-26
White House Restaurant,+1-518-885-6797,"95 Milton Avenue, Ballston Spa, 12020",restaurant,New York,US,No website listed on OpenStreetMap for this restaurant - potential web design / marketing lead.,2026-08-26
Gaia Masala & Burger,+1-718-889-0530,New York,restaurant,New York,US,No website listed on OpenStreetMap for this restaurant - potential web design / marketing lead.,2026-08-26
T & J Jamaican Flava,+1 212-860-8603,"1257 Park Avenue, New York, 10029",restaurant,New York,US,No website listed on OpenStreetMap for this restaurant - potential web design / marketing lead.,2026-08-26
Lim’s Kitchen,+1-646-410-0448,"242 East 40th Street, New York, 10016",restaurant,New York,US,No website listed on OpenStreetMap for this restaurant - potential web design / marketing lead.,2026-08-26
Tavern58 at Gibbs,+1 585-546-5800,"58 University Avenue, Rochester, 14605",restaurant,New York,US,No website listed on OpenStreetMap for this restaurant - potential web design / marketing lead.,2026-08-26
7 Old Fulton,+1-718-797-0007,"7 Old Fulton, Brooklyn, 11201",restaurant,New York,US,No website listed on OpenStreetMap for this restaurant - potential web design / marketing lead.,2026-08-26
Stage Door Deli,+1-212-791-5252,"26 Vesey Street, New York",restaurant,New York,US,No website listed on OpenStreetMap for this restaurant - potential web design / marketing lead.,2026-08-26
Chowdar Bar,+1-631-665-9859,"123 Maple Avenue, Bay Shore, 11706",restaurant,New York,US,No website listed on OpenStreetMap for this restaurant - potential web design / marketing lead.,2026-08-26
Saigon Bangkok,+1 716 632 8884,"8080 Transit Road, Buffalo, 14221",restaurant,New York,US,No website listed on OpenStreetMap for this restaurant - potential web design / marketing lead.,2026-08-26
Blue Bay Diner,+1-718-225-6333,"5850 Francis Lewis Boulevard, Flushing, 11365",restaurant,New York,US,No website listed on OpenStreetMap for this restaurant - potential web design / marketing lead.,2026-08-26
Yaki Sushi,+1-929-468-7888,"225 East 14th Street, New York, 10003",restaurant,New York,US,No website listed on OpenStreetMap for this restaurant - potential web design / marketing lead.,2026-08-26
Seventh Lake House Restaurant,+1 315-357-6028,"479 NY-28, Inlet, 13360",restaurant,New York,US,No website listed on OpenStreetMap for this restaurant - potential web design / marketing lead.,2026-08-26
Beijing,+1-212-262-6162,"860 10th Avenue, New York, 10019",restaurant,New York,US,No website listed on OpenStreetMap for this restaurant - potential web design / marketing lead.,2026-08-26
Parisi Bakery,+1 718-728-5288,New York,restaurant,New York,US,No website listed on OpenStreetMap for this restaurant - potential web design / marketing lead.,2026-08-26
Meskerem,+1 212 777 8111,"124 MacDougal Street, New York, 10012",restaurant,New York,US,No website listed on OpenStreetMap for this restaurant - potential web design / marketing lead.,2026-08-26
Yoonkao Thai,+1-646-669-8424,New York,restaurant,New York,US,No website listed on OpenStreetMap for this restaurant - potential web design / marketing lead.,2026-08-26
Astoria Family Pizza,+1-718-433-9601,New York,restaurant,New York,US,No website listed on OpenStreetMap for this restaurant - potential web design / marketing lead.,2026-08-26
Mikos Souvlaki,+1 929 208 0196,New York,restaurant,New York,US,No website listed on OpenStreetMap for this restaurant - potential web design / marketing lead.,2026-08-26
Variety Cafe,+1-212-430-6888,"65 Broadway, New York, 10006",restaurant,New York,US,No website listed on OpenStreetMap for this restaurant - potential web design / marketing lead.,2026-08-26
Maysville,+1 646-490-8240,"17 West 26th Street, New York, 10010",restaurant,New York,US,No website listed on OpenStreetMap for this restaurant - potential web design / marketing lead.,2026-08-26
Muna,+1 646-398-7960,"152 East 46th Street, New York",restaurant,New York,US,No website listed on OpenStreetMap for this restaurant - potential web design / marketing lead.,2026-08-26
Curry and Tandoor,+1 212-490-1277,"148 East 46th Street, New York",restaurant,New York,US,No website listed on OpenStreetMap for this restaurant - potential web design / marketing lead.,2026-08-26
The Cottage,+1 518-302-3045,"77 Mirror Lake Drive, Lake Placid, 12946-3802",restaurant,New York,US,No website listed on OpenStreetMap for this restaurant - potential web design / marketing lead.,2026-08-26
The View,+1-518-302-3000,New York,restaurant,New York,US,No website listed on OpenStreetMap for this restaurant - potential web design / marketing lead.,2026-08-26
Generations,+1 518-837-5052,"2543 Main Street, Lake Placid, 12946-3305",restaurant,New York,US,No website listed on OpenStreetMap for this restaurant - potential web design / marketing lead.,2026-08-26
China City,+1 518-523-8866,"2421 Main Street, Lake Placid, 12946-3890",restaurant,New York,US,No website listed on OpenStreetMap for this restaurant - potential web design / marketing lead.,2026-08-26
Jimmy's 21 Restorante,+1 518-523-2353,"2425 Main Street, Lake Placid, 12946-3301",restaurant,New York,US,No website listed on OpenStreetMap for this restaurant - potential web design / marketing lead.,2026-08-26
Black Bear Restaurant,+1 518-837-5166,"2409 Main Street, Lake Placid, 12946-3896",restaurant,New York,US,No website listed on OpenStreetMap for this restaurant - potential web design / marketing lead.,2026-08-26
Hunan Oshaka,+1 518-523-1588,"2663 Main Street, Lake Placid, 12946",restaurant,New York,US,No website listed on OpenStreetMap for this restaurant - potential web design / marketing lead.,2026-08-26
Downtown Diner,+1 518-523-3709,"2728 Main Street, Lake Placid, 12946-3314",restaurant,New York,US,No website listed on OpenStreetMap for this restaurant - potential web design / marketing lead.,2026-08-26
Pearl Indian Restaurant,+1-718-622-9500,New York,restaurant,New York,US,No website listed on OpenStreetMap for this restaurant - potential web design / marketing lead.,2026-08-26
Agra Taj Mahal,+1-718-389-2200,"1005 Manhattan Avenue, Brooklyn, 11222",restaurant,New York,US,No website listed on OpenStreetMap for this restaurant - potential web design / marketing lead.,2026-08-26
Hong Kong Noodle Sariku Sushi,+1-212-689-1025,New York,restaurant,New York,US,No website listed on OpenStreetMap for this restaurant - potential web design / marketing lead.,2026-08-26
Streecha Ukrainian Kitchen,+1-914-413-9774,"33 East 7th Street, New York, 10003",restaurant,New York,US,No website listed on OpenStreetMap for this restaurant - potential web design / marketing lead.,2026-08-26
Piccola Strada,+1-212-674-1557,"77 East 4th Street, New York",restaurant,New York,US,No website listed on OpenStreetMap for this restaurant - potential web design / marketing lead.,2026-08-26
Lucy’s,+13479161127,"112 Berry Street, Brooklyn, 11249",restaurant,New York,US,No website listed on OpenStreetMap for this restaurant - potential web design / marketing lead.,2026-08-26
Walker's,+1 212 9410142,"16 North Moore Street, New York",restaurant,New York,US,No website listed on OpenStreetMap for this restaurant - potential web design / marketing lead.,2026-08-26
AbuQir Seafood,+1 718-274-3474,"24-19 Steinway Street, New York",restaurant,New York,US,No website listed on OpenStreetMap for this restaurant - potential web design / marketing lead.,2026-08-26
Sabry's,+1 718-721-9010,"24-25 Steinway Street, New York",restaurant,New York,US,No website listed on OpenStreetMap for this restaurant - potential web design / marketing lead.,2026-08-26
Gran Torino,+13479874333,"131 Berry Street, Brooklyn, 11249",restaurant,New York,US,No website listed on OpenStreetMap for this restaurant - potential web design / marketing lead.,2026-08-26
Sagaponack Bar & Grill,+1-212-229-2226,"4 West 22nd Street, New York, 10010",restaurant,New York,US,No website listed on OpenStreetMap for this restaurant - potential web design / marketing lead.,2026-08-26
Ningbo Cafe,+1-212-786-1888,"21 South End Avenue, New York",restaurant,New York,US,No website listed on OpenStreetMap for this restaurant - potential web design / marketing lead.,2026-08-26
Piora,+1-212-960-3801,New York,restaurant,New York,US,No website listed on OpenStreetMap for this restaurant - potential web design / marketing lead.,2026-08-26
Veranda Reataurant & Cafe,+1 718 281 2233,"208-01 Northern Boulevard, New York",restaurant,New York,US,No website listed on OpenStreetMap for this restaurant - potential web design / marketing lead.,2026-08-26
Berimbau do Brasil,+1-212-242-2606,"New York, 10014",restaurant,New York,US,No website listed on OpenStreetMap for this restaurant - potential web design / marketing lead.,2026-08-26
Opa!,+1-845-338-4976,New York,restaurant,New York,US,No website listed on OpenStreetMap for this restaurant - potential web design / marketing lead.,2026-08-26
Tequila Sal Y Limon,+1-845-680-6741,"468 Piermont Ave., Piermont, 10968",restaurant,New York,US,No website listed on OpenStreetMap for this restaurant - potential web design / marketing lead.,2026-08-26
Bia,+1 718 388-0908,"67 South 6th Street, Brooklyn, 11211",restaurant,New York,US,No website listed on OpenStreetMap for this restaurant - potential web design / marketing lead.,2026-08-26
Joni's,+1-631-668-3668,"28 South Etna Avenue, Montauk, 11954",restaurant,New York,US,No website listed on OpenStreetMap for this restaurant - potential web design / marketing lead.,2026-08-26
Simon's BBQ,+1-718-431-0688,"4823 8th Avenue, New York, 11220",restaurant,New York,US,No website listed on OpenStreetMap for this restaurant - potential web design / marketing lead.,2026-08-26
Joeper's Smokeshack,+1-718-677-4225,New York,restaurant,New York,US,No website listed on OpenStreetMap for this restaurant - potential web design / marketing lead.,2026-08-26
Cafe el Puente,+1 718 388-2416,"231 South 4th Street, Brooklyn, 11211",restaurant,New York,US,No website listed on OpenStreetMap for this restaurant - potential web design / marketing lead.,2026-08-26
Best Friends Family Diner,+1-518-297-4745,"13 Lake Street, Rouses Point, 12979",restaurant,New York,US,No website listed on OpenStreetMap for this restaurant - potential web design / marketing lead.,2026-08-26
Ruby's Soul Food,+1 315 469 3338,"4418 South Salina Street, Syracuse, 13205",restaurant,New York,US,No website listed on OpenStreetMap for this restaurant - potential web design / marketing lead.,2026-08-26
The Original New York Pizzeria,+1 315 497 1515,New York,restaurant,New York,US,No website listed on OpenStreetMap for this restaurant - potential web design / marketing lead.,2026-08-26
Jenny #2 Restaurant,+1 718 604 9376;+1 347 435 0656,"233 Kingston Avenue, Brooklyn, 11213",restaurant,New York,US,No website listed on OpenStreetMap for this restaurant - potential web design / marketing lead.,2026-08-26
Luigi's Pizzeria,+1-718-382-9100,"1615 Avenue U, Brooklyn, 11229",restaurant,New York,US,No website listed on OpenStreetMap for this restaurant - potential web design / marketing lead.,2026-08-26
Joe Junior,+1 212 473 5150,"167 3rd Avenue, New York, 10003",restaurant,New York,US,No website listed on OpenStreetMap for this restaurant - potential web design / marketing lead.,2026-08-26
bb.q Chicken,+1-646-618-2149,"383 3rd Avenue, New York, 10016",restaurant,New York,US,No website listed on OpenStreetMap for this restaurant - potential web design / marketing lead.,2026-08-26
Arturo's Coal Oven Pizza,+1 212-677-3820,"106 West Houston Street, New York",restaurant,New York,US,No website listed on OpenStreetMap for this restaurant - potential web design / marketing lead.,2026-08-26
Yatenga French Bistro,+1 212-690-0699,New York,restaurant,New York,US,No website listed on OpenStreetMap for this restaurant - potential web design / marketing lead.,2026-08-26
Stromboli's,+1 585-546-2121,"130 East Avenue, Rochester, 14604",restaurant,New York,US,No website listed on OpenStreetMap for this restaurant - potential web design / marketing lead.,2026-08-26
The Corner,+1-845-757-2100,"53 Broadway, Tivoli, 12583",restaurant,New York,US,No website listed on OpenStreetMap for this restaurant - potential web design / marketing lead.,2026-08-26
New Hua Xia Seafood Restaurant,+1-212-941-6888,New York,restaurant,New York,US,No website listed on OpenStreetMap for this restaurant - potential web design / marketing lead.,2026-08-26
Great NY Noodletown,+1 212-349-0923,"28 Bowery, New York",restaurant,New York,US,No website listed on OpenStreetMap for this restaurant - potential web design / marketing lead.,2026-08-26
Party On,+1-718-484-1034,"254 Irving Avenue, New York",restaurant,New York,US,No website listed on OpenStreetMap for this restaurant - potential web design / marketing lead.,2026-08-26
Bridge View Tavern,+1-914-332-0078,"226 Beekman Avenue, Sleepy Hollow, 10591",restaurant,New York,US,No website listed on OpenStreetMap for this restaurant - potential web design / marketing lead.,2026-08-26
David Burke Kitchen,+1-212-201-9119,New York,restaurant,New York,US,No website listed on OpenStreetMap for this restaurant - potential web design / marketing lead.,2026-08-26
House of Whacks,+1 585-360-4800,New York,restaurant,New York,US,No website listed on OpenStreetMap for this restaurant - potential web design / marketing lead.,2026-08-26
Sahara East,+1-212-353-9000,"184 1st Avenue, New York, 10009",restaurant,New York,US,No website listed on OpenStreetMap for this restaurant - potential web design / marketing lead.,2026-08-26
Rainforest Cafe,+1 716 278 2626,"300 3rd Street, Niagara Falls, 14303",restaurant,New York,US,No website listed on OpenStreetMap for this restaurant - potential web design / marketing lead.,2026-08-26
Round Up,+1-845-809-5557,"2741 US 9, New York, 10516",restaurant,New York,US,No website listed on OpenStreetMap for this restaurant - potential web design / marketing lead.,2026-08-26
Wok This Way,+1-607-387-7800,"21 East Main Street, New York, 14886",restaurant,New York,US,No website listed on OpenStreetMap for this restaurant - potential web design / marketing lead.,2026-08-26
New Peking,+1-518-725-0338,"40 Church Street, Gloversville, 12078",restaurant,New York,US,No website listed on OpenStreetMap for this restaurant - potential web design / marketing lead.,2026-08-26
Slice,+1 718-937-5423,"48-11 Vernon Boulevard, New York, 11101",restaurant,New York,US,No website listed on OpenStreetMap for this restaurant - potential web design / marketing lead.,2026-08-26
Hou Yi Hot Pot,+1-212-966-3420,"New York, 10002",restaurant,New York,US,No website listed on OpenStreetMap for this restaurant - potential web design / marketing lead.,2026-08-26
Laurie's Restaurant,+1-585-786-2108,"46 North Main Street, Warsaw, 14569",restaurant,New York,US,No website listed on OpenStreetMap for this restaurant - potential web design / marketing lead.,2026-08-26
Chinese Musician,+1-718-383-2413,"New York, 11222",restaurant,New York,US,No website listed on OpenStreetMap for this restaurant - potential web design / marketing lead.,2026-08-26
Fabio's Pizzeria & Restaurant,+1 718-389-7500,"635 Meeker Avenue, New York, 11222",restaurant,New York,US,No website listed on OpenStreetMap for this restaurant - potential web design / marketing lead.,2026-08-26
Deep Indian Kitchen,+16469187778,"New York, 10019",restaurant,New York,US,No website listed on OpenStreetMap for this restaurant - potential web design / marketing lead.,2026-08-26
Stolovaya,+17187870120,"New York, 11223",restaurant,New York,US,No website listed on OpenStreetMap for this restaurant - potential web design / marketing lead.,2026-08-26
White Bear,+1 718-961-2322,"135-02 Roosevelt Avenue, New York, 11354",restaurant,New York,US,No website listed on OpenStreetMap for this restaurant - potential web design / marketing lead.,2026-08-26
No. 1,+12129520890,"10, New York, 10004",restaurant,New York,US,No website listed on OpenStreetMap for this restaurant - potential web design / marketing lead.,2026-08-26
Halal Munchies,+1 929-666-3651,"33-08 Queens Boulevard, New York",restaurant,New York,US,No website listed on OpenStreetMap for this restaurant - potential web design / marketing lead.,2026-08-26
Sunny House,+1 347-462-3383,"1788 Sheepshead Bay Road, Brooklyn, 11235",restaurant,New York,US,No website listed on OpenStreetMap for this restaurant - potential web design / marketing lead.,2026-08-26
Famous Calabria Pizza,+12122330009,"27 Saint James Place, New York, 10038",restaurant,New York,US,No website listed on OpenStreetMap for this restaurant - potential web design / marketing lead.,2026-08-26
Picante's,+1 516 308 45 44,"505 Bedford Ave; Bedford Avenue North, New York",restaurant,New York,US,No website listed on OpenStreetMap for this restaurant - potential web design / marketing lead.,2026-08-26
Scottadito,+1 718 636 4800,New York,restaurant,New York,US,No website listed on OpenStreetMap for this restaurant - potential web design / marketing lead.,2026-08-26
St. Peter's Catch,+16316687100,"58 South Erie Avenue, Montauk, 11954",restaurant,New York,US,No website listed on OpenStreetMap for this restaurant - potential web design / marketing lead.,2026-08-26
Merguez and Frites,+1 718-204-4770,"40-06 25th Avenue, New York, 11103",restaurant,New York,US,No website listed on OpenStreetMap for this restaurant - potential web design / marketing lead.,2026-08-26
Little Morocco Mediterranean Cuisine,+1 718-440-9193,"24-39 Steinway Street, Queens, 11103",restaurant,New York,US,No website listed on OpenStreetMap for this restaurant - potential web design / marketing lead.,2026-08-26
T.J. Byrnes,+12124064551,"77 Fulton Street, New York, 10038",restaurant,New York,US,No website listed on OpenStreetMap for this restaurant - potential web design / marketing lead.,2026-08-26
The Kitchen at Captain Visger,+1 315-681-3422,"2 Church Street, Alexandria Bay, 13607",restaurant,New York,US,No website listed on OpenStreetMap for this restaurant - potential web design / marketing lead.,2026-08-26
United China Restaurant,+1-315-782-4432,"144 Eastern Boulevard, Watertown, 13601",restaurant,New York,US,No website listed on OpenStreetMap for this restaurant - potential web design / marketing lead.,2026-08-26
Basurero,+1 718 545 7077,"32-17 Steinway Street, Astoria, 11103",restaurant,New York,US,No website listed on OpenStreetMap for this restaurant - potential web design / marketing lead.,2026-08-26
Lunera,+1 718-726-9857,"32-25 Steinway Street, Astoria, 11103",restaurant,New York,US,No website listed on OpenStreetMap for this restaurant - potential web design / marketing lead.,2026-08-26
Joypot,+1 585-851-3333,"23-10 Jackson Avenue, Long Island City, 11101",restaurant,New York,US,No website listed on OpenStreetMap for this restaurant - potential web design / marketing lead.,2026-08-26
Bricola,+16466785763,"370 West 51st Street, New York",restaurant,New York,US,No website listed on OpenStreetMap for this restaurant - potential web design / marketing lead.,2026-08-26
Singh's Roti Shop & Bar,+1-718-323-5990,"131-18 Liberty Avenue, New York",restaurant,New York,US,No website listed on OpenStreetMap for this restaurant - potential web design / marketing lead.,2026-08-26
Crepe House,+1 917-832-7646,"33-15 30th Avenue, New York",restaurant,New York,US,No website listed on OpenStreetMap for this restaurant - potential web design / marketing lead.,2026-08-26
Becco,+1-212-397-7597,"355 West 46th Street, New York, 10010",restaurant,New York,US,No website listed on OpenStreetMap for this restaurant - potential web design / marketing lead.,2026-08-26
Hundred Acres,+1-212-475-7500,"38, New York, 10012",restaurant,New York,US,No website listed on OpenStreetMap for this restaurant - potential web design / marketing lead.,2026-08-26
Lattanzi,+1-212-315-0980,"361 West 46th Street, New York, 10036",restaurant,New York,US,No website listed on OpenStreetMap for this restaurant - potential web design / marketing lead.,2026-08-26
Sapporo Ichiban,+17183899697,New York,restaurant,New York,US,No website listed on OpenStreetMap for this restaurant - potential web design / marketing lead.,2026-08-26
Bombay Masala,+1-718-333-5395,New York,restaurant,New York,US,No website listed on OpenStreetMap for this restaurant - potential web design / marketing lead.,2026-08-26
MoCA,+1-516-295-8888,"1300 Peninsula Boulevard, Hewlett, 11557",restaurant,New York,US,No website listed on OpenStreetMap for this restaurant - potential web design / marketing lead.,2026-08-26
Mum Feteer,+1 718-433-9950,"25-48 Steinway Street, New York",restaurant,New York,US,No website listed on OpenStreetMap for this restaurant - potential web design / marketing lead.,2026-08-26
Dos Broncos,+1 347-531-0060,"51-21 43rd Avenue, New York",restaurant,New York,US,No website listed on OpenStreetMap for this restaurant - potential web design / marketing lead.,2026-08-26
Lolita's Kitchen,+1 212-722-5055,"1364 Lexington Avenue, New York, 10128",restaurant,New York,US,No website listed on OpenStreetMap for this restaurant - potential web design / marketing lead.,2026-08-26
Patsy's Pizzeria,+1-212-534-9783,"2287 1st Avenue, New York",restaurant,New York,US,No website listed on OpenStreetMap for this restaurant - potential web design / marketing lead.,2026-08-26
Eastern Restaurant,+1-718-479-8004,New York,restaurant,New York,US,No website listed on OpenStreetMap for this restaurant - potential web design / marketing lead.,2026-08-26
The Shady Lady,+1-718-440-9081,"34-19 30th Avenue, New York",restaurant,New York,US,No website listed on OpenStreetMap for this restaurant - potential web design / marketing lead.,2026-08-26
United Miner's Soccer Club,+1-718-786-5833,"34-01 45th Street, New York",restaurant,New York,US,No website listed on OpenStreetMap for this restaurant - potential web design / marketing lead.,2026-08-26
Djerdan Burek,+1 718 721 2694,"34-04A 31st Avenue, New York",restaurant,New York,US,No website listed on OpenStreetMap for this restaurant - potential web design / marketing lead.,2026-08-26
Chiddy's CheeseSteaks,+1 718-954-9587,"37-03 31st Avenue, New York",restaurant,New York,US,No website listed on OpenStreetMap for this restaurant - potential web design / marketing lead.,2026-08-26
Nola's,+1-315-853-3052,"9 West Park Row, Clinton, 13323",restaurant,New York,US,No website listed on OpenStreetMap for this restaurant - potential web design / marketing lead.,2026-08-26
Phu Quoc,+1-315-734-1217,"657 Bleecker Street, Utica, 13501",restaurant,New York,US,No website listed on OpenStreetMap for this restaurant - potential web design / marketing lead.,2026-08-26
Greek Family Kitchen,+1-718-470-1700,"212-02 Union Turnpike, New York",restaurant,New York,US,No website listed on OpenStreetMap for this restaurant - potential web design / marketing lead.,2026-08-26
Napolis Pizzaria & Restaurant,+1-718-380-1172,"164-02 69th Avenue, New York",restaurant,New York,US,No website listed on OpenStreetMap for this restaurant - potential web design / marketing lead.,2026-08-26
Tina's Place,+1-718-497-6890,"1002 Flushing Avenue, New York",restaurant,New York,US,No website listed on OpenStreetMap for this restaurant - potential web design / marketing lead.,2026-08-26
Sampan,+1 718-278-1931,"28-48 Steinway Street, New York",restaurant,New York,US,No website listed on OpenStreetMap for this restaurant - potential web design / marketing lead.,2026-08-26
Grand Avenue Pizza,+1 718-728-8879,"34-24 30th Avenue, New York",restaurant,New York,US,No website listed on OpenStreetMap for this restaurant - potential web design / marketing lead.,2026-08-26
Athens Grill and Sport Bar,+1-718-777-5366,"30-11 30th Avenue, New York",restaurant,New York,US,No website listed on OpenStreetMap for this restaurant - potential web design / marketing lead.,2026-08-26
Bombay Kitchen,+1-347-915-1888,"733 Knickerbocker Avenue, New York",restaurant,New York,US,No website listed on OpenStreetMap for this restaurant - potential web design / marketing lead.,2026-08-26
D'Angelos,+1-718-518-1010,New York,restaurant,New York,US,No website listed on OpenStreetMap for this restaurant - potential web design / marketing lead.,2026-08-26
New Ranch Restaurant,+1 718-991-0708,"1619 Westchester Avenue, New York",restaurant,New York,US,No website listed on OpenStreetMap for this restaurant - potential web design / marketing lead.,2026-08-26
Al's Famous Pizza & Restaurant,+1-718-708-7056,"786 Allerton Avenue, New York",restaurant,New York,US,No website listed on OpenStreetMap for this restaurant - potential web design / marketing lead.,2026-08-26
Cozy Cottage Restaurant,+1-718-882-3040,"4103 Boston Road, New York",restaurant,New York,US,No website listed on OpenStreetMap for this restaurant - potential web design / marketing lead.,2026-08-26
New Moon,+1-212-779-2828,New York,restaurant,New York,US,No website listed on OpenStreetMap for this restaurant - potential web design / marketing lead.,2026-08-26
Benvenuti,+1-718-337-8100,"2134 Flatbush Avenue, New York",restaurant,New York,US,No website listed on OpenStreetMap for this restaurant - potential web design / marketing lead.,2026-08-26
East Garden,+1-718-252-3822,"2072 Flatbush Avenue, Brooklyn, 11234",restaurant,New York,US,No website listed on OpenStreetMap for this restaurant - potential web design / marketing lead.,2026-08-26
Oasis,+1-718-258-3461,"2134 Flatbush Avenue, New York",restaurant,New York,US,No website listed on OpenStreetMap for this restaurant - potential web design / marketing lead.,2026-08-26
New Pho Tay Ho,+1-718-499-0199,"2351 86th Street, Brooklyn, 11214",restaurant,New York,US,No website listed on OpenStreetMap for this restaurant - potential web design / marketing lead.,2026-08-26
Yung Sun Seafood Restaurant,+1-212-346-9888,"47 East Broadway, New York, 10002",restaurant,New York,US,No website listed on OpenStreetMap for this restaurant - potential web design / marketing lead.,2026-08-26
Europa Restaurant,+1-718-232-4845,"6423 20th Avenue, Brooklyn, 11204",restaurant,New York,US,No website listed on OpenStreetMap for this restaurant - potential web design / marketing lead.,2026-08-26
Golden Reef Diner,+1-516-764-9273,"329 Sunrise Highway, Rockville Centre, 11570",restaurant,New York,US,No website listed on OpenStreetMap for this restaurant - potential web design / marketing lead.,2026-08-26
Redang Island,+1-718-686-6680,"5112 8th Avenue, New York",restaurant,New York,US,No website listed on OpenStreetMap for this restaurant - potential web design / marketing lead.,2026-08-26
Gia Lam,+1-718-633-2272,New York,restaurant,New York,US,No website listed on OpenStreetMap for this restaurant - potential web design / marketing lead.,2026-08-26
Sichuan Hot Pot Cuisine,+1-212-267-8886,"34 Pell Street, New York",restaurant,New York,US,No website listed on OpenStreetMap for this restaurant - potential web design / marketing lead.,2026-08-26
Vegetarian Dim Sum House,+1-212-577-7176,"24 Pell Street, New York",restaurant,New York,US,No website listed on OpenStreetMap for this restaurant - potential web design / marketing lead.,2026-08-26
A Taste of Seafood,+1-212-866-0275,"2530 Frederick Douglas Boulevard, New York",restaurant,New York,US,No website listed on OpenStreetMap for this restaurant - potential web design / marketing lead.,2026-08-26
Landmark Coffee Shop & Pancake House,+1 212-334-0040,"158 Grand Street, New York",restaurant,New York,US,No website listed on OpenStreetMap for this restaurant - potential web design / marketing lead.,2026-08-26
Jai Dee,+1-718-832-1544,"420 7th Avenue, Brooklyn, 11215",restaurant,New York,US,No website listed on OpenStreetMap for this restaurant - potential web design / marketing lead.,2026-08-26
El Quetzalito,+1 347-448-6440,"57-25 Roosevelt Avenue, New York",restaurant,New York,US,No website listed on OpenStreetMap for this restaurant - potential web design / marketing lead.,2026-08-26
Matsuri,+1 718-424-1688,"39-56 61st Street, New York",restaurant,New York,US,No website listed on OpenStreetMap for this restaurant - potential web design / marketing lead.,2026-08-26
Nacho Macho Taco,+1-718-622-2727,New York,restaurant,New York,US,No website listed on OpenStreetMap for this restaurant - potential web design / marketing lead.,2026-08-26
Supreme Restaurant,+1-212-966-3988,"100 Mott Street, New York",restaurant,New York,US,No website listed on OpenStreetMap for this restaurant - potential web design / marketing lead.,2026-08-26
¡Ay Carumba!,+1-516-837-0818,"1320 Broadway, Hewlett, 11557",restaurant,New York,US,No website listed on OpenStreetMap for this restaurant - potential web design / marketing lead.,2026-08-26
Tsion Cafe,+1-212-234-2070,"763 Saint Nicholas Avenue, New York",restaurant,New York,US,No website listed on OpenStreetMap for this restaurant - potential web design / marketing lead.,2026-08-26
The Meat Corner,+1 646-820-0838,"6001 7th Avenue, New York, 11220",restaurant,New York,US,No website listed on OpenStreetMap for this restaurant - potential web design / marketing lead.,2026-08-26
Cantaritos Mexican Restaurant,+1-718-255-6098,"108-02 Northern Boulevard, New York",restaurant,New York,US,No website listed on OpenStreetMap for this restaurant - potential web design / marketing lead.,2026-08-26
The Vegoist,+1 718-729-5665,"35-43 37th Street, New York",restaurant,New York,US,No website listed on OpenStreetMap for this restaurant - potential web design / marketing lead.,2026-08-26
Phở Hoàng,+1-718-762-6151,"41-01 Kissena Boulevard, New York",restaurant,New York,US,No website listed on OpenStreetMap for this restaurant - potential web design / marketing lead.,2026-08-26
Siempre,+1-716-932-1119,New York,restaurant,New York,US,No website listed on OpenStreetMap for this restaurant - potential web design / marketing lead.,2026-08-26
Mr. Chang Halal Chinese,+1-718-887-8625,"25-45 Steinway Street, New York",restaurant,New York,US,No website listed on OpenStreetMap for this restaurant - potential web design / marketing lead.,2026-08-26
Sapori’s Pizzaria & Italian Kitchen,+1 516 218 2958,"144 Atlantic Avenue, East Rockaway",restaurant,New York,US,No website listed on OpenStreetMap for this restaurant - potential web design / marketing lead.,2026-08-26
Jagerhaus Gastropub & Biergarten,+1-718-767-3486,"15-16 149th Street, New York",restaurant,New York,US,No website listed on OpenStreetMap for this restaurant - potential web design / marketing lead.,2026-08-26
Jin Ramen Sushi,+1-347-987-3959,"66-41 Fresh Pond Road, Ridgewood, 11385",restaurant,New York,US,No website listed on OpenStreetMap for this restaurant - potential web design / marketing lead.,2026-08-26
While In Kathmandu,+1-718-386-3416,"758 Seneca Avenue, Ridgewood, 11385",restaurant,New York,US,No website listed on OpenStreetMap for this restaurant - potential web design / marketing lead.,2026-08-26
Aegea West Gyros & Pizza,+1-718-423-4429,"242-05 Northern Boulevard, New York",restaurant,New York,US,No website listed on OpenStreetMap for this restaurant - potential web design / marketing lead.,2026-08-26
That's A Wrap,+1-718-428-9727,"45-52 Bell Boulevard, New York",restaurant,New York,US,No website listed on OpenStreetMap for this restaurant - potential web design / marketing lead.,2026-08-26
Sushi Village,+1-718-886-4733,"32-50 Francis Lewis Boulevard, New York",restaurant,New York,US,No website listed on OpenStreetMap for this restaurant - potential web design / marketing lead.,2026-08-26
Little Egypt,+1-347-987-3860,"66-28 Fresh Pond Road, New York",restaurant,New York,US,No website listed on OpenStreetMap for this restaurant - potential web design / marketing lead.,2026-08-26
Buona Forchetta,+1-718-767-2000,"168-68 9th Avenue, New York",restaurant,New York,US,No website listed on OpenStreetMap for this restaurant - potential web design / marketing lead.,2026-08-26
Louie's Pizza,+1-718-440-9346,"81-34 Baxter Avenue, New York",restaurant,New York,US,No website listed on OpenStreetMap for this restaurant - potential web design / marketing lead.,2026-08-26
La Rubia Restaurant,+1-718-381-9847,"861 Wyckoff Avenue, New York",restaurant,New York,US,No website listed on OpenStreetMap for this restaurant - potential web design / marketing lead.,2026-08-26
Trattoria Cerbone,+1-718-386-4400,"71-24 Fresh Pond Road, New York",restaurant,New York,US,No website listed on OpenStreetMap for this restaurant - potential web design / marketing lead.,2026-08-26
Hungry Burrito,+1-718-885-8080,"811 Seneca Avenue, Ridgewood, 11385",restaurant,New York,US,No website listed on OpenStreetMap for this restaurant - potential web design / marketing lead.,2026-08-26
Room 55,+1-718-897-0055,"75-01 88th Street, Glendale, 11385",restaurant,New York,US,No website listed on OpenStreetMap for this restaurant - potential web design / marketing lead.,2026-08-26
Rosa's Pizza and Pasta,+1-718-497-7672,"62-65 Fresh Pond Road, Ridgewood, 11385",restaurant,New York,US,No website listed on OpenStreetMap for this restaurant - potential web design / marketing lead.,2026-08-26
Burek Pizza,+1-718-576-3147,"68-55 Forest Avenue, Ridgewood, 11385",restaurant,New York,US,No website listed on OpenStreetMap for this restaurant - potential web design / marketing lead.,2026-08-26
Fajitas Sunrise,+1-718-418-0967,"59-24 Myrtle Avenue, Ridgewood, 11385",restaurant,New York,US,No website listed on OpenStreetMap for this restaurant - potential web design / marketing lead.,2026-08-26
Wow Bagel,+1-718-381-5700,"68-64 Fresh Pond Road, Ridgewood, 11385",restaurant,New York,US,No website listed on OpenStreetMap for this restaurant - potential web design / marketing lead.,2026-08-26
Capybara,+1 315-320-5254,"853 Wyckoff Avenue, Ridgewood, 11385",restaurant,New York,US,No website listed on OpenStreetMap for this restaurant - potential web design / marketing lead.,2026-08-26
Garlic to the Chicken,+1-347-689-2670,"66-92 Forest Avenue, New York",restaurant,New York,US,No website listed on OpenStreetMap for this restaurant - potential web design / marketing lead.,2026-08-26
K&K Super Buffett,+1-718-381-7111,"341 Saint Nicholas Avenue, New York",restaurant,New York,US,No website listed on OpenStreetMap for this restaurant - potential web design / marketing lead.,2026-08-26
Caribe Star,+1-718-386-0387,"54-55 Myrtle Avenue, New York",restaurant,New York,US,No website listed on OpenStreetMap for this restaurant - potential web design / marketing lead.,2026-08-26
Hibachi,+1 718 263 4110,"111-08 Queens Boulevard, Forest Hills, 11375",restaurant,New York,US,No website listed on OpenStreetMap for this restaurant - potential web design / marketing lead.,2026-08-26
Landín Macaroni & Cheese,+1-347-726-4217,"701 Melrose Avenue, New York",restaurant,New York,US,No website listed on OpenStreetMap for this restaurant - potential web design / marketing lead.,2026-08-26
Rai Rai Ken,+1-917-639-3342,"1467 Amsterdam Avenue, New York",restaurant,New York,US,No website listed on OpenStreetMap for this restaurant - potential web design / marketing lead.,2026-08-26
Ajisen Ramen,+1-646-638-0888,"136 West 28th Street, New York",restaurant,New York,US,No website listed on OpenStreetMap for this restaurant - potential web design / marketing lead.,2026-08-26
Raku It’s Japanese II,+1-212-873-1220,"57 West 76th Street, New York",restaurant,New York,US,No website listed on OpenStreetMap for this restaurant - potential web design / marketing lead.,2026-08-26
Suma Sushi,+1-212-280-5858,"964 Amsterdam Avenue, New York",restaurant,New York,US,No website listed on OpenStreetMap for this restaurant - potential web design / marketing lead.,2026-08-26
Zurutto,+1-212-498-0022,"142 West 72nd Street, New York",restaurant,New York,US,No website listed on OpenStreetMap for this restaurant - potential web design / marketing lead.,2026-08-26
Amaze,+1-212-688-8808,"1st Avenue, New York",restaurant,New York,US,No website listed on OpenStreetMap for this restaurant - potential web design / marketing lead.,2026-08-26
Chochin,+1-212-426-1216,"310 East 93rd Street, New York",restaurant,New York,US,No website listed on OpenStreetMap for this restaurant - potential web design / marketing lead.,2026-08-26
Sushi Inoue,+1-646-766-0555,"381 Malcolm X Boulevard, New York",restaurant,New York,US,No website listed on OpenStreetMap for this restaurant - potential web design / marketing lead.,2026-08-26
Aki Sushi,+1-212-628-8885,"1425 York Avenue, New York",restaurant,New York,US,No website listed on OpenStreetMap for this restaurant - potential web design / marketing lead.,2026-08-26
Zhego,+1 347-642-3166,"38-04 61st Street, New York",restaurant,New York,US,No website listed on OpenStreetMap for this restaurant - potential web design / marketing lead.,2026-08-26
Kathmandu Fusion Kitchen,+1-718-672-9500,"39-26 61st Street, New York",restaurant,New York,US,No website listed on OpenStreetMap for this restaurant - potential web design / marketing lead.,2026-08-26
Alba Ristorante & Pizzaria,+1-718-291-1620,"137-65 Queens Boulevard, New York",restaurant,New York,US,No website listed on OpenStreetMap for this restaurant - potential web design / marketing lead.,2026-08-26
Ruma's Kitchen,+1-718-898-9100,"37-01 61st Street, New York",restaurant,New York,US,No website listed on OpenStreetMap for this restaurant - potential web design / marketing lead.,2026-08-26
Juju Momo Dumpling,+1 929-600-5512,"39-30 61st Street, New York",restaurant,New York,US,No website listed on OpenStreetMap for this restaurant - potential web design / marketing lead.,2026-08-26
Puebla Restaurant,+1-718-205-2605,"39-22 61st Street, New York",restaurant,New York,US,No website listed on OpenStreetMap for this restaurant - potential web design / marketing lead.,2026-08-26
Sweet Basil,+1-718-205-0080,"39-28 61st Street, New York",restaurant,New York,US,No website listed on OpenStreetMap for this restaurant - potential web design / marketing lead.,2026-08-26
Martiniello's,+1-718-418-1112,"62-98 Forest Avenue, New York",restaurant,New York,US,No website listed on OpenStreetMap for this restaurant - potential web design / marketing lead.,2026-08-26
Antica Trattoria,+1 718-386-1559,"68-10 Fresh Pond Road, New York",restaurant,New York,US,No website listed on OpenStreetMap for this restaurant - potential web design / marketing lead.,2026-08-26
La Cabaña Jarabacoa,+1-718-821-5880,"65-13 Fresh Pond Road, Ridgwood, 11385",restaurant,New York,US,No website listed on OpenStreetMap for this restaurant - potential web design / marketing lead.,2026-08-26
Tasty's Diner,+1-718-456-0954,"58-02 Myrtle Avenue, New York",restaurant,New York,US,No website listed on OpenStreetMap for this restaurant - potential web design / marketing lead.,2026-08-26
Las Margaritas,+1-718-417-4040,"67-12 Fresh Pond Road, Ridgewood, 11385",restaurant,New York,US,No website listed on OpenStreetMap for this restaurant - potential web design / marketing lead.,2026-08-26
New York Grill,+1 718-381-0100,"65-16 Myrtle Avenue, New York",restaurant,New York,US,No website listed on OpenStreetMap for this restaurant - potential web design / marketing lead.,2026-08-26
La Caleta,+1-718-418-8050,"1529 Gates Avenue, New York",restaurant,New York,US,No website listed on OpenStreetMap for this restaurant - potential web design / marketing lead.,2026-08-26
Delicious Wok,+1 718-366-8882,"59-52 Summerfield Street, New York",restaurant,New York,US,No website listed on OpenStreetMap for this restaurant - potential web design / marketing lead.,2026-08-26
La Casa Del Mofongo,+1 212-740-1200,"1447 Saint Nicholas Avenue, New York",restaurant,New York,US,No website listed on OpenStreetMap for this restaurant - potential web design / marketing lead.,2026-08-26
New Apollo,+1-718-483-8288,"1477 Myrtle Avenue, New York",restaurant,New York,US,No website listed on OpenStreetMap for this restaurant - potential web design / marketing lead.,2026-08-26
La Casita Mexicana,+1-718-366-6656,"62-36 Forest Avenue, Ridgewood, 11385",restaurant,New York,US,No website listed on OpenStreetMap for this restaurant - potential web design / marketing lead.,2026-08-26
Ootoya,+1-212-704-0833,"141 West 41st Street, New York",restaurant,New York,US,No website listed on OpenStreetMap for this restaurant - potential web design / marketing lead.,2026-08-26
La Esquina Del Sabor,+1-718-404-7351,"99-01 Northern Boulevard, New York",restaurant,New York,US,No website listed on OpenStreetMap for this restaurant - potential web design / marketing lead.,2026-08-26
Sol Inca,+1-718-446-1149,"87-07 Northern Boulevard, New York",restaurant,New York,US,No website listed on OpenStreetMap for this restaurant - potential web design / marketing lead.,2026-08-26
Kinwa Peruvian Kitchen,+1-718-846-0909,"98-01 Jamaica Avenue, New York",restaurant,New York,US,No website listed on OpenStreetMap for this restaurant - potential web design / marketing lead.,2026-08-26
4 Choice 1 Soup Lunch Box,+1 718-886-0083,"136-75 Roosevelt Avenue, Flushing, 11354",restaurant,New York,US,No website listed on OpenStreetMap for this restaurant - potential web design / marketing lead.,2026-08-26
El Pollo Inka,+1-718-505-2822,"89-12 Northern Boulevard, New York",restaurant,New York,US,No website listed on OpenStreetMap for this restaurant - potential web design / marketing lead.,2026-08-26
Laojie Hot Pot,+1-718-431-0026,New York,restaurant,New York,US,No website listed on OpenStreetMap for this restaurant - potential web design / marketing lead.,2026-08-26
Washington Square Dinner,+1-212-533-9306,"150 West 4th Street, New York",restaurant,New York,US,No website listed on OpenStreetMap for this restaurant - potential web design / marketing lead.,2026-08-26
Alex Luncheonette,+1-718-417-9465,"685 Knickerbocker Avenue, New York",restaurant,New York,US,No website listed on OpenStreetMap for this restaurant - potential web design / marketing lead.,2026-08-26
Estrella Del Mar,+1-718-456-7496,"552 Seneca Avenue, New York",restaurant,New York,US,No website listed on OpenStreetMap for this restaurant - potential web design / marketing lead.,2026-08-26
The Wok,+1 585-235-7888,"912 Genesee Street, Rochester, 14611",restaurant,New York,US,No website listed on OpenStreetMap for this restaurant - potential web design / marketing lead.,2026-08-26
Kabayan Authentic,+1 718-639-3113,"49-12 Queens Boulevard, New York, 11377",restaurant,New York,US,No website listed on OpenStreetMap for this restaurant - potential web design / marketing lead.,2026-08-26
Carniceria Mexicana,+1-917-832-6869,New York,restaurant,New York,US,No website listed on OpenStreetMap for this restaurant - potential web design / marketing lead.,2026-08-26
Tropical,+1-718-821-2600,"62-27 Fresh Pond Road, New York",restaurant,New York,US,No website listed on OpenStreetMap for this restaurant - potential web design / marketing lead.,2026-08-26
Pizza Hut,+1-718-628-8700,"62-02 Fresh Pond Road, Middle Village, 11379",restaurant,New York,US,No website listed on OpenStreetMap for this restaurant - potential web design / marketing lead.,2026-08-26
Joe's Pizza,+1-718-894-3661,"61-16 Flushing Avenue, New York",restaurant,New York,US,No website listed on OpenStreetMap for this restaurant - potential web design / marketing lead.,2026-08-26
Tasty Thai,+1-917-909-0937,"72-04 Forest Avenue, New York",restaurant,New York,US,No website listed on OpenStreetMap for this restaurant - potential web design / marketing lead.,2026-08-26
El chivito d’oro,+1-718-424-0600,"84-02 37th Avenue, Jackson Heights, 11372",restaurant,New York,US,No website listed on OpenStreetMap for this restaurant - potential web design / marketing lead.,2026-08-26
La Cabaña Argentina,+1-718-426-5977,"86-07 Northern Boulevard, Jackson Heights, 11369",restaurant,New York,US,No website listed on OpenStreetMap for this restaurant - potential web design / marketing lead.,2026-08-26
Meli,+1 718 374 5157,"98-31 Metropolitan Avenue, Forest Hills, 11375",restaurant,New York,US,No website listed on OpenStreetMap for this restaurant - potential web design / marketing lead.,2026-08-26
Tacos Mexico,+1-718-505-0332,"41-10 103rd Street, Corona, 11368",restaurant,New York,US,No website listed on OpenStreetMap for this restaurant - potential web design / marketing lead.,2026-08-26
Sushi Lin,+1-347-627-6027,New York,restaurant,New York,US,No website listed on OpenStreetMap for this restaurant - potential web design / marketing lead.,2026-08-26
Vaqueros,+1-718-381-1042,"1541 Myrtle Avenue, Brooklyn, 11237",restaurant,New York,US,No website listed on OpenStreetMap for this restaurant - potential web design / marketing lead.,2026-08-26
Molcajete Taqueria,+1-212-777-8226,"494 LaGuardia Place, New York",restaurant,New York,US,No website listed on OpenStreetMap for this restaurant - potential web design / marketing lead.,2026-08-26
Grandma’s One Pizza,+1-917-472-7323,"165 Bleecker Street, New York, 10012",restaurant,New York,US,No website listed on OpenStreetMap for this restaurant - potential web design / marketing lead.,2026-08-26
Karakatta,+1-917-261-6297,"230 Thompson Streer, New York, 10012",restaurant,New York,US,No website listed on OpenStreetMap for this restaurant - potential web design / marketing lead.,2026-08-26
Szechuan Delight,+1 718-788-5408,New York,restaurant,New York,US,No website listed on OpenStreetMap for this restaurant - potential web design / marketing lead.,2026-08-26
Healthy Joe’s,+1-212-962-1813,"10 Murray Street, New York",restaurant,New York,US,No website listed on OpenStreetMap for this restaurant - potential web design / marketing lead.,2026-08-26
Thonglor,+1 718-278-3333,"32-47 Steinway Street, New York",restaurant,New York,US,No website listed on OpenStreetMap for this restaurant - potential web design / marketing lead.,2026-08-26
Rossville Pizza,+1-718-227-4444,"960 Bloomingdale Road, New York",restaurant,New York,US,No website listed on OpenStreetMap for this restaurant - potential web design / marketing lead.,2026-08-26
Cachapas y Mas,+1-347-721-3767,"678 Seneca Avenue, Ridgewood",restaurant,New York,US,No website listed on OpenStreetMap for this restaurant - potential web design / marketing lead.,2026-08-26
Jorge's,+1-718-456-3900,"689 Seneca Avenue, New York",restaurant,New York,US,No website listed on OpenStreetMap for this restaurant - potential web design / marketing lead.,2026-08-26
Ambato,+1-718-366-1737;+1-347-987-3108,"666 Seneca Avenue, Ridgewood, 11385",restaurant,New York,US,No website listed on OpenStreetMap for this restaurant - potential web design / marketing lead.,2026-08-26
Sakura,+1 718-646-0666,"3118 Avenue U, Brooklyn, 11229",restaurant,New York,US,No website listed on OpenStreetMap for this restaurant - potential web design / marketing lead.,2026-08-26
Cantina 33,+1-347-916-1511,"55-33 Myrtle Avenue, Ridgewood, 11385",restaurant,New York,US,No website listed on OpenStreetMap for this restaurant - potential web design / marketing lead.,2026-08-26
El Montañero,+1-718-366-0400,"55-21 Myrtle Avenue, New York",restaurant,New York,US,No website listed on OpenStreetMap for this restaurant - potential web design / marketing lead.,2026-08-26
Mi Sueno,+1-718-821-6072,"283 Wyckoff Avenue, New York",restaurant,New York,US,No website listed on OpenStreetMap for this restaurant - potential web design / marketing lead.,2026-08-26
El Molcajete,+1-917-688-1433,"1506 Westchester Avenue, New York",restaurant,New York,US,No website listed on OpenStreetMap for this restaurant - potential web design / marketing lead.,2026-08-26
Cholula Deli Corporation,+1-718-417-0941,"222 Wyckoff Avenue, New York",restaurant,New York,US,No website listed on OpenStreetMap for this restaurant - potential web design / marketing lead.,2026-08-26
Momo Ramen,+1-718-622-4813,New York,restaurant,New York,US,No website listed on OpenStreetMap for this restaurant - potential web design / marketing lead.,2026-08-26
Union Cafe & Restaurant,+1-718-797-1117,"568 Union Street, New York, 11215",restaurant,New York,US,No website listed on OpenStreetMap for this restaurant - potential web design / marketing lead.,2026-08-26
Agra Grill,+1-347-346-5228,"3835 White Plains Road, New York",restaurant,New York,US,No website listed on OpenStreetMap for this restaurant - potential web design / marketing lead.,2026-08-26
Nicky's Cafe,+1-718-231-9516,"3140 Bainbridge Avenue, New York",restaurant,New York,US,No website listed on OpenStreetMap for this restaurant - potential web design / marketing lead.,2026-08-26
Palace of Zuly,+1-718-366-4555,"913 Wyckoff Avenue, New York",restaurant,New York,US,No website listed on OpenStreetMap for this restaurant - potential web design / marketing lead.,2026-08-26
Lee's Restaurant,+1-718-366-0114,"15-46 Myrtle Avenue, New York",restaurant,New York,US,No website listed on OpenStreetMap for this restaurant - potential web design / marketing lead.,2026-08-26
El Salvador,+1-718-628-0606,"1544 Myrtle Avenue, Brooklyn",restaurant,New York,US,No website listed on OpenStreetMap for this restaurant - potential web design / marketing lead.,2026-08-26
La Fogata,+1-347-789-4989,"1549 Gates Avenue, New York",restaurant,New York,US,No website listed on OpenStreetMap for this restaurant - potential web design / marketing lead.,2026-08-26
Taqueria Acatlan,+1-718-456-2095,"298 Irving Avenue, New York",restaurant,New York,US,No website listed on OpenStreetMap for this restaurant - potential web design / marketing lead.,2026-08-26
Empire Slice Pizza,+1-347-404-7945,"298 Irving Avenue, New York",restaurant,New York,US,No website listed on OpenStreetMap for this restaurant - potential web design / marketing lead.,2026-08-26
Akaru Sushi,+1-718-928-7688,"201 Wyckoff Avenue, New York",restaurant,New York,US,No website listed on OpenStreetMap for this restaurant - potential web design / marketing lead.,2026-08-26
Tenzan,+1-718-621-3238,"7117 18th Avenue, New York, 11204",restaurant,New York,US,No website listed on OpenStreetMap for this restaurant - potential web design / marketing lead.,2026-08-26
Tony Pepperoni Pizzeria,+1-718-484-8073,"7502 18th Avenue, New York, 11214",restaurant,New York,US,No website listed on OpenStreetMap for this restaurant - potential web design / marketing lead.,2026-08-26
Los Primos,+1-718-486-8449,"704 Grand Street, New York",restaurant,New York,US,No website listed on OpenStreetMap for this restaurant - potential web design / marketing lead.,2026-08-26
Sunset Diner,+1-718-349-2777,"593 Meeker Avenue, New York, 11222",restaurant,New York,US,No website listed on OpenStreetMap for this restaurant - potential web design / marketing lead.,2026-08-26
Joey's Pizza,+1-718-779-5880,"69-07 Grand Avenue, New York",restaurant,New York,US,No website listed on OpenStreetMap for this restaurant - potential web design / marketing lead.,2026-08-26
Ocean Sushi,+1-315-622-6050,"7567 Oswego Road, Liverpool, 13090",restaurant,New York,US,No website listed on OpenStreetMap for this restaurant - potential web design / marketing lead.,2026-08-26
China Wong,+1-315-622-4567,"7608 Oswego Road, Liverpool, 13090",restaurant,New York,US,No website listed on OpenStreetMap for this restaurant - potential web design / marketing lead.,2026-08-26
Natto,+1 718 369 1021,New York,restaurant,New York,US,No website listed on OpenStreetMap for this restaurant - potential web design / marketing lead.,2026-08-26
China Garden,+1-315-652-6677,"8075 Oswego Road, Liverpool, 13090",restaurant,New York,US,No website listed on OpenStreetMap for this restaurant - potential web design / marketing lead.,2026-08-26
Wonton Noodle 1978,+1-212-219-2713,"56 Mott Street, New York, 10013",restaurant,New York,US,No website listed on OpenStreetMap for this restaurant - potential web design / marketing lead.,2026-08-26
House Of Gyro & Shawarma,+1-347-844-9183,"69-01 Fresh Pond Road, New York",restaurant,New York,US,No website listed on OpenStreetMap for this restaurant - potential web design / marketing lead.,2026-08-26
Zenith Thai,+1-718-497-8899,"70-02 Fresh Pond Road, New York",restaurant,New York,US,No website listed on OpenStreetMap for this restaurant - potential web design / marketing lead.,2026-08-26
Celtic Gasthaus,+1-718-456-8341,"64-04 Myrtle Avenue, New York",restaurant,New York,US,No website listed on OpenStreetMap for this restaurant - potential web design / marketing lead.,2026-08-26
Delicious Chinese Food Inc,+1 212-996-6931,"1974 2nd Avenue, New York",restaurant,New York,US,No website listed on OpenStreetMap for this restaurant - potential web design / marketing lead.,2026-08-26
Sal's Pizzeria,+1-718-386-5299,"119 Wyckoff Avenue, New York",restaurant,New York,US,No website listed on OpenStreetMap for this restaurant - potential web design / marketing lead.,2026-08-26
Prem,+1-347-599-1952,New York,restaurant,New York,US,No website listed on OpenStreetMap for this restaurant - potential web design / marketing lead.,2026-08-26
Inca Chicken,+1-718-366-3763,"122 Wyckoff Avenue, New York",restaurant,New York,US,No website listed on OpenStreetMap for this restaurant - potential web design / marketing lead.,2026-08-26
Amanda's Kitchen,+1-347-488-6297,"264 Suydam Street, New York",restaurant,New York,US,No website listed on OpenStreetMap for this restaurant - potential web design / marketing lead.,2026-08-26
Seoul Kitchen,+1-845-563-0796,"71 Liberty Street, Newburgh, 12550",restaurant,New York,US,No website listed on OpenStreetMap for this restaurant - potential web design / marketing lead.,2026-08-26
Luck Thai,+1-718-499-1888,New York,restaurant,New York,US,No website listed on OpenStreetMap for this restaurant - potential web design / marketing lead.,2026-08-26
Spicy Bampa,+1-718-236-8088,"6920 18th Avenue, New York, 11204",restaurant,New York,US,No website listed on OpenStreetMap for this restaurant - potential web design / marketing lead.,2026-08-26
Coco,+1-718-565-2030,"82-69 Broadway, New York",restaurant,New York,US,No website listed on OpenStreetMap for this restaurant - potential web design / marketing lead.,2026-08-26
Lao Fu Zhou,+17186996688,"83-11 Broadway, Elmhurst, 11373",restaurant,New York,US,No website listed on OpenStreetMap for this restaurant - potential web design / marketing lead.,2026-08-26
Nha Sang Restaurant,+1-347-730-6117,"83-17 Broadway, Elmhurst, 11373",restaurant,New York,US,No website listed on OpenStreetMap for this restaurant - potential web design / marketing lead.,2026-08-26
Lynbrook Bagels,+1 516-596-0917,"26 Atlantic Avenue, Lynbrook, 11563",restaurant,New York,US,No website listed on OpenStreetMap for this restaurant - potential web design / marketing lead.,2026-08-26
Le Viêt Thai,+1 917-388-3897,"1750 2nd Avenue, New York, 10128",restaurant,New York,US,No website listed on OpenStreetMap for this restaurant - potential web design / marketing lead.,2026-08-26
Bangrak Thai Cuisine,+1 212-289-8889,"1750 2nd Avenue, New York, 10128",restaurant,New York,US,No website listed on OpenStreetMap for this restaurant - potential web design / marketing lead.,2026-08-26
El Comal Pupuseria,+1 718-523-3353,"148-60 Hillside Avenue, New York",restaurant,New York,US,No website listed on OpenStreetMap for this restaurant - potential web design / marketing lead.,2026-08-26
The Gallery Four Italian Restaurant,+1 516 593 2539,"93 Broadway, Lynbrook, 11563",restaurant,New York,US,No website listed on OpenStreetMap for this restaurant - potential web design / marketing lead.,2026-08-26
Not Just Bagels,+1-516-887-2550,"101 Broadway, Lynbrook, 11563",restaurant,New York,US,No website listed on OpenStreetMap for this restaurant - potential web design / marketing lead.,2026-08-26
El Paso Taqueria,+1-212-996-1739,"64 East 97th Street, New York, 10029",restaurant,New York,US,No website listed on OpenStreetMap for this restaurant - potential web design / marketing lead.,2026-08-26
Osaka,+1-516-596-4432,"429 Merrick Road, Lynbrook, 11563",restaurant,New York,US,No website listed on OpenStreetMap for this restaurant - potential web design / marketing lead.,2026-08-26
New Hong Kong Restaurant,+1-516-599-7087,"431 Merrick Road, Lynbrook, 11563",restaurant,New York,US,No website listed on OpenStreetMap for this restaurant - potential web design / marketing lead.,2026-08-26
Sabay,+1-718-424-9054,"75-19 Broadway, Elmhurst, 11373",restaurant,New York,US,No website listed on OpenStreetMap for this restaurant - potential web design / marketing lead.,2026-08-26
Tandoori Tibet,+1 917 745 0364,"81-21 41st Avenue, New York",restaurant,New York,US,No website listed on OpenStreetMap for this restaurant - potential web design / marketing lead.,2026-08-26
Pho'18 Ave,+1-347-374-6633,"7116 18th Avenue, New York, 11204",restaurant,New York,US,No website listed on OpenStreetMap for this restaurant - potential web design / marketing lead.,2026-08-26
La Perla Del Ulua,+1-718-366-9407,"354 Melrose Street, New York",restaurant,New York,US,No website listed on OpenStreetMap for this restaurant - potential web design / marketing lead.,2026-08-26
Sazon Nuñez,+1-347-750-7894,"96 Wyckoff Avenue, Brooklyn, 11237",restaurant,New York,US,No website listed on OpenStreetMap for this restaurant - potential web design / marketing lead.,2026-08-26
Bagel Boys,+1-516-442-0500,"Austin Boulevard, New York",restaurant,New York,US,No website listed on OpenStreetMap for this restaurant - potential web design / marketing lead.,2026-08-26
Tenzan 89,+1 212-369-3600,"1714 2nd Avenue, New York, 10128",restaurant,New York,US,No website listed on OpenStreetMap for this restaurant - potential web design / marketing lead.,2026-08-26
Pat'e Palo,+1-646-918-6242,"251 Dyckman Street, New York",restaurant,New York,US,No website listed on OpenStreetMap for this restaurant - potential web design / marketing lead.,2026-08-26
Ocean Bay Seafood Restaurant,+1-718-898-1188;+1-718-898-1288,"83-02 Queens Boulevard, Elmhurst, 11373",restaurant,New York,US,No website listed on OpenStreetMap for this restaurant - potential web design / marketing lead.,2026-08-26
New Choy Hing,+1-718-574-8755,"1201 Bushwick Avenue, New York",restaurant,New York,US,No website listed on OpenStreetMap for this restaurant - potential web design / marketing lead.,2026-08-26
Giovanni,+1-718-892-4340,"3209 Westchester Avenue, New York",restaurant,New York,US,No website listed on OpenStreetMap for this restaurant - potential web design / marketing lead.,2026-08-26
Empire Corner 2,+1 212-410-5756,"1415 5th Avenue, New York, 10029",restaurant,New York,US,No website listed on OpenStreetMap for this restaurant - potential web design / marketing lead.,2026-08-26
Chimi Mundo,+1-347-295-3600,"664 Knickerbocker Avenue, New York",restaurant,New York,US,No website listed on OpenStreetMap for this restaurant - potential web design / marketing lead.,2026-08-26
Aris Pollos A La Brasa,+1-718-381-9400,"691 Knickerbocker Avenue, New York",restaurant,New York,US,No website listed on OpenStreetMap for this restaurant - potential web design / marketing lead.,2026-08-26
Chen Yuan,+1-718-919-2542,"714 Knickerbocker Avenue, New York",restaurant,New York,US,No website listed on OpenStreetMap for this restaurant - potential web design / marketing lead.,2026-08-26
Danubius,+1-347-651-9282,"47-57 41st Street, New York",restaurant,New York,US,No website listed on OpenStreetMap for this restaurant - potential web design / marketing lead.,2026-08-26
Bajeko Sekuwa The Himalayan Grill,+1 347-808-8100,"43-16 Queens Boulevard, New York",restaurant,New York,US,No website listed on OpenStreetMap for this restaurant - potential web design / marketing lead.,2026-08-26
El Tepeyac Taqueria,+1 212-722-2020,"1505 Lexington Avenue, New York, 10029",restaurant,New York,US,No website listed on OpenStreetMap for this restaurant - potential web design / marketing lead.,2026-08-26
Rosario Pizza,+1-718-455-0949,"374 Central Avenue, New York",restaurant,New York,US,No website listed on OpenStreetMap for this restaurant - potential web design / marketing lead.,2026-08-26
Tomo,+1-718-456-3695,"1077 Flushing Avenue, New York",restaurant,New York,US,No website listed on OpenStreetMap for this restaurant - potential web design / marketing lead.,2026-08-26
Lucky Bento VIP Cuisine,+1-929-269-6888,"36-29 Main Street, New York",restaurant,New York,US,No website listed on OpenStreetMap for this restaurant - potential web design / marketing lead.,2026-08-26
Zefe's,+1-718-919-8561,"1224 Myrtle Avenue, New York",restaurant,New York,US,No website listed on OpenStreetMap for this restaurant - potential web design / marketing lead.,2026-08-26
Sajhoma #3,+1-718-443-0243,"941 Broadway, New York, 11206",restaurant,New York,US,No website listed on OpenStreetMap for this restaurant - potential web design / marketing lead.,2026-08-26
Faros,+1-718-436-5449,"95 Church Avenue, New York, 11218",restaurant,New York,US,No website listed on OpenStreetMap for this restaurant - potential web design / marketing lead.,2026-08-26
Tulcingo,+1-718-439-2896,"5520 5th Avenue, New York, 11220",restaurant,New York,US,No website listed on OpenStreetMap for this restaurant - potential web design / marketing lead.,2026-08-26
La Nueva Ambateñita,+1 718-478-2215,"39-24 108th Street, New York",restaurant,New York,US,No website listed on OpenStreetMap for this restaurant - potential web design / marketing lead.,2026-08-26
Usuluteco #2,+1 718 439 0079,New York,restaurant,New York,US,No website listed on OpenStreetMap for this restaurant - potential web design / marketing lead.,2026-08-26
Bella Donna Pizzeria,+1-718-497-1744,"60-91 54th Street, New York",restaurant,New York,US,No website listed on OpenStreetMap for this restaurant - potential web design / marketing lead.,2026-08-26
Pollos a la Brasa Mario,+1 718-932-2424,"40-19 Broadway, New York",restaurant,New York,US,No website listed on OpenStreetMap for this restaurant - potential web design / marketing lead.,2026-08-26
La Flor De La Canela,+1-516-341-7107,"272 Atlantic Avenue, East Rockaway, 11518",restaurant,New York,US,No website listed on OpenStreetMap for this restaurant - potential web design / marketing lead.,2026-08-26
Mongkhon Thai Cuisine,+1-718-777-1502,"47-16 30th Avenue, New York",restaurant,New York,US,No website listed on OpenStreetMap for this restaurant - potential web design / marketing lead.,2026-08-26
Fleur,+1-718-534-0110,New York,restaurant,New York,US,No website listed on OpenStreetMap for this restaurant - potential web design / marketing lead.,2026-08-26
The Original Espinal Deli 2 Comida Dominicana,+1 929-522-0525,"57-19 Northern Boulevard, New York",restaurant,New York,US,No website listed on OpenStreetMap for this restaurant - potential web design / marketing lead.,2026-08-26
Sum Fung,+1-748-932-0411,"54-01 Northern Boulevard, New York",restaurant,New York,US,No website listed on OpenStreetMap for this restaurant - potential web design / marketing lead.,2026-08-26
Ten-Ichi Ramen,+1-718-369-8809,"382 7th Avenue, New York, 11215",restaurant,New York,US,No website listed on OpenStreetMap for this restaurant - potential web design / marketing lead.,2026-08-26
A Taberna,+1-516-432-0455,"Austin Boulevard, New York",restaurant,New York,US,No website listed on OpenStreetMap for this restaurant - potential web design / marketing lead.,2026-08-26
New Chinatown Restaurant,+1 212-987-3500,"1650 3rd Avenue, New York, 10128",restaurant,New York,US,No website listed on OpenStreetMap for this restaurant - potential web design / marketing lead.,2026-08-26
Balkh Shish Kabab House,+1-718-721-5020,"23-10 31st Street, New York",restaurant,New York,US,No website listed on OpenStreetMap for this restaurant - potential web design / marketing lead.,2026-08-26
Effy's Kitchen,+1 646-930-3021,"1567 Lexington Avenue, New York",restaurant,New York,US,No website listed on OpenStreetMap for this restaurant - potential web design / marketing lead.,2026-08-26
Pho Hoai,+1 718-616-1233,"1906 Avenue U, New York",restaurant,New York,US,No website listed on OpenStreetMap for this restaurant - potential web design / marketing lead.,2026-08-26
Lichee Nut,+1-718-522-5565,New York,restaurant,New York,US,No website listed on OpenStreetMap for this restaurant - potential web design / marketing lead.,2026-08-26
Sandwich House,+1-212-566-6886,"17 Ann Street, New York, 10038",restaurant,New York,US,No website listed on OpenStreetMap for this restaurant - potential web design / marketing lead.,2026-08-26
Hao Shi Lai,+1-929-335-7777,"4010 Union Street, Flushing, 11354",restaurant,New York,US,No website listed on OpenStreetMap for this restaurant - potential web design / marketing lead.,2026-08-26
Marcelina's,+1-718-418-9515,"917 Flushing Avenue, New York",restaurant,New York,US,No website listed on OpenStreetMap for this restaurant - potential web design / marketing lead.,2026-08-26
Fifth Avenue Diner,+1-718-832-8131,New York,restaurant,New York,US,No website listed on OpenStreetMap for this restaurant - potential web design / marketing lead.,2026-08-26
LIC Bagel,+1-718-361-9500,"31-08 36th Avenue, New York",restaurant,New York,US,No website listed on OpenStreetMap for this restaurant - potential web design / marketing lead.,2026-08-26
Chicken Coop,+1-516-568-2667,New York,restaurant,New York,US,No website listed on OpenStreetMap for this restaurant - potential web design / marketing lead.,2026-08-26
Mia's,+1-516-825-2117,"31 Rockaway Avenue, Valley Stream, 11580",restaurant,New York,US,No website listed on OpenStreetMap for this restaurant - potential web design / marketing lead.,2026-08-26
Sam's Steak & Grill,+1-516-837-0007,"58 Rockaway Avenue, Valley Stream, 11580",restaurant,New York,US,No website listed on OpenStreetMap for this restaurant - potential web design / marketing lead.,2026-08-26
El Sabroso,+1-212-284-1118,"265 West 37th Street, New York",restaurant,New York,US,No website listed on OpenStreetMap for this restaurant - potential web design / marketing lead.,2026-08-26
Ben's Pizza,+1-516-837-9300,"413 Rockaway Avenue, New York",restaurant,New York,US,No website listed on OpenStreetMap for this restaurant - potential web design / marketing lead.,2026-08-26
Desi Indo-Chinese,+1 917-388-2382,"2036 2nd Avenue, New York, 10029",restaurant,New York,US,No website listed on OpenStreetMap for this restaurant - potential web design / marketing lead.,2026-08-26
Anatolia’s Mediterranean Grill,+1-516-280-5858,"Hempstead Avenue, New York",restaurant,New York,US,No website listed on OpenStreetMap for this restaurant - potential web design / marketing lead.,2026-08-26
Peppino's,+1-718-768-7244,New York,restaurant,New York,US,No website listed on OpenStreetMap for this restaurant - potential web design / marketing lead.,2026-08-26
Canale's Italian Take Out,+1-315-701-4323,"7421 Oswego Road, Liverpool, 13090",restaurant,New York,US,No website listed on OpenStreetMap for this restaurant - potential web design / marketing lead.,2026-08-26
Zaytoons,+1-718-230-3200,New York,restaurant,New York,US,No website listed on OpenStreetMap for this restaurant - potential web design / marketing lead.,2026-08-26
Double Delight,+1-718-331-5880,"7802 17th Avenue, New York, 11214",restaurant,New York,US,No website listed on OpenStreetMap for this restaurant - potential web design / marketing lead.,2026-08-26
El Nuevo Sabor Latino,+1-718-788-9063,"620 4th Avenue, New York, 11215",restaurant,New York,US,No website listed on OpenStreetMap for this restaurant - potential web design / marketing lead.,2026-08-26
Bar Bruno,+1-347-763-0850,New York,restaurant,New York,US,No website listed on OpenStreetMap for this restaurant - potential web design / marketing lead.,2026-08-26
Las Palmeras,+1-516-485-4201,"39 Station Plaza, Hempstead, 11550",restaurant,New York,US,No website listed on OpenStreetMap for this restaurant - potential web design / marketing lead.,2026-08-26
Royal Indian Bar and Grill,+1-607-238-1346,"1101 Bunn Hill Road, Vestal, 13850",restaurant,New York,US,No website listed on OpenStreetMap for this restaurant - potential web design / marketing lead.,2026-08-26
Basha's Lebanese Grill,+1-607-333-9010,"3748 Vestal Parkway East, Vestal, 13850",restaurant,New York,US,No website listed on OpenStreetMap for this restaurant - potential web design / marketing lead.,2026-08-26
The Original Venice Restaurant,+1-718-585-5164,"772 East 149th Street, New York",restaurant,New York,US,No website listed on OpenStreetMap for this restaurant - potential web design / marketing lead.,2026-08-26
La Bari Pizza,+1-718-525-3185,"136-13 Farmers Boulevard, New York",restaurant,New York,US,No website listed on OpenStreetMap for this restaurant - potential web design / marketing lead.,2026-08-26
Craylee's,+1-315-507-4713,"237 Bleecker Street, Utica, 13502",restaurant,New York,US,No website listed on OpenStreetMap for this restaurant - potential web design / marketing lead.,2026-08-26
Supreme Eats Pizza & Pasta Corp,+1-646-455-0303,"1590 Lexington Avenue, New York",restaurant,New York,US,No website listed on OpenStreetMap for this restaurant - potential web design / marketing lead.,2026-08-26
3 Decker Restaurant & Cafe,+1 212-289-9936; +1 212-289-6571,"1746 2nd Avenue, New York",restaurant,New York,US,No website listed on OpenStreetMap for this restaurant - potential web design / marketing lead.,2026-08-26
College Point Diner,+1-718-445-9663,"14-32 College Point Boulevard, New York",restaurant,New York,US,No website listed on OpenStreetMap for this restaurant - potential web design / marketing lead.,2026-08-26
Telly's Tavern,+1-718-728-9056,"28-13 23rd Avenue, New York",restaurant,New York,US,No website listed on OpenStreetMap for this restaurant - potential web design / marketing lead.,2026-08-26
Benjys,+1-718-268-0791,"72-72 Main Street, New York",restaurant,New York,US,No website listed on OpenStreetMap for this restaurant - potential web design / marketing lead.,2026-08-26
Double Red,+1 347-374-5417,"1818 Avenue U, Brooklyn, 11229",restaurant,New York,US,No website listed on OpenStreetMap for this restaurant - potential web design / marketing lead.,2026-08-26
Mumbai Place,+1-718-398-7776,New York,restaurant,New York,US,No website listed on OpenStreetMap for this restaurant - potential web design / marketing lead.,2026-08-26
Wok Tov,+1-516-295-3843,"596 Central Avenue, Cedarhurst, 11516",restaurant,New York,US,No website listed on OpenStreetMap for this restaurant - potential web design / marketing lead.,2026-08-26
I O Cafe,+1-718-456-1207,"793 Fairview Avenue, New York",restaurant,New York,US,No website listed on OpenStreetMap for this restaurant - potential web design / marketing lead.,2026-08-26
East Season Restaurant House,+1-917-261-6266,New York,restaurant,New York,US,No website listed on OpenStreetMap for this restaurant - potential web design / marketing lead.,2026-08-26
Noi Due Carne,+1-212-712-2223,"141 West 69th Street, New York",restaurant,New York,US,No website listed on OpenStreetMap for this restaurant - potential web design / marketing lead.,2026-08-26
Sushi Tokyo,+1-516-882-2244,"337 Central Avenue, Lawrence, 11559",restaurant,New York,US,No website listed on OpenStreetMap for this restaurant - potential web design / marketing lead.,2026-08-26
Gino's,+1-516-5755,"316 Central Avenue, Lawrence, 11559",restaurant,New York,US,No website listed on OpenStreetMap for this restaurant - potential web design / marketing lead.,2026-08-26
Melike,+1-914-502-0651,"121 Main Street, New York, 10562",restaurant,New York,US,No website listed on OpenStreetMap for this restaurant - potential web design / marketing lead.,2026-08-26
Cerveceria Havemeyer,+1-718-599-5799,"149 Havemeyer Street, Brooklyn, 11211",restaurant,New York,US,No website listed on OpenStreetMap for this restaurant - potential web design / marketing lead.,2026-08-26
Tacos Matamoras,+1-718-871-7627,"4508 5th Avenue, New York",restaurant,New York,US,No website listed on OpenStreetMap for this restaurant - potential web design / marketing lead.,2026-08-26
Sashimi Express II,+1 929-323-5099,"223 East 74th Street, New York",restaurant,New York,US,No website listed on OpenStreetMap for this restaurant - potential web design / marketing lead.,2026-08-26
Italian Village Pizzeria & Restaurant,+1 212-861-2286,"1494 1st Avenue, New York",restaurant,New York,US,No website listed on OpenStreetMap for this restaurant - potential web design / marketing lead.,2026-08-26
Himalayan Curry House,+1-212-749-7800,"254 West 108th Street, New York, 10025",restaurant,New York,US,No website listed on OpenStreetMap for this restaurant - potential web design / marketing lead.,2026-08-26
The Simpson,+1-347-763-2711,"673 Atlantic Avenue, New York, 11217",restaurant,New York,US,No website listed on OpenStreetMap for this restaurant - potential web design / marketing lead.,2026-08-26
Benny's Pizzeria & Dairy Restaurant,+1-718-969-1928,"181-30 Union Turnpike, New York, 11366",restaurant,New York,US,No website listed on OpenStreetMap for this restaurant - potential web design / marketing lead.,2026-08-26
Noodle House,+1-631-689-1089,"1089 North Country Road, New York",restaurant,New York,US,No website listed on OpenStreetMap for this restaurant - potential web design / marketing lead.,2026-08-26
Fort Hamilton Diner,+1-718-238-5151,"9502 4th Avenue, New York",restaurant,New York,US,No website listed on OpenStreetMap for this restaurant - potential web design / marketing lead.,2026-08-26
First Oasis Restaurant,+1-718-238-4505,"9218 4th Avenue, New York",restaurant,New York,US,No website listed on OpenStreetMap for this restaurant - potential web design / marketing lead.,2026-08-26
Bamonte's,+1 718-384-8831,New York,restaurant,New York,US,No website listed on OpenStreetMap for this restaurant - potential web design / marketing lead.,2026-08-26
Koo Thai,+1 646-490-4608,"1758 1st Avenue, New York, 10128",restaurant,New York,US,No website listed on OpenStreetMap for this restaurant - potential web design / marketing lead.,2026-08-26
Pot To Plate,+1-718-481-3081,"219-17 Merrick Boulevard, New York, 11434",restaurant,New York,US,No website listed on OpenStreetMap for this restaurant - potential web design / marketing lead.,2026-08-26
Orion Diner & Grill,+1-212-510-8733,"395 2nd Avenue, New York, 10010",restaurant,New York,US,No website listed on OpenStreetMap for this restaurant - potential web design / marketing lead.,2026-08-26
Oma's Sushi,+1-516-481-3781,"492 Hempstead Avenue, West Hempstead, 11552",restaurant,New York,US,No website listed on OpenStreetMap for this restaurant - potential web design / marketing lead.,2026-08-26
El Alto,+1-718-456-1044,"60-01 Metropolitan Avenue, New York",restaurant,New York,US,No website listed on OpenStreetMap for this restaurant - potential web design / marketing lead.,2026-08-26
El Chevere Cuchifritos,+1 212-427-3952,"2000 3rd Avenue, New York, 10029",restaurant,New York,US,No website listed on OpenStreetMap for this restaurant - potential web design / marketing lead.,2026-08-26
Howl at the Moon,+1-718-561-7694,"585 East 189th Street, New York",restaurant,New York,US,No website listed on OpenStreetMap for this restaurant - potential web design / marketing lead.,2026-08-26
Lucky Garden,+1-518-482-2036,"1016 Central Avenue, Albany, 12205-3504",restaurant,New York,US,No website listed on OpenStreetMap for this restaurant - potential web design / marketing lead.,2026-08-26
Pho Thanh Hoai,+1-212-233-8988,New York,restaurant,New York,US,No website listed on OpenStreetMap for this restaurant - potential web design / marketing lead.,2026-08-26
Burger One,+1 212-737-0095,"1150 Lexington Avenue, New York",restaurant,New York,US,No website listed on OpenStreetMap for this restaurant - potential web design / marketing lead.,2026-08-26
Tres Marias,+1-718-417-1015,"146 Wilson Avenue, New York",restaurant,New York,US,No website listed on OpenStreetMap for this restaurant - potential web design / marketing lead.,2026-08-26
El Sol De Cholula,+1-917-340-3901,"161 Wilson Avenue, New York",restaurant,New York,US,No website listed on OpenStreetMap for this restaurant - potential web design / marketing lead.,2026-08-26
El Castillo,+1-917-460-0271,"189 Wilson Avenue, New York",restaurant,New York,US,No website listed on OpenStreetMap for this restaurant - potential web design / marketing lead.,2026-08-26
Pastelitos Elvys,+1-347-985-2399,"255 Wilson Avenue, New York",restaurant,New York,US,No website listed on OpenStreetMap for this restaurant - potential web design / marketing lead.,2026-08-26
They Say That,+1 347-968-7519,"615 Wilson Avenue, Brooklyn, 11207",restaurant,New York,US,No website listed on OpenStreetMap for this restaurant - potential web design / marketing lead.,2026-08-26
Slider Joe's,+1-516-766-2000,"189 N Long Beach Rd, New York",restaurant,New York,US,No website listed on OpenStreetMap for this restaurant - potential web design / marketing lead.,2026-08-26
Tequila Chito's,+1-212-463-0535,New York,restaurant,New York,US,No website listed on OpenStreetMap for this restaurant - potential web design / marketing lead.,2026-08-26
Hillside Dosa Hut,+1-718-414-4780,"258-15 Hillside Avenue, New York",restaurant,New York,US,No website listed on OpenStreetMap for this restaurant - potential web design / marketing lead.,2026-08-26
No 1 Halal Kitchen,+1-718-217-8888,"187-14 Hillside Avenue, Hollis",restaurant,New York,US,No website listed on OpenStreetMap for this restaurant - potential web design / marketing lead.,2026-08-26
Jamaican Best Restaurant,+1-718-454-4321,"204-08 Hillside Avenue, Hollis",restaurant,New York,US,No website listed on OpenStreetMap for this restaurant - potential web design / marketing lead.,2026-08-26
Il Luogo,+1 516-837-9015,"159 Sunrise Highway, Lynbrook",restaurant,New York,US,No website listed on OpenStreetMap for this restaurant - potential web design / marketing lead.,2026-08-26
Family Pizzaria Restaurant,+1-516-374-1862,"130 Mill Road, Valley Stream, 11581",restaurant,New York,US,No website listed on OpenStreetMap for this restaurant - potential web design / marketing lead.,2026-08-26
El Nopal,+1-718-541-2732,New York,restaurant,New York,US,No website listed on OpenStreetMap for this restaurant - potential web design / marketing lead.,2026-08-26
Tres Banderas,+1-347-819-9056,"1021 Church Avenue, New York, 11218",restaurant,New York,US,No website listed on OpenStreetMap for this restaurant - potential web design / marketing lead.,2026-08-26
Bed Stuy Fish Fry,+1-718-399-3000,"940 Fulton Street, Brooklyn, 11238",restaurant,New York,US,No website listed on OpenStreetMap for this restaurant - potential web design / marketing lead.,2026-08-26
Antojitos Catrachos,+1-347-294-4734,"504 39th Street, New York, 11232",restaurant,New York,US,No website listed on OpenStreetMap for this restaurant - potential web design / marketing lead.,2026-08-26
Good Taste 666,+1-718-886-3332,"43-45 Main Street, New York",restaurant,New York,US,No website listed on OpenStreetMap for this restaurant - potential web design / marketing lead.,2026-08-26
Botas Caborcas,+1-845-467-4130,"364 North Street, New York",restaurant,New York,US,No website listed on OpenStreetMap for this restaurant - potential web design / marketing lead.,2026-08-26
BurDuck Bar & Cafeteria,+1 718-814-9100,"3100 Ocean Parkway, Brooklyn, 11224",restaurant,New York,US,No website listed on OpenStreetMap for this restaurant - potential web design / marketing lead.,2026-08-26
Korean Express,+1 212-755-0123,"807 Lexington Avenue, New York, 10065",restaurant,New York,US,No website listed on OpenStreetMap for this restaurant - potential web design / marketing lead.,2026-08-26
Thai Son,+1-212-732-2822,"89 Baxter Street, New York, 10013",restaurant,New York,US,No website listed on OpenStreetMap for this restaurant - potential web design / marketing lead.,2026-08-26
Appethaize,+1-646-669-9353,"75 Baxter Street, New York, 10013",restaurant,New York,US,No website listed on OpenStreetMap for this restaurant - potential web design / marketing lead.,2026-08-26
Bocaditos Bistro,+1-347-617-1606,"4863 Broadway, New York",restaurant,New York,US,No website listed on OpenStreetMap for this restaurant - potential web design / marketing lead.,2026-08-26
Victor’s Café,+1-212-586-7714,"New York, 10019",restaurant,New York,US,No website listed on OpenStreetMap for this restaurant - potential web design / marketing lead.,2026-08-26
Burger Boyz,+1-845-343-2699,New York,restaurant,New York,US,No website listed on OpenStreetMap for this restaurant - potential web design / marketing lead.,2026-08-26
Tacos Uriel,+1-845-978-2830,New York,restaurant,New York,US,No website listed on OpenStreetMap for this restaurant - potential web design / marketing lead.,2026-08-26
Food King,+1-212-233-2433,"56 Market Street, New York, 10002",restaurant,New York,US,No website listed on OpenStreetMap for this restaurant - potential web design / marketing lead.,2026-08-26
LianJiangDongDai INC,+1-347-703-5202,"51 Catherine Street, New York, 10002",restaurant,New York,US,No website listed on OpenStreetMap for this restaurant - potential web design / marketing lead.,2026-08-26
Ming's Cafe,+1-212-978-1888,"28 Canal Street, New York, 10002",restaurant,New York,US,No website listed on OpenStreetMap for this restaurant - potential web design / marketing lead.,2026-08-26
Theatre Row Diner,+1 212-426-6000,"424 West 42nd Street, New York",restaurant,New York,US,No website listed on OpenStreetMap for this restaurant - potential web design / marketing lead.,2026-08-26
Sushi King,+1-646-410-0024,"151 Allen Street, New York, 10002",restaurant,New York,US,No website listed on OpenStreetMap for this restaurant - potential web design / marketing lead.,2026-08-26
Kibo Teriyaki,+1-516-612-7888,"527 Merrick Road, Valley Stream",restaurant,New York,US,No website listed on OpenStreetMap for this restaurant - potential web design / marketing lead.,2026-08-26
Padishah,+1 718-743-9656,"1920 Avenue U, New York",restaurant,New York,US,No website listed on OpenStreetMap for this restaurant - potential web design / marketing lead.,2026-08-26
Happy Garden Palace,+1-212-925-9888,"54 East Broadway, New York, 10002",restaurant,New York,US,No website listed on OpenStreetMap for this restaurant - potential web design / marketing lead.,2026-08-26
China 1,+1-845-343-9555,"28 County Road 78, New York",restaurant,New York,US,No website listed on OpenStreetMap for this restaurant - potential web design / marketing lead.,2026-08-26
Li's Wok,+1-516-825-2262,"East Merrick Road, Valley Stream",restaurant,New York,US,No website listed on OpenStreetMap for this restaurant - potential web design / marketing lead.,2026-08-26
Cucina di Vargas,+1-516-596-7260,"12 Franklin Avenue, Hewlett, 11557",restaurant,New York,US,No website listed on OpenStreetMap for this restaurant - potential web design / marketing lead.,2026-08-26
Captain Mike's,+1-516-678-4522,"3388 Long Beach Road, Oceanside, 11572",restaurant,New York,US,No website listed on OpenStreetMap for this restaurant - potential web design / marketing lead.,2026-08-26
El San Juan Restaurant,+1-646-373-3690,"1429 5th Avenue, New York",restaurant,New York,US,No website listed on OpenStreetMap for this restaurant - potential web design / marketing lead.,2026-08-26
Hot Pot Under De Tree,+1-212-234-3505,"2839 Frederick Douglas Boulevard, New York",restaurant,New York,US,No website listed on OpenStreetMap for this restaurant - potential web design / marketing lead.,2026-08-26
Bedawi Cafe,+1-718-499-3444,New York,restaurant,New York,US,No website listed on OpenStreetMap for this restaurant - potential web design / marketing lead.,2026-08-26
Bangkok Boulevard,+1-718-369-2472,New York,restaurant,New York,US,No website listed on OpenStreetMap for this restaurant - potential web design / marketing lead.,2026-08-26
Famimex Corp,+1-845-343-4347,New York,restaurant,New York,US,No website listed on OpenStreetMap for this restaurant - potential web design / marketing lead.,2026-08-26
Burger Bite,+1-516-292-3777,"616 Hempstead Turnpike, West Hempstead, 11552",restaurant,New York,US,No website listed on OpenStreetMap for this restaurant - potential web design / marketing lead.,2026-08-26
China Garden of Hempstead,+1-718-486-3331,"108 Main Street, Hempstead, 11550",restaurant,New York,US,No website listed on OpenStreetMap for this restaurant - potential web design / marketing lead.,2026-08-26
Norikoh,+1-212-685-5600,New York,restaurant,New York,US,No website listed on OpenStreetMap for this restaurant - potential web design / marketing lead.,2026-08-26
Chimu,+1-718-383-0045,New York,restaurant,New York,US,No website listed on OpenStreetMap for this restaurant - potential web design / marketing lead.,2026-08-26
Cibao,+1-718-596-1501,New York,restaurant,New York,US,No website listed on OpenStreetMap for this restaurant - potential web design / marketing lead.,2026-08-26
Wen Xin Restaurant,+1-718-837-8818,"7218 18th Avenue, New York, 11204",restaurant,New York,US,No website listed on OpenStreetMap for this restaurant - potential web design / marketing lead.,2026-08-26
Three Times,+1-646-609-3040,"818 Broadway, New York, 10003",restaurant,New York,US,No website listed on OpenStreetMap for this restaurant - potential web design / marketing lead.,2026-08-26
Mozzarella's Pizza,+16314620600,"1937 Jericho Turnpike, East Northport, 11731",restaurant,New York,US,No website listed on OpenStreetMap for this restaurant - potential web design / marketing lead.,2026-08-26
John & Lupita's Latin American Food,+1-516-239-2094,"176 Doughty Boulevard, Inwood, 11096",restaurant,New York,US,No website listed on OpenStreetMap for this restaurant - potential web design / marketing lead.,2026-08-26
Julie's Restaurant,+1-516-239-1570,"121 Doughty Boulevard, Inwood, 11096",restaurant,New York,US,No website listed on OpenStreetMap for this restaurant - potential web design / marketing lead.,2026-08-26
Nam Son,+1-212-966-6507,"245 Grand Street, New York, 10002",restaurant,New York,US,No website listed on OpenStreetMap for this restaurant - potential web design / marketing lead.,2026-08-26
Grand Canyon Bistro,+1-347-916-1300,"300 Schermerhorn Street, New York",restaurant,New York,US,No website listed on OpenStreetMap for this restaurant - potential web design / marketing lead.,2026-08-26
China Express,+1-718-218-7919,"192 Union Avenue, New York, 11206",restaurant,New York,US,No website listed on OpenStreetMap for this restaurant - potential web design / marketing lead.,2026-08-26
Aguilera's,+1 585-537-5705,"521 Monroe Avenue, Rochester, 14607",restaurant,New York,US,No website listed on OpenStreetMap for this restaurant - potential web design / marketing lead.,2026-08-26
South Wedge Hots & Subs,+1-585-546-1530,"492 Monroe Avenue, Rochester, 14607",restaurant,New York,US,No website listed on OpenStreetMap for this restaurant - potential web design / marketing lead.,2026-08-26
Pacific Indian Cuisine,+1-718-857-8100,New York,restaurant,New York,US,No website listed on OpenStreetMap for this restaurant - potential web design / marketing lead.,2026-08-26
B&H Dairy,+1-212-505-8065,"127 2nd Avenue, New York, 10003",restaurant,New York,US,No website listed on OpenStreetMap for this restaurant - potential web design / marketing lead.,2026-08-26
Sam's Steaks & Chops,+1-718-596-3458,New York,restaurant,New York,US,No website listed on OpenStreetMap for this restaurant - potential web design / marketing lead.,2026-08-26
M&S Nice Bakery and Restaurant,+1-718-576-3625,"819 Seneca Avenue, New York",restaurant,New York,US,No website listed on OpenStreetMap for this restaurant - potential web design / marketing lead.,2026-08-26
Tandoori Grill,+1-516-766-4440,"1042 West Beech Street, East Atlantic Beach, 11561",restaurant,New York,US,No website listed on OpenStreetMap for this restaurant - potential web design / marketing lead.,2026-08-26
Hibachi Buffet,+1-845-344-3588,"207 Dolson Avenue, Middletown, 10940",restaurant,New York,US,No website listed on OpenStreetMap for this restaurant - potential web design / marketing lead.,2026-08-26
Paul Smythe's Twisted,+1-845-956-0133,"125 Dolson Avenue, Middletown, 10940",restaurant,New York,US,No website listed on OpenStreetMap for this restaurant - potential web design / marketing lead.,2026-08-26
Chinatown Restaurant,+1-845-342-4100,"125 Dolson Avenue, Middletown, 10940",restaurant,New York,US,No website listed on OpenStreetMap for this restaurant - potential web design / marketing lead.,2026-08-26
Toños Mexican Restaurant,+1 914 4815247,"8 South Main Street, Port Chester, 10573",restaurant,New York,US,No website listed on OpenStreetMap for this restaurant - potential web design / marketing lead.,2026-08-26
Downtown Yummy Restaurant,+1-212-791-6818,"39 East Broadway, New York, 10002",restaurant,New York,US,No website listed on OpenStreetMap for this restaurant - potential web design / marketing lead.,2026-08-26
Hadramout Restaurant,+1 718-222-1066,"172 Atlantic Avenue, New York",restaurant,New York,US,No website listed on OpenStreetMap for this restaurant - potential web design / marketing lead.,2026-08-26
Scotty's Pizzeria and Restaurant,+1-607-376-6625,"136 Main Street, Morris, 13808",restaurant,New York,US,No website listed on OpenStreetMap for this restaurant - potential web design / marketing lead.,2026-08-26
Sushi House,+1-516-594-7968,"402 Merrick Road, Oceanside, 11572",restaurant,New York,US,No website listed on OpenStreetMap for this restaurant - potential web design / marketing lead.,2026-08-26
Seafood Mania,+1-516-536-7303,"234 Merrick Road, Oceanside, 11572",restaurant,New York,US,No website listed on OpenStreetMap for this restaurant - potential web design / marketing lead.,2026-08-26
Clinton Panaderia & Pupuseria,+1-516385-3233,"429 Clinton Street, Hempstead, 11550",restaurant,New York,US,No website listed on OpenStreetMap for this restaurant - potential web design / marketing lead.,2026-08-26
Golden House,+1-516-292-6900,"Main Street, Hempstead",restaurant,New York,US,No website listed on OpenStreetMap for this restaurant - potential web design / marketing lead.,2026-08-26
Poké Bowl,+1-718-971-0584,New York,restaurant,New York,US,No website listed on OpenStreetMap for this restaurant - potential web design / marketing lead.,2026-08-26
At Thai Restaurant,+1-212-245-4601,"641 10th Avenue, New York",restaurant,New York,US,No website listed on OpenStreetMap for this restaurant - potential web design / marketing lead.,2026-08-26
Barn Joo,+1-646-398-9663,"35 Union Square West, New York, 10003",restaurant,New York,US,No website listed on OpenStreetMap for this restaurant - potential web design / marketing lead.,2026-08-26
2 Brothers Cafe and Pizzeria,+1-315-765-6155,"1264 Hilton Avenue, Utica, 13501",restaurant,New York,US,No website listed on OpenStreetMap for this restaurant - potential web design / marketing lead.,2026-08-26
Dek Sen,+1-718-205-5181,"8608 Whitney Avenue, Elmhurst, 11373",restaurant,New York,US,No website listed on OpenStreetMap for this restaurant - potential web design / marketing lead.,2026-08-26
To B Thai,+1-718-435-0459,"126 Beverley Road, New York, 11218",restaurant,New York,US,No website listed on OpenStreetMap for this restaurant - potential web design / marketing lead.,2026-08-26
Monhagen Avenue Deli,+1-845-343-6331,"95 Monhagen Avenue, Middletown, 10940",restaurant,New York,US,No website listed on OpenStreetMap for this restaurant - potential web design / marketing lead.,2026-08-26
Island Grill,+1-631-321-0194,"926 Little East Neck Road, West Babylon, 11704",restaurant,New York,US,No website listed on OpenStreetMap for this restaurant - potential web design / marketing lead.,2026-08-26
Mesquite Grill,+1 585-340-6026,"1900 South Clinton Avenue, Rochester, 14618",restaurant,New York,US,No website listed on OpenStreetMap for this restaurant - potential web design / marketing lead.,2026-08-26
EXPO Market on Hertel,+1-716-931-9680,"1488 Hertel Avenue, Buffalo, 14216",restaurant,New York,US,No website listed on OpenStreetMap for this restaurant - potential web design / marketing lead.,2026-08-26
Kimyo,+1-917-728-7563,New York,restaurant,New York,US,No website listed on OpenStreetMap for this restaurant - potential web design / marketing lead.,2026-08-26
Alahia Restaurant,+1-718-776-0673,"217-19 Jamaica Avenue, New York, 11428",restaurant,New York,US,No website listed on OpenStreetMap for this restaurant - potential web design / marketing lead.,2026-08-26
Empire Szechuan,+1-718-227-2888,"4373 Amboy Road, Staten Island, 10312",restaurant,New York,US,No website listed on OpenStreetMap for this restaurant - potential web design / marketing lead.,2026-08-26
Amy's Chinese Restaurant,+1-718-225-0010,"47-46 Bell Boulevard, Bayside, 11364",restaurant,New York,US,No website listed on OpenStreetMap for this restaurant - potential web design / marketing lead.,2026-08-26
Jerk Off the Grill,+1 212-249-0305,"354 East 78th Street, New York, 10075",restaurant,New York,US,No website listed on OpenStreetMap for this restaurant - potential web design / marketing lead.,2026-08-26
The Square on Annadale,+1-718-967-9999,"833 Annadale Road, Staten Island",restaurant,New York,US,No website listed on OpenStreetMap for this restaurant - potential web design / marketing lead.,2026-08-26
Kiku,+1-718-608-8589,"3838 Richmond Avenue, Staten Island, 10312",restaurant,New York,US,No website listed on OpenStreetMap for this restaurant - potential web design / marketing lead.,2026-08-26
Five Boys Fresh Pizza,+1-646-398-8605,"206 Varick Street, New York, 10014",restaurant,New York,US,No website listed on OpenStreetMap for this restaurant - potential web design / marketing lead.,2026-08-26
Great Wall,+1 212-426-4888,"2234 1st Avenue, New York",restaurant,New York,US,No website listed on OpenStreetMap for this restaurant - potential web design / marketing lead.,2026-08-26
Hello Saigon,+1-212-254-2088,New York,restaurant,New York,US,No website listed on OpenStreetMap for this restaurant - potential web design / marketing lead.,2026-08-26
Ming Wong,+1-646-370-5005,"61 Mott Street, New York, 10013",restaurant,New York,US,No website listed on OpenStreetMap for this restaurant - potential web design / marketing lead.,2026-08-26
Cascade,+1 646-329-5143,"900 8th Avenue, New York",restaurant,New York,US,No website listed on OpenStreetMap for this restaurant - potential web design / marketing lead.,2026-08-26
La Vita Pizza,+1 212-722-7600,"1670 3rd Avenue, New York",restaurant,New York,US,No website listed on OpenStreetMap for this restaurant - potential web design / marketing lead.,2026-08-26
Olympia Pita,+1-212-221-7600,"126 MacDougal Street, New York, 10012",restaurant,New York,US,No website listed on OpenStreetMap for this restaurant - potential web design / marketing lead.,2026-08-26
CAVA,+1-212-206-2524,"65A Wall Street, New York, 10005",restaurant,New York,US,No website listed on OpenStreetMap for this restaurant - potential web design / marketing lead.,2026-08-26
AJ's Crabshack,+1-845-643-8888,"125 Main Street, Nyack, 10960",restaurant,New York,US,No website listed on OpenStreetMap for this restaurant - potential web design / marketing lead.,2026-08-26
Akami Sushi,+1 212-828-8668,"1st Avenue, New York",restaurant,New York,US,No website listed on OpenStreetMap for this restaurant - potential web design / marketing lead.,2026-08-26
Fresh Wok,+1 212-828-7688,"1st Avenue, New York, 10128",restaurant,New York,US,No website listed on OpenStreetMap for this restaurant - potential web design / marketing lead.,2026-08-26
Moon and River Cafe,+1 518-382-1938,"115 South Ferry Street, Schenectady, 12305",restaurant,New York,US,No website listed on OpenStreetMap for this restaurant - potential web design / marketing lead.,2026-08-26
Spicy Pickle,+1-716-754-2044,"463 Center Street, Lewiston, 14092",restaurant,New York,US,No website listed on OpenStreetMap for this restaurant - potential web design / marketing lead.,2026-08-26
Japanese Noodle Bar,+1 516 632 8288,"17 South Park Avenue, Rockville Centre, 11570",restaurant,New York,US,No website listed on OpenStreetMap for this restaurant - potential web design / marketing lead.,2026-08-26
Chuan Yue,+1-718-836-6888,"842 64th Street, Brooklyn, 11220",restaurant,New York,US,No website listed on OpenStreetMap for this restaurant - potential web design / marketing lead.,2026-08-26
Pho Golden,+1-716-215-6151,"3004 Pine Avenue, New York",restaurant,New York,US,No website listed on OpenStreetMap for this restaurant - potential web design / marketing lead.,2026-08-26
New Arc Chicken,+1-212-477-0091,"233 1st Avenue, New York, 10003",restaurant,New York,US,No website listed on OpenStreetMap for this restaurant - potential web design / marketing lead.,2026-08-26
Castillo Restaurant,+1-718-437-7676,New York,restaurant,New York,US,No website listed on OpenStreetMap for this restaurant - potential web design / marketing lead.,2026-08-26
Beef & Fish,+1-347-987-4496,New York,restaurant,New York,US,No website listed on OpenStreetMap for this restaurant - potential web design / marketing lead.,2026-08-26
Toyama Cuisine,+1-718-567-8877,New York,restaurant,New York,US,No website listed on OpenStreetMap for this restaurant - potential web design / marketing lead.,2026-08-26
Lao Jie Hot Pot & BBQ,+1-646-478-8166,New York,restaurant,New York,US,No website listed on OpenStreetMap for this restaurant - potential web design / marketing lead.,2026-08-26
Downtown City Tavern,+1-518-480-3500,"21 Elm Street, Glens Falls, 12801",restaurant,New York,US,No website listed on OpenStreetMap for this restaurant - potential web design / marketing lead.,2026-08-26
Sabor Azteca,+1-347-365-7942,"742 Nostrand Avenue, Brooklyn, 11216",restaurant,New York,US,No website listed on OpenStreetMap for this restaurant - potential web design / marketing lead.,2026-08-26
Libertador,+1-347-689-3122,"404 Henry Street, New York, 11201",restaurant,New York,US,No website listed on OpenStreetMap for this restaurant - potential web design / marketing lead.,2026-08-26
New Number One,+1-585-442-3030;+1-585-442-4368,"1925 South Avenue, Rochester, 14620",restaurant,New York,US,No website listed on OpenStreetMap for this restaurant - potential web design / marketing lead.,2026-08-26
KOCINA Stingray Sushifusion 2GO,+1 585-978-7966,"1921 South Avenue, Rochester, 14620",restaurant,New York,US,No website listed on OpenStreetMap for this restaurant - potential web design / marketing lead.,2026-08-26
Famous Famiglia Pizzeria,+1 212-737-7777,New York,restaurant,New York,US,No website listed on OpenStreetMap for this restaurant - potential web design / marketing lead.,2026-08-26
8 Pots Mini Hot Pot,+1 718 888 9233,"135-23 40th Road, Flushing",restaurant,New York,US,No website listed on OpenStreetMap for this restaurant - potential web design / marketing lead.,2026-08-26
Elegant Chinese Restaurant,+1-718-776-8270,"212-06 Hillside Avenue, New York, 11427",restaurant,New York,US,No website listed on OpenStreetMap for this restaurant - potential web design / marketing lead.,2026-08-26
Toyo Japanese Cuisine,+1-718-894-8880,"73-06 Metropolitan Avenue, New York",restaurant,New York,US,No website listed on OpenStreetMap for this restaurant - potential web design / marketing lead.,2026-08-26
Ventura's,+1-315-732-8381,"787 Lansing Street, Utica, 13501",restaurant,New York,US,No website listed on OpenStreetMap for this restaurant - potential web design / marketing lead.,2026-08-26
86 Joy Cafe,+1-718-833-5333,"8608 4th Avenue, New York, 11209",restaurant,New York,US,No website listed on OpenStreetMap for this restaurant - potential web design / marketing lead.,2026-08-26
Pho Hoai Bay Ridge Restaurant,+1-718-745-1640,"8616 4th Avenue, New York, 11209",restaurant,New York,US,No website listed on OpenStreetMap for this restaurant - potential web design / marketing lead.,2026-08-26
Los Cantaros,+1-347-223-4031,"8612 4th Avenue, New York, 11209",restaurant,New York,US,No website listed on OpenStreetMap for this restaurant - potential web design / marketing lead.,2026-08-26
Delicias Boricua,+1-315-732-0495,"907 Bleecker Street, Utica, 13501",restaurant,New York,US,No website listed on OpenStreetMap for this restaurant - potential web design / marketing lead.,2026-08-26
Las Margaritas,+1-718-333-5119,"9208 3rd Avenue, New York",restaurant,New York,US,No website listed on OpenStreetMap for this restaurant - potential web design / marketing lead.,2026-08-26
Ankara #3,+1 212-473-1212,"183 East Houston Street, New York",restaurant,New York,US,No website listed on OpenStreetMap for this restaurant - potential web design / marketing lead.,2026-08-26
5ive Spice,+1-212-918-8128,New York,restaurant,New York,US,No website listed on OpenStreetMap for this restaurant - potential web design / marketing lead.,2026-08-26
Carrizal,+1-718-497-2222,"1542 Gates Avenue, New York",restaurant,New York,US,No website listed on OpenStreetMap for this restaurant - potential web design / marketing lead.,2026-08-26
Isabela's,+1-718-832-6715,New York,restaurant,New York,US,No website listed on OpenStreetMap for this restaurant - potential web design / marketing lead.,2026-08-26
Awash,+1 212-961-1416,"947 Amsterdam Avenue, New York, 10025",restaurant,New York,US,No website listed on OpenStreetMap for this restaurant - potential web design / marketing lead.,2026-08-26
Raenu Thai,+1-646-998-5414,"844 Amsterdam Avenue, New York, 10025",restaurant,New York,US,No website listed on OpenStreetMap for this restaurant - potential web design / marketing lead.,2026-08-26
Indian Tanpura,+1 212-721-8700,"564 Amsterdam Avenue, New York, 10024",restaurant,New York,US,No website listed on OpenStreetMap for this restaurant - potential web design / marketing lead.,2026-08-26
Le Botaniste,+1-646-870-7770,"127 Grand Street, New York, 10013",restaurant,New York,US,No website listed on OpenStreetMap for this restaurant - potential web design / marketing lead.,2026-08-26
The New Amity Restaurant,+1 212-861-3255,"1134 Madison Avenue, New York, 10028",restaurant,New York,US,No website listed on OpenStreetMap for this restaurant - potential web design / marketing lead.,2026-08-26
New Apolo Restaurant,+1-718-387-1773,New York,restaurant,New York,US,No website listed on OpenStreetMap for this restaurant - potential web design / marketing lead.,2026-08-26
Sai Gon Dep,+1-212-986-4420,"719 2nd Avenue, New York, 10016",restaurant,New York,US,No website listed on OpenStreetMap for this restaurant - potential web design / marketing lead.,2026-08-26
East Wind Snack Shop,+1-929-295-0188,New York,restaurant,New York,US,No website listed on OpenStreetMap for this restaurant - potential web design / marketing lead.,2026-08-26
O'Sake,+1-718-945-8888,New York,restaurant,New York,US,No website listed on OpenStreetMap for this restaurant - potential web design / marketing lead.,2026-08-26
Chim's Oasis,+1-716-692-2700,"38 Niagara Street, Tonawanda, 14150",restaurant,New York,US,No website listed on OpenStreetMap for this restaurant - potential web design / marketing lead.,2026-08-26
Beijing Garden,+1-716-693-8858,"33 Niagara Street, Tonawanda, 14150",restaurant,New York,US,No website listed on OpenStreetMap for this restaurant - potential web design / marketing lead.,2026-08-26
Colosso Taco,+1-716-692-5927,"66 Main Street, Tonawanda, 14150",restaurant,New York,US,No website listed on OpenStreetMap for this restaurant - potential web design / marketing lead.,2026-08-26
Best 1 Kitchen,+1-718-853-1388,"6005 Fort Hamilton Parkway, Brooklyn, 11219",restaurant,New York,US,No website listed on OpenStreetMap for this restaurant - potential web design / marketing lead.,2026-08-26
Taqueria al Pastor,+1-718-269-7538,"128 Wyckoff Avenue, New York",restaurant,New York,US,No website listed on OpenStreetMap for this restaurant - potential web design / marketing lead.,2026-08-26
Bella Vista Party House,+1 585-730-7125,"4768 Lake Avenue, Rochester, 14612",restaurant,New York,US,No website listed on OpenStreetMap for this restaurant - potential web design / marketing lead.,2026-08-26
Harbor Hots,+1 585-865-4687,"4776 Lake Avenue, Rochester, 14612",restaurant,New York,US,No website listed on OpenStreetMap for this restaurant - potential web design / marketing lead.,2026-08-26
Haewoondae,+1 718 397 5834,"75-32 Broadway, New York",restaurant,New York,US,No website listed on OpenStreetMap for this restaurant - potential web design / marketing lead.,2026-08-26
Szechuan Kitchen,+1-718-479-3710,"233-14 Hillside Avenue, Queens Village, 11427",restaurant,New York,US,No website listed on OpenStreetMap for this restaurant - potential web design / marketing lead.,2026-08-26
Bobo's Chicken Shack,+1 585-285-2881,"532 Joseph Avenue, Rochester, 14605",restaurant,New York,US,No website listed on OpenStreetMap for this restaurant - potential web design / marketing lead.,2026-08-26
Lenz's Delicatessen,+1-212-979-2859,"514 East 20th Street, New York, 10009",restaurant,New York,US,No website listed on OpenStreetMap for this restaurant - potential web design / marketing lead.,2026-08-26
Simon's BBQ,+1-718-431-0788,New York,restaurant,New York,US,No website listed on OpenStreetMap for this restaurant - potential web design / marketing lead.,2026-08-26
King's Kitchen,+1-718-853-1288,New York,restaurant,New York,US,No website listed on OpenStreetMap for this restaurant - potential web design / marketing lead.,2026-08-26
Jongro BBQ,+1-718-939-9330,"155-14 Roosevelt Avenue, Flushing, 11354",restaurant,New York,US,No website listed on OpenStreetMap for this restaurant - potential web design / marketing lead.,2026-08-26
Haidilao,+1-917-231-8888,"138-23 39th Avenue, Flushing, 11354",restaurant,New York,US,No website listed on OpenStreetMap for this restaurant - potential web design / marketing lead.,2026-08-26
Long Spring Garden,+1-718-507-7710,"6205 Roosevelt Avenue, Woodside, 11377",restaurant,New York,US,No website listed on OpenStreetMap for this restaurant - potential web design / marketing lead.,2026-08-26
Corner 28,+1-718-886-6628,"135-24 40th Road, Flushing, 11354",restaurant,New York,US,No website listed on OpenStreetMap for this restaurant - potential web design / marketing lead.,2026-08-26
MashAllah Sweets & Restaurant,+1-718-287-0090,"663 Coney Island Avenue, Brooklyn, 11218",restaurant,New York,US,No website listed on OpenStreetMap for this restaurant - potential web design / marketing lead.,2026-08-26
Capri II Pizza & Pasta,+1-718-671-3822,"149 Dreiser Loop, Bronx, 10475",restaurant,New York,US,No website listed on OpenStreetMap for this restaurant - potential web design / marketing lead.,2026-08-26
Ms. Ohho,+1 718-576-3253,"146 Nassau Avenue, Brooklyn, 11222",restaurant,New York,US,No website listed on OpenStreetMap for this restaurant - potential web design / marketing lead.,2026-08-26
T&T Restaurannt,+1-718-661-0819,"46-11A Kissena Boulevard, Flushing, 11355",restaurant,New York,US,No website listed on OpenStreetMap for this restaurant - potential web design / marketing lead.,2026-08-26
Trattoria 141,+1-914-937-7200,"141 North Chatsworth Avenue, Larchmont, 10538",restaurant,New York,US,No website listed on OpenStreetMap for this restaurant - potential web design / marketing lead.,2026-08-26
Coriander Modern Indian,+1-914-235-1306,"154 Larchmont Avenue, Larchmont, 10538",restaurant,New York,US,No website listed on OpenStreetMap for this restaurant - potential web design / marketing lead.,2026-08-26
Mario's Pizza,+1-845-338-1157,"186 Broadway, Port Ewen, 12466",restaurant,New York,US,No website listed on OpenStreetMap for this restaurant - potential web design / marketing lead.,2026-08-26
Burgoyne Grill,+1-518-585-2378,"260 Burgoyne Road, Ticonderoga, 12883",restaurant,New York,US,No website listed on OpenStreetMap for this restaurant - potential web design / marketing lead.,2026-08-26
Section 5 pizza,+1-718-320-3887,"133 Einstein Loop North, Bronx, 10475",restaurant,New York,US,No website listed on OpenStreetMap for this restaurant - potential web design / marketing lead.,2026-08-26
Dave & Buster's,+1-914-380-8500,"881 Pelham Parkway, Pelham Manor, 10803",restaurant,New York,US,No website listed on OpenStreetMap for this restaurant - potential web design / marketing lead.,2026-08-26
Le Soleil,+1-212-581-6059,"858 10th Avenue, New York, 10019",restaurant,New York,US,No website listed on OpenStreetMap for this restaurant - potential web design / marketing lead.,2026-08-26
Iron Age,+1 347 612 4671,"6135 Junction Boulevard, Rego Park, 11374",restaurant,New York,US,No website listed on OpenStreetMap for this restaurant - potential web design / marketing lead.,2026-08-26
El Castillo De Manhattan,+1 212-227-2892,New York,restaurant,New York,US,No website listed on OpenStreetMap for this restaurant - potential web design / marketing lead.,2026-08-26
Asian Fortune,+1 718 830 6286,"103-35 Queens Boulevard, New York",restaurant,New York,US,No website listed on OpenStreetMap for this restaurant - potential web design / marketing lead.,2026-08-26
Great Wall,+1 718 275 2255,"104-37 Queens Boulevard, New York",restaurant,New York,US,No website listed on OpenStreetMap for this restaurant - potential web design / marketing lead.,2026-08-26
Panda Asian Cuisine,+1 585-742-3378,"167 West Main Street, Victor, 14564",restaurant,New York,US,No website listed on OpenStreetMap for this restaurant - potential web design / marketing lead.,2026-08-26
Perfect Picnic,+1-212-228-1884,"405 Central Park West, New York, 10025",restaurant,New York,US,No website listed on OpenStreetMap for this restaurant - potential web design / marketing lead.,2026-08-26
Golden Steamer,+1-718-559-0268,"5906 8th Avenue, New York, 11220",restaurant,New York,US,No website listed on OpenStreetMap for this restaurant - potential web design / marketing lead.,2026-08-26
LANGKAWI,+17186330808,"5323 54th Street, Brooklyn, 11220",restaurant,New York,US,No website listed on OpenStreetMap for this restaurant - potential web design / marketing lead.,2026-08-26
Duke's Main Street Pizza,+1 607-587-8883,"38 North Main Street, Alfred, 14802",restaurant,New York,US,No website listed on OpenStreetMap for this restaurant - potential web design / marketing lead.,2026-08-26
Dish Restaurant,+1-212-352-9800,"201 8th Avenue, New York, 10011",restaurant,New York,US,No website listed on OpenStreetMap for this restaurant - potential web design / marketing lead.,2026-08-26
Taq,+1 212-301-7824,"81 Warren Street, New York",restaurant,New York,US,No website listed on OpenStreetMap for this restaurant - potential web design / marketing lead.,2026-08-26
Ita-Mex,+1-347-507-0874,"30-85 14th Street, New York",restaurant,New York,US,No website listed on OpenStreetMap for this restaurant - potential web design / marketing lead.,2026-08-26
Ecuadorian Restaurant,+1 718-729-2889,"41-20 34th Avenue, New York",restaurant,New York,US,No website listed on OpenStreetMap for this restaurant - potential web design / marketing lead.,2026-08-26
El Rey,+1-718-545-2292,"25-21 Astoria Boulevard, New York, 11102",restaurant,New York,US,No website listed on OpenStreetMap for this restaurant - potential web design / marketing lead.,2026-08-26
Sakura,+1-718-777-2188,"35-15 Ditmars Boulevard, Astoria, 11105",restaurant,New York,US,No website listed on OpenStreetMap for this restaurant - potential web design / marketing lead.,2026-08-26
Lin's Kitchen,+1 315-568-0105,"71 Fall Street, Seneca Falls, 13148",restaurant,New York,US,No website listed on OpenStreetMap for this restaurant - potential web design / marketing lead.,2026-08-26
La Fiesta Brava,+13155393212,"9 East Main Street, Waterloo, 13165",restaurant,New York,US,No website listed on OpenStreetMap for this restaurant - potential web design / marketing lead.,2026-08-26
King River,+1 718-803-0818,"80-18 31st Avenue, New York",restaurant,New York,US,No website listed on OpenStreetMap for this restaurant - potential web design / marketing lead.,2026-08-26
Bagels on Hudson,+1-914-271-5412,"171 South Riverside Avenue, Croton-on-Hudson, 10520",restaurant,New York,US,No website listed on OpenStreetMap for this restaurant - potential web design / marketing lead.,2026-08-26
Campania,+1-347-983-4998,New York,restaurant,New York,US,No website listed on OpenStreetMap for this restaurant - potential web design / marketing lead.,2026-08-26
Mizu Hibachi Steakhouse,+1-718-608-8809,New York,restaurant,New York,US,No website listed on OpenStreetMap for this restaurant - potential web design / marketing lead.,2026-08-26
Pupusas Ridgewood,+1-347-599-0858,"71-20 Fresh Pond Road, New York",restaurant,New York,US,No website listed on OpenStreetMap for this restaurant - potential web design / marketing lead.,2026-08-26
The Krebs,+1 315-685-1800,"53 West Genesee Street, Skaneateles, 13152",restaurant,New York,US,No website listed on OpenStreetMap for this restaurant - potential web design / marketing lead.,2026-08-26
Hunan “K”,+1-718-779-8177,"60-14 Queens Boulevard, Queens",restaurant,New York,US,No website listed on OpenStreetMap for this restaurant - potential web design / marketing lead.,2026-08-26
La Gata Galosa,+1-718-651-0788,"89-01 37th Avenue, Jackson Heights, 11372",restaurant,New York,US,No website listed on OpenStreetMap for this restaurant - potential web design / marketing lead.,2026-08-26
The Rose Bush,+16075879997,"11 North Main Street, New York",restaurant,New York,US,No website listed on OpenStreetMap for this restaurant - potential web design / marketing lead.,2026-08-26
Pacific Moon,+1 718-476-8578,"59-02 Broadway, New York",restaurant,New York,US,No website listed on OpenStreetMap for this restaurant - potential web design / marketing lead.,2026-08-26
El Rincon Peruano,+1 718-424-5298,"64-06 Roosevelt Avenue, Woodside, 11377",restaurant,New York,US,No website listed on OpenStreetMap for this restaurant - potential web design / marketing lead.,2026-08-26
Dinastia Ecuadorian Food #2,+1-347-294-0119,"394 Bedford Avenue, New York",restaurant,New York,US,No website listed on OpenStreetMap for this restaurant - potential web design / marketing lead.,2026-08-26
Hamachi Sushi,+1-646-559-8800,"56 East 34th Street, New York, 10016",restaurant,New York,US,No website listed on OpenStreetMap for this restaurant - potential web design / marketing lead.,2026-08-26
Go! Go! Curry!,+1 212-730-5555,"273 West 38th Street, New York, 10018",restaurant,New York,US,No website listed on OpenStreetMap for this restaurant - potential web design / marketing lead.,2026-08-26
Blue Maiz Kitchen,+1-212-704-2108,"606 8th Avenue, New York",restaurant,New York,US,No website listed on OpenStreetMap for this restaurant - potential web design / marketing lead.,2026-08-26
Angel of Harlem,+1-347-316-0350,"2272 Frederick Douglass Boulevard, New York, 10027",restaurant,New York,US,No website listed on OpenStreetMap for this restaurant - potential web design / marketing lead.,2026-08-26
Gyro Express,+1-718-278-1230,"77-06 21st Avenue, New York, 11370",restaurant,New York,US,No website listed on OpenStreetMap for this restaurant - potential web design / marketing lead.,2026-08-26
Chop Sticks,+1-718-204-8119,"77-18 21st Avenue, New York, 11370",restaurant,New York,US,No website listed on OpenStreetMap for this restaurant - potential web design / marketing lead.,2026-08-26
Barzola,+1-718-956-3012,"3301 33rd Street, Astoria, 11106",restaurant,New York,US,No website listed on OpenStreetMap for this restaurant - potential web design / marketing lead.,2026-08-26
Zest Ramen,+1 212-226-2801,"112 Eldridge Street, New York, 10002",restaurant,New York,US,No website listed on OpenStreetMap for this restaurant - potential web design / marketing lead.,2026-08-26
China Dragon,+1 518 2711569,New York,restaurant,New York,US,No website listed on OpenStreetMap for this restaurant - potential web design / marketing lead.,2026-08-26
Shun Wang,+1 718 779 3330,"81-25 Broadway, New York",restaurant,New York,US,No website listed on OpenStreetMap for this restaurant - potential web design / marketing lead.,2026-08-26
Sushi Dairo,+1-212-529-4193,"208 3rd Avenue, New York, 10003",restaurant,New York,US,No website listed on OpenStreetMap for this restaurant - potential web design / marketing lead.,2026-08-26
Daniela,+17162358598,New York,restaurant,New York,US,No website listed on OpenStreetMap for this restaurant - potential web design / marketing lead.,2026-08-26
Patrick's Pub,+1 518 2383687,New York,restaurant,New York,US,No website listed on OpenStreetMap for this restaurant - potential web design / marketing lead.,2026-08-26
Gyro Place Cafe,+1-631-821-3322,New York,restaurant,New York,US,No website listed on OpenStreetMap for this restaurant - potential web design / marketing lead.,2026-08-26
Avenue D Pizza,+1-646-850-3674,"15 Avenue D, New York, 10009",restaurant,New York,US,No website listed on OpenStreetMap for this restaurant - potential web design / marketing lead.,2026-08-26
New Chinatown,+1-212-420-8799,"11 Avenue D, New York, 10009",restaurant,New York,US,No website listed on OpenStreetMap for this restaurant - potential web design / marketing lead.,2026-08-26
Stang Thai,+1-718-436-6932,New York,restaurant,New York,US,No website listed on OpenStreetMap for this restaurant - potential web design / marketing lead.,2026-08-26
168 Kim Wei Kitchen,+1-718-436-6002,New York,restaurant,New York,US,No website listed on OpenStreetMap for this restaurant - potential web design / marketing lead.,2026-08-26
Santasiero's Restaurant,+1 716-886-9197,"1329 Niagara Street, New York",restaurant,New York,US,No website listed on OpenStreetMap for this restaurant - potential web design / marketing lead.,2026-08-26
San Atanacio Deli-Grocery & Restaurant,+1-718-232-8061,"6304 Bay Parkway, Brooklyn, 11204",restaurant,New York,US,No website listed on OpenStreetMap for this restaurant - potential web design / marketing lead.,2026-08-26
Golden Dynasty,+1-718-621-0713,"6316 Bay Parkway, Brooklyn, 11204",restaurant,New York,US,No website listed on OpenStreetMap for this restaurant - potential web design / marketing lead.,2026-08-26
Kolhelly,+1-718-232-6797,"6318 Bay Parkway, Brooklyn, 11204",restaurant,New York,US,No website listed on OpenStreetMap for this restaurant - potential web design / marketing lead.,2026-08-26
Bamboo China,+1-716-633-5033,"5268 Main Street, Williamsville, 14221",restaurant,New York,US,No website listed on OpenStreetMap for this restaurant - potential web design / marketing lead.,2026-08-26
Nueva Victoria Restaurant,+1-718-726-0819,"32-05 Broadway, Astoria, 11106",restaurant,New York,US,No website listed on OpenStreetMap for this restaurant - potential web design / marketing lead.,2026-08-26
H K Wonton Garden,+1 212-349-1495,"79 Mulberry Street, New York",restaurant,New York,US,No website listed on OpenStreetMap for this restaurant - potential web design / marketing lead.,2026-08-26
Hop Kee,+1 212 964 8365,"21 Mott Street, New York, 10013",restaurant,New York,US,No website listed on OpenStreetMap for this restaurant - potential web design / marketing lead.,2026-08-26
Yunshang Rice Noodle,+1 646-998-5223,"53 Bayard Street, New York, 10013",restaurant,New York,US,No website listed on OpenStreetMap for this restaurant - potential web design / marketing lead.,2026-08-26
New Kim Tuong,+1-212-966-2878,"83 Chrystie Street, New York, 10002",restaurant,New York,US,No website listed on OpenStreetMap for this restaurant - potential web design / marketing lead.,2026-08-26
New York Canton Lounge,+1-212-219-8066,New York,restaurant,New York,US,No website listed on OpenStreetMap for this restaurant - potential web design / marketing lead.,2026-08-26
China King,+17168376863,"3500 Main Street, Amherst, 14226",restaurant,New York,US,No website listed on OpenStreetMap for this restaurant - potential web design / marketing lead.,2026-08-26
Mt. Fuji Japanese Restaurant,+1-518-773-0188,"Arterial Plaza, Gloversville, 12078",restaurant,New York,US,No website listed on OpenStreetMap for this restaurant - potential web design / marketing lead.,2026-08-26
Phở 86,+1-347-587-5026,"1944 86th Street, Brooklyn, 11214",restaurant,New York,US,No website listed on OpenStreetMap for this restaurant - potential web design / marketing lead.,2026-08-26
Fugu Sushi,+1-718-621-3124,"6804 Bay Parkway, Brooklyn, 11204",restaurant,New York,US,No website listed on OpenStreetMap for this restaurant - potential web design / marketing lead.,2026-08-26
H.K. Tea & Sushi,+1-718-265-7800,"2033 86th Street, Brooklyn, 11214",restaurant,New York,US,No website listed on OpenStreetMap for this restaurant - potential web design / marketing lead.,2026-08-26
Tak Hing,+1-718-722-1388,"1946 86th Street, Brooklyn, 11214",restaurant,New York,US,No website listed on OpenStreetMap for this restaurant - potential web design / marketing lead.,2026-08-26
LJ's Restaurant,+1-845-657-4252,New York,restaurant,New York,US,No website listed on OpenStreetMap for this restaurant - potential web design / marketing lead.,2026-08-26
West Place,+12129329390,"1288 Amsterdam Avenue, New York, 10027",restaurant,New York,US,No website listed on OpenStreetMap for this restaurant - potential web design / marketing lead.,2026-08-26
New Ho Wah,+1 718-956-1849,"42-01, New York",restaurant,New York,US,No website listed on OpenStreetMap for this restaurant - potential web design / marketing lead.,2026-08-26
Ruby Tuesday,+1-518-785-1037,"675 Troy Schenectady Road, Latham, 12110",restaurant,New York,US,No website listed on OpenStreetMap for this restaurant - potential web design / marketing lead.,2026-08-26
Taqueria Tren Maya,+15182445119,"23 A Lower Hudson Avenue, Troy, 12183",restaurant,New York,US,No website listed on OpenStreetMap for this restaurant - potential web design / marketing lead.,2026-08-26
Uncle Ming's Kitchen,+1 518 584 5558;+1 518 584 1194,"74 Henry Street, Saratoga Springs, 12866",restaurant,New York,US,No website listed on OpenStreetMap for this restaurant - potential web design / marketing lead.,2026-08-26
Food Sing,+1-518-828-3003,"709 Warren Street, Hudson, 12534",restaurant,New York,US,No website listed on OpenStreetMap for this restaurant - potential web design / marketing lead.,2026-08-26
Buddy Boy's Pizzeria,+1 845 236 2366,"1022 United States Highway 9W, Marlboro, 12542",restaurant,New York,US,No website listed on OpenStreetMap for this restaurant - potential web design / marketing lead.,2026-08-26
Yang's Kitchen,+1-845-626-8118,"6314 Route 209, Kerhonkson, 12446",restaurant,New York,US,No website listed on OpenStreetMap for this restaurant - potential web design / marketing lead.,2026-08-26
21 Burgers & Wings,+1-845-440-8784,"2026 Route 9D, Wappingers Falls, 12590",restaurant,New York,US,No website listed on OpenStreetMap for this restaurant - potential web design / marketing lead.,2026-08-26
Main Moon,+1 518 745 1643,"149 Bay Street, Glens Falls, 12801",restaurant,New York,US,No website listed on OpenStreetMap for this restaurant - potential web design / marketing lead.,2026-08-26
Beulah's Diner,+1 716-322-5079,"1239 Niagara Street, Buffalo, 14213",restaurant,New York,US,No website listed on OpenStreetMap for this restaurant - potential web design / marketing lead.,2026-08-26
La Superior,+1-718-388-5988,"295 Berry Street, Brooklyn, 11249",restaurant,New York,US,No website listed on OpenStreetMap for this restaurant - potential web design / marketing lead.,2026-08-26
New Win Shing,+1 718 956 9688,"48-06 Broadway, New York",restaurant,New York,US,No website listed on OpenStreetMap for this restaurant - potential web design / marketing lead.,2026-08-26
Red Panda Restaurant,+1 718 458 8588,"67-21 Woodside Avenue, New York",restaurant,New York,US,No website listed on OpenStreetMap for this restaurant - potential web design / marketing lead.,2026-08-26
Chayla's Cuchifrito,+1-518-391-5556,"17 North Main Street, Gloversville, 12078",restaurant,New York,US,No website listed on OpenStreetMap for this restaurant - potential web design / marketing lead.,2026-08-26
Phớ Bằng,+1-718-939-5520,"41-07 Kissena Boulevard, New York",restaurant,New York,US,No website listed on OpenStreetMap for this restaurant - potential web design / marketing lead.,2026-08-26
Elias Corner,+1 718 932-1510,"24-02 31st Street, Astoria, 11102",restaurant,New York,US,No website listed on OpenStreetMap for this restaurant - potential web design / marketing lead.,2026-08-26
Lan Larb Chiang Mai,+1 646-895-9264,"227 Centre Street, New York, 10013",restaurant,New York,US,No website listed on OpenStreetMap for this restaurant - potential web design / marketing lead.,2026-08-26
Scalinatella Ristorante,+1 212-207-8280,"201 East 61st Street, New York, 10065",restaurant,New York,US,No website listed on OpenStreetMap for this restaurant - potential web design / marketing lead.,2026-08-26
Il Bambino,+1-718-626-0087,"34-08 31st Avenue, Astoria, 11106",restaurant,New York,US,No website listed on OpenStreetMap for this restaurant - potential web design / marketing lead.,2026-08-26
Chan's Wok,+17166938888,"796 Young Street, Tonawanda, 14150",restaurant,New York,US,No website listed on OpenStreetMap for this restaurant - potential web design / marketing lead.,2026-08-26
Fulton Food Court,+1-718-789-0546,"1178 Fulton Street, New York, 11216",restaurant,New York,US,No website listed on OpenStreetMap for this restaurant - potential web design / marketing lead.,2026-08-26
Spring Garden,+1 315-258-7178,New York,restaurant,New York,US,No website listed on OpenStreetMap for this restaurant - potential web design / marketing lead.,2026-08-26
Alex’s Pizza & Deli,+1 718 779 7200,"35th Avenue, New York",restaurant,New York,US,No website listed on OpenStreetMap for this restaurant - potential web design / marketing lead.,2026-08-26
Lin’a Kitchen,+1 718 505 1388,"35th Avenue, New York",restaurant,New York,US,No website listed on OpenStreetMap for this restaurant - potential web design / marketing lead.,2026-08-26
Amazing Wok Chinese Food,+1-516-599-1787,"300 Atlantic Avenue, East Rockaway, 11518",restaurant,New York,US,No website listed on OpenStreetMap for this restaurant - potential web design / marketing lead.,2026-08-26
Yuxu,+1-516-794-4741,"301 East Meadow Avenue, East Meadow, 11554",restaurant,New York,US,No website listed on OpenStreetMap for this restaurant - potential web design / marketing lead.,2026-08-26
Sea Bar,+15164415708,"7 Great Neck Road, Great Neck, 11021",restaurant,New York,US,No website listed on OpenStreetMap for this restaurant - potential web design / marketing lead.,2026-08-26
Asian Wok,+1-516-593-6666,"297 Broadway, Lynbrook, 11563",restaurant,New York,US,No website listed on OpenStreetMap for this restaurant - potential web design / marketing lead.,2026-08-26
Cha Ba Thai,+1-516-897-2888,"12 West Park Avenue, Long Beach, 11561",restaurant,New York,US,No website listed on OpenStreetMap for this restaurant - potential web design / marketing lead.,2026-08-26
Kai Burgers & Dumplings,+15163045398,"7 South Middle Neck Road, Great Neck, 11021",restaurant,New York,US,No website listed on OpenStreetMap for this restaurant - potential web design / marketing lead.,2026-08-26
Food Court Korea,+15169962882,"947 Willis Avenue, Albertson, 11507",restaurant,New York,US,No website listed on OpenStreetMap for this restaurant - potential web design / marketing lead.,2026-08-26
Mr.Poke,+15164820416,"27 Great Neck Road, Great Neck, 11021",restaurant,New York,US,No website listed on OpenStreetMap for this restaurant - potential web design / marketing lead.,2026-08-26
Holy Smokes Bourbon and BBQ,+1-315-755-9991,"32 Public Square, Watertown, 13601-2623",restaurant,New York,US,No website listed on OpenStreetMap for this restaurant - potential web design / marketing lead.,2026-08-26
Tokyo Japanese Restaurant,+1 585-424-4166,"1000 Hylan Drive, Rochester, 14623",restaurant,New York,US,No website listed on OpenStreetMap for this restaurant - potential web design / marketing lead.,2026-08-26
Crumpets,+1 585-434-2535,"441 Monroe Avenue, Rochester, 14607",restaurant,New York,US,No website listed on OpenStreetMap for this restaurant - potential web design / marketing lead.,2026-08-26
Falls Nutrition,+15854977144,"28 East Street, Honeoye Falls, 14472",restaurant,New York,US,No website listed on OpenStreetMap for this restaurant - potential web design / marketing lead.,2026-08-26
Master Falafel,+1 585-471-8386,"519 Monroe Avenue, Rochester, 14607",restaurant,New York,US,No website listed on OpenStreetMap for this restaurant - potential web design / marketing lead.,2026-08-26
Agatina's Restaurant,+1-585-426-0510,"2967 Buffalo Road, Rochester, 14624",restaurant,New York,US,No website listed on OpenStreetMap for this restaurant - potential web design / marketing lead.,2026-08-26
Landmark Family Restaurant,+1-585-348-9177,"833 Fairport Road, East Rochester, 14445",restaurant,New York,US,No website listed on OpenStreetMap for this restaurant - potential web design / marketing lead.,2026-08-26
India House Express,+1 585-360-2955,"1340 Mount Hope Avenue, Rochester, 14620",restaurant,New York,US,No website listed on OpenStreetMap for this restaurant - potential web design / marketing lead.,2026-08-26
Valley Pizzeria,+1 845 268 3116,"4 Lake Ridge Plaza, Valley Cottage, 10989",restaurant,New York,US,No website listed on OpenStreetMap for this restaurant - potential web design / marketing lead.,2026-08-26
Buckleys Inn Between,+16317287197,"139 West Montauk Highway, Hampton Bays, 11946",restaurant,New York,US,No website listed on OpenStreetMap for this restaurant - potential web design / marketing lead.,2026-08-26
Pete's Bagels and Brunch,+1 631 325 8410,"587 Montauk Highway, Eastport, 11941",restaurant,New York,US,No website listed on OpenStreetMap for this restaurant - potential web design / marketing lead.,2026-08-26
Nobi Sushi,+1-212-481-8338,"437 3rd Avenue, New York, 10016",restaurant,New York,US,No website listed on OpenStreetMap for this restaurant - potential web design / marketing lead.,2026-08-26
Grande Pizza,+1 607-723-9011,"1250 Upper Front Street, Binghamton, 13901",restaurant,New York,US,No website listed on OpenStreetMap for this restaurant - potential web design / marketing lead.,2026-08-26
Pantheon,+1 607 757 0275,"1203 Monroe Street, Endicott, 13760",restaurant,New York,US,No website listed on OpenStreetMap for this restaurant - potential web design / marketing lead.,2026-08-26
Kristen's Kountry Kafe,+1-315-841-4774,"2684 Route 12B, Deansboro, 13328",restaurant,New York,US,No website listed on OpenStreetMap for this restaurant - potential web design / marketing lead.,2026-08-26
Marib Restaurant,+1 315-507-3888,"706 Varick Street, Utica, 13502",restaurant,New York,US,No website listed on OpenStreetMap for this restaurant - potential web design / marketing lead.,2026-08-26
Meeder's Restaurant,+1-716-736-7381,"19 East Main Street, Ripley, 14775",restaurant,New York,US,No website listed on OpenStreetMap for this restaurant - potential web design / marketing lead.,2026-08-26
Brazill's On Main,+1-716-326-2203,"7 East Main Street, Westfield, 14787",restaurant,New York,US,No website listed on OpenStreetMap for this restaurant - potential web design / marketing lead.,2026-08-26
Frida's Mexican Grill,+1 607-219-3261,"222 Elmira Road, Ithaca, 14850",restaurant,New York,US,No website listed on OpenStreetMap for this restaurant - potential web design / marketing lead.,2026-08-26
New Yokyo House,+1-914-963-1317,"782 Palisade Avenue, New York",restaurant,New York,US,No website listed on OpenStreetMap for this restaurant - potential web design / marketing lead.,2026-08-26
New China,+1-607-637-3528,"114 East Front Street, Hancock, 13783",restaurant,New York,US,No website listed on OpenStreetMap for this restaurant - potential web design / marketing lead.,2026-08-26
Coal Yard,+1-315-852-9932,"740 Railroad Street, DeRuyter, 13052",restaurant,New York,US,No website listed on OpenStreetMap for this restaurant - potential web design / marketing lead.,2026-08-26
Ere's Pizza Ristorante,+1 518-523-2997,"2439 Main Street, Lake Placid, 12946",restaurant,New York,US,No website listed on OpenStreetMap for this restaurant - potential web design / marketing lead.,2026-08-26
Old Fashioned Sub Shop,+1 585-243-9050,"4281 Genesee Valley Plaza, Geneseo, 14454",restaurant,New York,US,No website listed on OpenStreetMap for this restaurant - potential web design / marketing lead.,2026-08-26
Lawton Street Tavern,+1-914-355-2425,"47 Lawton Street, New Rochelle, 10801",restaurant,New York,US,No website listed on OpenStreetMap for this restaurant - potential web design / marketing lead.,2026-08-26
Milton's,+1-914-617-8235,"10 Frontage Street, Croton Falls, 10519",restaurant,New York,US,No website listed on OpenStreetMap for this restaurant - potential web design / marketing lead.,2026-08-26
Bacio Trattoria Restaurant,+1-914-763-2233,"12 North Salem Road, Cross River, 10518",restaurant,New York,US,No website listed on OpenStreetMap for this restaurant - potential web design / marketing lead.,2026-08-26
Hunan Noodle,+1 929 391 4633,New York,restaurant,New York,US,No website listed on OpenStreetMap for this restaurant - potential web design / marketing lead.,2026-08-26
Chang Ying,+18452278682,"985 Route 376, Wappingers Falls, 12590",restaurant,New York,US,No website listed on OpenStreetMap for this restaurant - potential web design / marketing lead.,2026-08-26
Thai Pot,+1 718 897 3898,"103-07 Queens Boulevard, New York",restaurant,New York,US,No website listed on OpenStreetMap for this restaurant - potential web design / marketing lead.,2026-08-26
China King,+1 718 997 8000,"101-19 Queens Boulevard, New York",restaurant,New York,US,No website listed on OpenStreetMap for this restaurant - potential web design / marketing lead.,2026-08-26
Lincoln Street Diner,+1-607-216-1616,"309 East Lincoln Street, Ithaca, 14850",restaurant,New York,US,No website listed on OpenStreetMap for this restaurant - potential web design / marketing lead.,2026-08-26
JK Wings & Fish,+1 718 880 2188,"107-50 Queens Boulevard, New York",restaurant,New York,US,No website listed on OpenStreetMap for this restaurant - potential web design / marketing lead.,2026-08-26
Feng’s Garden,+1 718 268 5536,"110-54 Queens Boulevard, New York",restaurant,New York,US,No website listed on OpenStreetMap for this restaurant - potential web design / marketing lead.,2026-08-26
New Pinang,+1 718 268 9135,"111-10, New York",restaurant,New York,US,No website listed on OpenStreetMap for this restaurant - potential web design / marketing lead.,2026-08-26
Sky Cafe,+1-718-651-9759,"86-20 Whitney Avenue, Elmhurst, 11373",restaurant,New York,US,No website listed on OpenStreetMap for this restaurant - potential web design / marketing lead.,2026-08-26
Stacked,+1 845 558 3535,"68-60 Queens Boulevard, New York",restaurant,New York,US,No website listed on OpenStreetMap for this restaurant - potential web design / marketing lead.,2026-08-26
Allison Restaurant,+1-845-684-5887,New York,restaurant,New York,US,No website listed on OpenStreetMap for this restaurant - potential web design / marketing lead.,2026-08-26
Chong Qing Noodle,+1 212 582 8866,"9th Avenue, New York",restaurant,New York,US,No website listed on OpenStreetMap for this restaurant - potential web design / marketing lead.,2026-08-26
Plado,+1-646-850-5151,"192 East 2nd Street, New York, 10009",restaurant,New York,US,No website listed on OpenStreetMap for this restaurant - potential web design / marketing lead.,2026-08-26
Shobu Sushi,+1-718-833-8345,New York,restaurant,New York,US,No website listed on OpenStreetMap for this restaurant - potential web design / marketing lead.,2026-08-26
Penelope's Mexican Bistro,+1-718-483-8105,New York,restaurant,New York,US,No website listed on OpenStreetMap for this restaurant - potential web design / marketing lead.,2026-08-26
Tato's Pizza,+1-718-621-3300,"8409 18th Avenue, Brooklyn, 11214",restaurant,New York,US,No website listed on OpenStreetMap for this restaurant - potential web design / marketing lead.,2026-08-26
Wattli Bar and Kitchen,+1-347-413-9790,"1505 Newkirk Avenue, New York",restaurant,New York,US,No website listed on OpenStreetMap for this restaurant - potential web design / marketing lead.,2026-08-26
Miguelito,+1 631 234 5914,New York,restaurant,New York,US,No website listed on OpenStreetMap for this restaurant - potential web design / marketing lead.,2026-08-26
Fuji,+1 718 263 3636,"113-27 Queens Boulevard, New York, 11375",restaurant,New York,US,No website listed on OpenStreetMap for this restaurant - potential web design / marketing lead.,2026-08-26
JJ EVA SPICE LLC,+1 845-481-4546,New York,restaurant,New York,US,No website listed on OpenStreetMap for this restaurant - potential web design / marketing lead.,2026-08-26
Austin House,+1 718 544 2276,"72-04 Austin Street, New York",restaurant,New York,US,No website listed on OpenStreetMap for this restaurant - potential web design / marketing lead.,2026-08-26
La Cabaña,+1-845-254-4966,New York,restaurant,New York,US,No website listed on OpenStreetMap for this restaurant - potential web design / marketing lead.,2026-08-26
New Ivoire,+1 212-410-5982,"76 East 119th Street, New York, 10035",restaurant,New York,US,No website listed on OpenStreetMap for this restaurant - potential web design / marketing lead.,2026-08-26
Zed Eats and Drinks,+1-347-413-6304,"675 Flatbush Avenue, Brooklyn, 11225",restaurant,New York,US,No website listed on OpenStreetMap for this restaurant - potential web design / marketing lead.,2026-08-26
Yue Xiang Ju,+1-718-331-8833,"7617 New Utrecht Avenue, Brooklyn, 11214",restaurant,New York,US,No website listed on OpenStreetMap for this restaurant - potential web design / marketing lead.,2026-08-26
El Castillo,+1-718-745-0649,New York,restaurant,New York,US,No website listed on OpenStreetMap for this restaurant - potential web design / marketing lead.,2026-08-26
Curry Heights,+1-718-260-9000,New York,restaurant,New York,US,No website listed on OpenStreetMap for this restaurant - potential web design / marketing lead.,2026-08-26
Ruben's,+1-718-331-8821,"1533 70th Street, New York",restaurant,New York,US,No website listed on OpenStreetMap for this restaurant - potential web design / marketing lead.,2026-08-26
China King,+1-718-256-1356,"6805 New Utrecht Avenue, New York",restaurant,New York,US,No website listed on OpenStreetMap for this restaurant - potential web design / marketing lead.,2026-08-26
Blue Agave,+1-718-758-5822,"7201 16th Avenue, New York",restaurant,New York,US,No website listed on OpenStreetMap for this restaurant - potential web design / marketing lead.,2026-08-26
Mr. Phil's Pizzeria,+1-718-234-4106,"7212 New Utrecht Avenue, New York",restaurant,New York,US,No website listed on OpenStreetMap for this restaurant - potential web design / marketing lead.,2026-08-26
Pizza Den,+1-718-837-1691,"8521 18th Avenue, Brooklyn, 11214",restaurant,New York,US,No website listed on OpenStreetMap for this restaurant - potential web design / marketing lead.,2026-08-26
Little Italy Pizzeria & Deli,+12123665566,"180 Varick Street, New York, 10014",restaurant,New York,US,No website listed on OpenStreetMap for this restaurant - potential web design / marketing lead.,2026-08-26
Souvlaki House,+1-607-273-1650,"315 Eddy Street, Ithaca, 14850",restaurant,New York,US,No website listed on OpenStreetMap for this restaurant - potential web design / marketing lead.,2026-08-26
China Taste,+1-845-225-3288,"1922 US-6, Carmel Hamlet, 10512",restaurant,New York,US,No website listed on OpenStreetMap for this restaurant - potential web design / marketing lead.,2026-08-26
Oba Grill 2,+1 718 339 0013,"104-02 Metropolitan Avenue, Flushing, 11375",restaurant,New York,US,No website listed on OpenStreetMap for this restaurant - potential web design / marketing lead.,2026-08-26
Sal's Famous Pizzeria,+16316613222,"128 North Carll Avenue, Babylon, 11702",restaurant,New York,US,No website listed on OpenStreetMap for this restaurant - potential web design / marketing lead.,2026-08-26
El Santo Taqueria Brooklyn,+1-718-366-3138,"1050 Flushing Avenue, New York",restaurant,New York,US,No website listed on OpenStreetMap for this restaurant - potential web design / marketing lead.,2026-08-26
Fu Lai No.1 Restaurant,+1-718-833-3853,"7023 Fort Hamilton Parkway, Brooklyn, 11228",restaurant,New York,US,No website listed on OpenStreetMap for this restaurant - potential web design / marketing lead.,2026-08-26
Happy Garden,+1-718-748-1113,"7211 3rd Avenue, New York",restaurant,New York,US,No website listed on OpenStreetMap for this restaurant - potential web design / marketing lead.,2026-08-26
Majestic Marquise,+1-718-738-1104,"New York, 11416",restaurant,New York,US,No website listed on OpenStreetMap for this restaurant - potential web design / marketing lead.,2026-08-26
Rosa's Pizza,+16469983044,"425 7th Avenue, New York, 10001",restaurant,New York,US,No website listed on OpenStreetMap for this restaurant - potential web design / marketing lead.,2026-08-26
Indian Curry Heights,+1-718-928-7707,"125 Ralph Avenue, Brooklyn, 11221",restaurant,New York,US,No website listed on OpenStreetMap for this restaurant - potential web design / marketing lead.,2026-08-26
Dream Station,+1-718-798-6936,"3809 White Plains Road, Bronx, 10467",restaurant,New York,US,No website listed on OpenStreetMap for this restaurant - potential web design / marketing lead.,2026-08-26
Shangerila,+1 718 828 3401,"2893 Buhre Avenue, Bronx, 10461",restaurant,New York,US,No website listed on OpenStreetMap for this restaurant - potential web design / marketing lead.,2026-08-26
Tana Thai,+1 718 684 1900,"1890 Eastchester Road, Bronx, 10461",restaurant,New York,US,No website listed on OpenStreetMap for this restaurant - potential web design / marketing lead.,2026-08-26
Crab Island Cajun Seafood Express,+1 718 828 8885,"2960 Middletown Road, Bronx, 10461",restaurant,New York,US,No website listed on OpenStreetMap for this restaurant - potential web design / marketing lead.,2026-08-26
Zara Pizza,+1 646-476-4450,"84 Hester Street, New York, 10002",restaurant,New York,US,No website listed on OpenStreetMap for this restaurant - potential web design / marketing lead.,2026-08-26
Rainbow Diner,+1 718 823 7715,"2197 White Plains Road, Bronx, 10462",restaurant,New York,US,No website listed on OpenStreetMap for this restaurant - potential web design / marketing lead.,2026-08-26
Side By Side Pizza & Burek,+1 718 324 3595,"769 Astor Avenue, Bronx, 10467",restaurant,New York,US,No website listed on OpenStreetMap for this restaurant - potential web design / marketing lead.,2026-08-26
Momo Sushi & Ramen,+1-718-282-8890,New York,restaurant,New York,US,No website listed on OpenStreetMap for this restaurant - potential web design / marketing lead.,2026-08-26
New Hong Wong Seafood,+1-212-226-8778,New York,restaurant,New York,US,No website listed on OpenStreetMap for this restaurant - potential web design / marketing lead.,2026-08-26
Edie Jo's,+1-914-229-3300,"630 Flatbush Avenue, New York, 11225",restaurant,New York,US,No website listed on OpenStreetMap for this restaurant - potential web design / marketing lead.,2026-08-26
Karibbean Krave,+1 718 673 6759,"65 Westchester Square, Bronx, 10461",restaurant,New York,US,No website listed on OpenStreetMap for this restaurant - potential web design / marketing lead.,2026-08-26
Vee's Restaurant,+1-718-363-3826,New York,restaurant,New York,US,No website listed on OpenStreetMap for this restaurant - potential web design / marketing lead.,2026-08-26
La Kueva,+17169364933,"1260 Hertel Avenue, Buffalo, 14216",restaurant,New York,US,No website listed on OpenStreetMap for this restaurant - potential web design / marketing lead.,2026-08-26
Shish Kabab Express,+17164471207,"1207 Hertel Avenue, Buffalo, 14216",restaurant,New York,US,No website listed on OpenStreetMap for this restaurant - potential web design / marketing lead.,2026-08-26
Kalypso Restaurant,+17168343663,"12 Winspear Avenue, Buffalo, 14214",restaurant,New York,US,No website listed on OpenStreetMap for this restaurant - potential web design / marketing lead.,2026-08-26
Tandoori Hut,+17169319343,"3171 Main Street, Buffalo, 14214",restaurant,New York,US,No website listed on OpenStreetMap for this restaurant - potential web design / marketing lead.,2026-08-26
Jimmy's Texas Hots,+17168776618,"2350 Delaware Avenue, Buffalo, 14216",restaurant,New York,US,No website listed on OpenStreetMap for this restaurant - potential web design / marketing lead.,2026-08-26
Parivaar Pub,+17162598028,"708 Elmwood Avenue, Buffalo, 14222",restaurant,New York,US,No website listed on OpenStreetMap for this restaurant - potential web design / marketing lead.,2026-08-26
Saketumi Asian Bistro,+1-718-855-8688,New York,restaurant,New York,US,No website listed on OpenStreetMap for this restaurant - potential web design / marketing lead.,2026-08-26
The Pizza Professor,+1 718 261 3338,New York,restaurant,New York,US,No website listed on OpenStreetMap for this restaurant - potential web design / marketing lead.,2026-08-26
Pronto,+1 718 366 1400,New York,restaurant,New York,US,No website listed on OpenStreetMap for this restaurant - potential web design / marketing lead.,2026-08-26
Fukuyama Sushi & Ramen,+1-718-782-1496,"622 Metropolitan Avenue, Brooklyn, 11211",restaurant,New York,US,No website listed on OpenStreetMap for this restaurant - potential web design / marketing lead.,2026-08-26
Angelo's,+1 718 386 4423,New York,restaurant,New York,US,No website listed on OpenStreetMap for this restaurant - potential web design / marketing lead.,2026-08-26
Saigon Cafe,+17168831252,"520 Elmwood Avenue, Buffalo, 14222",restaurant,New York,US,No website listed on OpenStreetMap for this restaurant - potential web design / marketing lead.,2026-08-26
Chinese Kitchen,+17168855121,"224 Elmwood Avenue, Buffalo, 14222",restaurant,New York,US,No website listed on OpenStreetMap for this restaurant - potential web design / marketing lead.,2026-08-26
Corelife Eatery,+1-518-704-4206,"129 Western Avenue, Albany, 12203",restaurant,New York,US,No website listed on OpenStreetMap for this restaurant - potential web design / marketing lead.,2026-08-26
Ting Hua,+1-718-852-6287,"351 Smith Street, Brooklyn, 11231",restaurant,New York,US,No website listed on OpenStreetMap for this restaurant - potential web design / marketing lead.,2026-08-26
Peasant Stock,+1 212-254-7687,"88 Essex Street, New York, 10002",restaurant,New York,US,No website listed on OpenStreetMap for this restaurant - potential web design / marketing lead.,2026-08-26
The Baobab Gouygui,+1-718-484-4866,New York,restaurant,New York,US,No website listed on OpenStreetMap for this restaurant - potential web design / marketing lead.,2026-08-26
Ristorante Caterina de' Medici,+1-845-451-1011,"1946 Campus Drive, Hyde Park, 12538",restaurant,New York,US,No website listed on OpenStreetMap for this restaurant - potential web design / marketing lead.,2026-08-26
El Buen Gusto Restaurant,+1-718-492-6001,"5201 4th Avenue, New York, 11220",restaurant,New York,US,No website listed on OpenStreetMap for this restaurant - potential web design / marketing lead.,2026-08-26
Fujiyama,+1-718-256-8188,"7307 13th Avenue, Brooklyn, 11228",restaurant,New York,US,No website listed on OpenStreetMap for this restaurant - potential web design / marketing lead.,2026-08-26
Eggsperience Vasilis Main St,+17164363533,"1526 Main Street, Buffalo, 14209",restaurant,New York,US,No website listed on OpenStreetMap for this restaurant - potential web design / marketing lead.,2026-08-26
Freda's Caribbean and Soul Cuisine,+1-917-409-3689,"993 Columbus Avenue, New York, 10025",restaurant,New York,US,No website listed on OpenStreetMap for this restaurant - potential web design / marketing lead.,2026-08-26
Doaba Deli,+1-212-222-2636,"945 Columbus Avenue, New York, 10025",restaurant,New York,US,No website listed on OpenStreetMap for this restaurant - potential web design / marketing lead.,2026-08-26
Boka,+1-212-228-2887,"9 Saint Marks Place, New York, 10003",restaurant,New York,US,No website listed on OpenStreetMap for this restaurant - potential web design / marketing lead.,2026-08-26
Double Chinese Restaurant,+1 718-592-7361; +1 718-760-1021,"53-16 108th Street, New York",restaurant,New York,US,No website listed on OpenStreetMap for this restaurant - potential web design / marketing lead.,2026-08-26
Matecana,+1 718-699-0660,"48-04 108th Street, New York",restaurant,New York,US,No website listed on OpenStreetMap for this restaurant - potential web design / marketing lead.,2026-08-26
Mama’s TOO!,+1-212-510-7256,"2750 Broadway, New York, 10025",restaurant,New York,US,No website listed on OpenStreetMap for this restaurant - potential web design / marketing lead.,2026-08-26
Oasis Jimma Juice Bar,+12019364432,"3163 Broadway, New York, 10027",restaurant,New York,US,No website listed on OpenStreetMap for this restaurant - potential web design / marketing lead.,2026-08-26
Peking Garden,+12128653600,"3163 Broadway, New York, 10027",restaurant,New York,US,No website listed on OpenStreetMap for this restaurant - potential web design / marketing lead.,2026-08-26
Alaturco Gyro,+1-518-309-3361,"142 Milton Avenue, Ballston Spa, 12020",restaurant,New York,US,No website listed on OpenStreetMap for this restaurant - potential web design / marketing lead.,2026-08-26
Bombay Heights,+1-718-230-7790,New York,restaurant,New York,US,No website listed on OpenStreetMap for this restaurant - potential web design / marketing lead.,2026-08-26
Thai 101,+1-718-855-8518,New York,restaurant,New York,US,No website listed on OpenStreetMap for this restaurant - potential web design / marketing lead.,2026-08-26
Mo's Place,+1-315-782-5503,"345 Factory Street, Watertown, 13601-2786",restaurant,New York,US,No website listed on OpenStreetMap for this restaurant - potential web design / marketing lead.,2026-08-26
Rinconcito Familiar,+1-347-987-3681,New York,restaurant,New York,US,No website listed on OpenStreetMap for this restaurant - potential web design / marketing lead.,2026-08-26
Jalepeños,+1-718-439-5647,New York,restaurant,New York,US,No website listed on OpenStreetMap for this restaurant - potential web design / marketing lead.,2026-08-26
Cantinflas Mexican Deli,+1 917-388-3881,"1916 3rd Avenue, New York, 10029",restaurant,New York,US,No website listed on OpenStreetMap for this restaurant - potential web design / marketing lead.,2026-08-26
Yi Ji Shi Mo,+16462336311,"88 Elizabeth Street, New York, 10013",restaurant,New York,US,No website listed on OpenStreetMap for this restaurant - potential web design / marketing lead.,2026-08-26
Oasis,+1-718-389-4680,New York,restaurant,New York,US,No website listed on OpenStreetMap for this restaurant - potential web design / marketing lead.,2026-08-26
Le Baobab Gouygui,+1 212-864-4700,"120 West 116th Street, New York, 10026",restaurant,New York,US,No website listed on OpenStreetMap for this restaurant - potential web design / marketing lead.,2026-08-26
Keur Coumba,+1 212-866-1551,"125 West 116th Street, New York, 10026",restaurant,New York,US,No website listed on OpenStreetMap for this restaurant - potential web design / marketing lead.,2026-08-26
Harlem Food CT,+1 212-722-7300,"66 West 116th Street, New York, 10026",restaurant,New York,US,No website listed on OpenStreetMap for this restaurant - potential web design / marketing lead.,2026-08-26
Beron Beron,+1 212-477-1005,"164 1st Avenue, New York, 10009",restaurant,New York,US,No website listed on OpenStreetMap for this restaurant - potential web design / marketing lead.,2026-08-26
Sabor A Mexico,+1 212-533-4002,"160 1st Avenue, New York, 10009",restaurant,New York,US,No website listed on OpenStreetMap for this restaurant - potential web design / marketing lead.,2026-08-26
Black Iris,+1-718-852-9800,New York,restaurant,New York,US,No website listed on OpenStreetMap for this restaurant - potential web design / marketing lead.,2026-08-26
E-MO,+1 212-594-1466,New York,restaurant,New York,US,No website listed on OpenStreetMap for this restaurant - potential web design / marketing lead.,2026-08-26
Hong Chun Cheon Dak Galbi,+1 212-695-7272,"2 West 32nd Street, New York, 10001",restaurant,New York,US,No website listed on OpenStreetMap for this restaurant - potential web design / marketing lead.,2026-08-26
Spice Lamb,+1-646-984-8768,"928 Amsterdam Avenue, New York, 10025",restaurant,New York,US,No website listed on OpenStreetMap for this restaurant - potential web design / marketing lead.,2026-08-26
Kamisama,+1-341-314-4341,"230 East 14th Street, New York, 10003",restaurant,New York,US,No website listed on OpenStreetMap for this restaurant - potential web design / marketing lead.,2026-08-26
Mattina's Pizzeria,+1 716 877 5949,"3744 Delaware Avenue, Buffalo, 14217",restaurant,New York,US,No website listed on OpenStreetMap for this restaurant - potential web design / marketing lead.,2026-08-26
Inase,+1 212-628-1238,"1586 1st Avenue, New York, 10028",restaurant,New York,US,No website listed on OpenStreetMap for this restaurant - potential web design / marketing lead.,2026-08-26
BRUJOS Brooklyn Taco Company,+1 718-388-8445,"333 Graham Avenue, New York, 11211",restaurant,New York,US,No website listed on OpenStreetMap for this restaurant - potential web design / marketing lead.,2026-08-26
Chef Toribio,+1 845-684-3360,"74-26 Jamaica Avenue, Woodhaven",restaurant,New York,US,No website listed on OpenStreetMap for this restaurant - potential web design / marketing lead.,2026-08-26
El Cabron Taqueria & Marisqueria,+1-646-964-5000,"26 Essex Street, New York, 10002",restaurant,New York,US,No website listed on OpenStreetMap for this restaurant - potential web design / marketing lead.,2026-08-26
Taqueria Guadalupe,+1 212-828-6520,"1743 Lexington Avenue, New York, 10029",restaurant,New York,US,No website listed on OpenStreetMap for this restaurant - potential web design / marketing lead.,2026-08-26
Pultneyville Deli,+13155890061,"4120 Lake Road, Williamson, 14589",restaurant,New York,US,No website listed on OpenStreetMap for this restaurant - potential web design / marketing lead.,2026-08-26
Pho Maiden Lane,+1 646-449-0247,"3 Maiden Lane, New York",restaurant,New York,US,No website listed on OpenStreetMap for this restaurant - potential web design / marketing lead.,2026-08-26
Mott Pho Bang,+1-212-966-3797,New York,restaurant,New York,US,No website listed on OpenStreetMap for this restaurant - potential web design / marketing lead.,2026-08-26
Zhang's Garden,+1-718-262-9888,"175-25 Jamaica Avenue, Jamaica, 11432",restaurant,New York,US,No website listed on OpenStreetMap for this restaurant - potential web design / marketing lead.,2026-08-26
Uncle Bill’s,+1 718 661 1770,"30-17 Stratton Street, Flushing, 11354",restaurant,New York,US,No website listed on OpenStreetMap for this restaurant - potential web design / marketing lead.,2026-08-26
Halal Grill Chichen,+1 718 321 1970,"30-1 Stratton Street, Flushing, 11354",restaurant,New York,US,No website listed on OpenStreetMap for this restaurant - potential web design / marketing lead.,2026-08-26
Amore Pizzeria & Restaurant,+1 718 445 0579,New York,restaurant,New York,US,No website listed on OpenStreetMap for this restaurant - potential web design / marketing lead.,2026-08-26
jajaja,+1-860-479-2872,"119 Kent Avenue, Brooklyn, 11249",restaurant,New York,US,No website listed on OpenStreetMap for this restaurant - potential web design / marketing lead.,2026-08-26
Il Posto,+1 718-241-4317,"7409 Avenue U, New York",restaurant,New York,US,No website listed on OpenStreetMap for this restaurant - potential web design / marketing lead.,2026-08-26
ZAZA,+1 646-864-0040,"104 Greenwich Street, New York",restaurant,New York,US,No website listed on OpenStreetMap for this restaurant - potential web design / marketing lead.,2026-08-26
Lutheran Halal Cafe,+1-718-567-8244,New York,restaurant,New York,US,No website listed on OpenStreetMap for this restaurant - potential web design / marketing lead.,2026-08-26
Wanka 11,+1-718-333-5516,"6803 3rd Avenue, New York, 11220",restaurant,New York,US,No website listed on OpenStreetMap for this restaurant - potential web design / marketing lead.,2026-08-26
Mayback's Deli,+1 716 835 0115,"1598 Niagara Falls Boulevard, Tonawanda, 14150",restaurant,New York,US,No website listed on OpenStreetMap for this restaurant - potential web design / marketing lead.,2026-08-26
Rare,+1-917-924-1818,"1005 Surf Avenue, Brooklyn, 11224",restaurant,New York,US,No website listed on OpenStreetMap for this restaurant - potential web design / marketing lead.,2026-08-26
Uncle Taher Restaurant,+1-718-808-8877,New York,restaurant,New York,US,No website listed on OpenStreetMap for this restaurant - potential web design / marketing lead.,2026-08-26
New Star,+1 718-891-6868,"605 Avenue Z, Brooklyn, 11223",restaurant,New York,US,No website listed on OpenStreetMap for this restaurant - potential web design / marketing lead.,2026-08-26
65 Kuho Sushi Hotpot,+1-718-232-5668,"1701 65th Street, Brooklyn, 11204",restaurant,New York,US,No website listed on OpenStreetMap for this restaurant - potential web design / marketing lead.,2026-08-26
Brooklyn Kabab,+1-929-292-2001,New York,restaurant,New York,US,No website listed on OpenStreetMap for this restaurant - potential web design / marketing lead.,2026-08-26
$1.50 Pizza,+1 917-388-3999,"177 East Houston Street, New York, 10002",restaurant,New York,US,No website listed on OpenStreetMap for this restaurant - potential web design / marketing lead.,2026-08-26
FuYuan Kitchen,+1-718-618-0963,"86th Street, Brooklyn, 11214",restaurant,New York,US,No website listed on OpenStreetMap for this restaurant - potential web design / marketing lead.,2026-08-26
Twisted Wings,+1-718-266-2433,New York,restaurant,New York,US,No website listed on OpenStreetMap for this restaurant - potential web design / marketing lead.,2026-08-26
Triple Red Inc,+1-718-483-9898,"86th Street, Brooklyn, 11214",restaurant,New York,US,No website listed on OpenStreetMap for this restaurant - potential web design / marketing lead.,2026-08-26
Kings Kitchen,+1-718-373-1188,"86th Street, Brooklyn, 11214",restaurant,New York,US,No website listed on OpenStreetMap for this restaurant - potential web design / marketing lead.,2026-08-26
Sea Salt,+1 917-261-4443,"1123 1st Avenue, New York",restaurant,New York,US,No website listed on OpenStreetMap for this restaurant - potential web design / marketing lead.,2026-08-26
La Vera Pizza,+1 212-826-8777,New York,restaurant,New York,US,No website listed on OpenStreetMap for this restaurant - potential web design / marketing lead.,2026-08-26
Keyes' Pancake House,+1-315-369-6752,"2967 State Highway 28, Old Forge, 13420",restaurant,New York,US,No website listed on OpenStreetMap for this restaurant - potential web design / marketing lead.,2026-08-26
El Rancho Grande,+1-718-439-1661,New York,restaurant,New York,US,No website listed on OpenStreetMap for this restaurant - potential web design / marketing lead.,2026-08-26
Keobi,+1-518-977-3991,"189 Lark Street, Albany, 12210-1306",restaurant,New York,US,No website listed on OpenStreetMap for this restaurant - potential web design / marketing lead.,2026-08-26
Mamoun's Restaurant,+1-518-434-3901,"206 Washington Avenue, Albany, 12210",restaurant,New York,US,No website listed on OpenStreetMap for this restaurant - potential web design / marketing lead.,2026-08-26
Encebollados El Idolo,+1-518-599-0005,"450 Madison Avenue, Albany, 12208-3949",restaurant,New York,US,No website listed on OpenStreetMap for this restaurant - potential web design / marketing lead.,2026-08-26
Seoul Ttukbaegi,+17187990994,"149-14 41st Avenue, Flushing, 11355",restaurant,New York,US,No website listed on OpenStreetMap for this restaurant - potential web design / marketing lead.,2026-08-26
Nai Restaurant,+1-716-856-0508,"302 Main Street, Buffalo, 14202",restaurant,New York,US,No website listed on OpenStreetMap for this restaurant - potential web design / marketing lead.,2026-08-26
Tawa Roti Dhaulagiri Food,+1 718-457-7766,"37-38 72nd Street, Jackson Heights, 11372",restaurant,New York,US,No website listed on OpenStreetMap for this restaurant - potential web design / marketing lead.,2026-08-26
Tacocat,+1-716-794-3235,New York,restaurant,New York,US,No website listed on OpenStreetMap for this restaurant - potential web design / marketing lead.,2026-08-26
El Mariachi Tapas,+1-518-465-2568,"271 Lark Street, Albany, 12210",restaurant,New York,US,No website listed on OpenStreetMap for this restaurant - potential web design / marketing lead.,2026-08-26
Emmanuel Thai Restaurant,+1-518-427-0200,"35 Maiden Lane, Albany, 12207",restaurant,New York,US,No website listed on OpenStreetMap for this restaurant - potential web design / marketing lead.,2026-08-26
Bangkok2,+1-212-473-4480,"349 1st Avenue, New York, 10010",restaurant,New York,US,No website listed on OpenStreetMap for this restaurant - potential web design / marketing lead.,2026-08-26
Grill 21,+1-212-473-5950,"346 East 21st Street, New York, 10010",restaurant,New York,US,No website listed on OpenStreetMap for this restaurant - potential web design / marketing lead.,2026-08-26
XOXO Kitchen and Diner,+1-518-930-7739,"883 Cypress Avenue, New York",restaurant,New York,US,No website listed on OpenStreetMap for this restaurant - potential web design / marketing lead.,2026-08-26
Delicia’s,+1 718 975 7066,"2419 Grand Concourse, New York",restaurant,New York,US,No website listed on OpenStreetMap for this restaurant - potential web design / marketing lead.,2026-08-26
N B Wing Wong,+1-646-490-7468,New York,restaurant,New York,US,No website listed on OpenStreetMap for this restaurant - potential web design / marketing lead.,2026-08-26
Hunan Cottage Restaurant,+1 718-998-7505,"293 Avenue X, Brooklyn, 11223",restaurant,New York,US,No website listed on OpenStreetMap for this restaurant - potential web design / marketing lead.,2026-08-26
Falada,+1 718-332-4040,"2007-2011 Emmons Avenue, New York",restaurant,New York,US,No website listed on OpenStreetMap for this restaurant - potential web design / marketing lead.,2026-08-26
Signature Restaurant,+1 718-332-4040,"2007 Emmons Avenue, New York",restaurant,New York,US,No website listed on OpenStreetMap for this restaurant - potential web design / marketing lead.,2026-08-26
Yuan Zai Bing,+1-929-480-8108,"104 Mott Street, New York, 10013",restaurant,New York,US,No website listed on OpenStreetMap for this restaurant - potential web design / marketing lead.,2026-08-26
Big John's,+1-718-965-1808,New York,restaurant,New York,US,No website listed on OpenStreetMap for this restaurant - potential web design / marketing lead.,2026-08-26
Taqueria El Maguey,+1-347-689-2287,New York,restaurant,New York,US,No website listed on OpenStreetMap for this restaurant - potential web design / marketing lead.,2026-08-26
Danny's Restaurant,+18453459882,"109 Main Street, Poughkeepsie, 12601",restaurant,New York,US,No website listed on OpenStreetMap for this restaurant - potential web design / marketing lead.,2026-08-26
Sylvia's,+18454737110,"105 Main Street, Poughkeepsie, 12601",restaurant,New York,US,No website listed on OpenStreetMap for this restaurant - potential web design / marketing lead.,2026-08-26
New Great Wall,+1 718-332-7333;+1 718-332-8257,"2932 Avenue X, Brooklyn, 11235",restaurant,New York,US,No website listed on OpenStreetMap for this restaurant - potential web design / marketing lead.,2026-08-26
Western Yunnan Rice Noodle,+1-347-855-2000,"337B New Dorp Lane, New York, 10306",restaurant,New York,US,No website listed on OpenStreetMap for this restaurant - potential web design / marketing lead.,2026-08-26
Grand Villa,+1-718-576-4924,New York,restaurant,New York,US,No website listed on OpenStreetMap for this restaurant - potential web design / marketing lead.,2026-08-26
Don Mario,+1-718-748-9099,New York,restaurant,New York,US,No website listed on OpenStreetMap for this restaurant - potential web design / marketing lead.,2026-08-26
Gemelli,+1 631 321 6392,New York,restaurant,New York,US,No website listed on OpenStreetMap for this restaurant - potential web design / marketing lead.,2026-08-26
Sunrise Diner,+1 718-886-4855,"45-04 Parsons Street, New York",restaurant,New York,US,No website listed on OpenStreetMap for this restaurant - potential web design / marketing lead.,2026-08-26
Pop's Diner,+1 718-463-7719,"44-29 Kissena, New York",restaurant,New York,US,No website listed on OpenStreetMap for this restaurant - potential web design / marketing lead.,2026-08-26
Castillo de Yaque,+1-718-439-5847,New York,restaurant,New York,US,No website listed on OpenStreetMap for this restaurant - potential web design / marketing lead.,2026-08-26
El Quetzalito,+1-347-384-2827,New York,restaurant,New York,US,No website listed on OpenStreetMap for this restaurant - potential web design / marketing lead.,2026-08-26
Tacos Tijuana,+1-718-492-4369,"5807 5th Avenue, New York, 11220",restaurant,New York,US,No website listed on OpenStreetMap for this restaurant - potential web design / marketing lead.,2026-08-26
King of Tandoor,+1-347-533-6811,New York,restaurant,New York,US,No website listed on OpenStreetMap for this restaurant - potential web design / marketing lead.,2026-08-26
Slowloris,+1-718-484-9799,"556 Flatbush Avenue, New York, 11225",restaurant,New York,US,No website listed on OpenStreetMap for this restaurant - potential web design / marketing lead.,2026-08-26
Bamboo Ya,+1 718 268 8388,"69-12 Austin Street, New York",restaurant,New York,US,No website listed on OpenStreetMap for this restaurant - potential web design / marketing lead.,2026-08-26
Plov Center,+1 347-462-4243,"3381 Shore Parkway, New York",restaurant,New York,US,No website listed on OpenStreetMap for this restaurant - potential web design / marketing lead.,2026-08-26
Shelley's,+1-845-425-3311,New York,restaurant,New York,US,No website listed on OpenStreetMap for this restaurant - potential web design / marketing lead.,2026-08-26
Lady Chow Kitchen,+1-212-343-9496,New York,restaurant,New York,US,No website listed on OpenStreetMap for this restaurant - potential web design / marketing lead.,2026-08-26
Nyonya,+1-212-334-3669,"199 Grand Street, New York, 10013",restaurant,New York,US,No website listed on OpenStreetMap for this restaurant - potential web design / marketing lead.,2026-08-26
Circle E Diner,+1 607 637 9905,"369 East Front Street, Hancock, 13783",restaurant,New York,US,No website listed on OpenStreetMap for this restaurant - potential web design / marketing lead.,2026-08-26
Gino's Trattoria & Bar,+1-347-663-5452,"548 Flatbush Avenue, New York, 11225",restaurant,New York,US,No website listed on OpenStreetMap for this restaurant - potential web design / marketing lead.,2026-08-26
Little Italy Pizza,+1-646-360-2346,"167 West 48th Street, New York, 10036",restaurant,New York,US,No website listed on OpenStreetMap for this restaurant - potential web design / marketing lead.,2026-08-26
Charlie's Place,+1 212-410-0277,New York,restaurant,New York,US,No website listed on OpenStreetMap for this restaurant - potential web design / marketing lead.,2026-08-26
Cafe Royale Restaurant,+1 718-401-4684,"553 Walton Avenue, New York",restaurant,New York,US,No website listed on OpenStreetMap for this restaurant - potential web design / marketing lead.,2026-08-26
Jimbo's Hamburger Palace,+1 212-283-5050,"703 Malcolm X Boulevard, New York",restaurant,New York,US,No website listed on OpenStreetMap for this restaurant - potential web design / marketing lead.,2026-08-26
"Golden ""Z""",+1-718-382-4328,New York,restaurant,New York,US,No website listed on OpenStreetMap for this restaurant - potential web design / marketing lead.,2026-08-26
Wing Yum Lin's,+1 718 805 9868,New York,restaurant,New York,US,No website listed on OpenStreetMap for this restaurant - potential web design / marketing lead.,2026-08-26
El Riconcito Paisa 4,+1-718-880-2733,New York,restaurant,New York,US,No website listed on OpenStreetMap for this restaurant - potential web design / marketing lead.,2026-08-26
Golden Fountain,+1 718-441-5000,"116-16 Metropolitan Avenue, New York",restaurant,New York,US,No website listed on OpenStreetMap for this restaurant - potential web design / marketing lead.,2026-08-26
Spolini's,+1 718-805-5852,"116-25 Metropolitan Avenue, New York",restaurant,New York,US,No website listed on OpenStreetMap for this restaurant - potential web design / marketing lead.,2026-08-26
La Casa del Mariachi,+1 347-561-3227,"116-03 Metropolitan Avenue, New York",restaurant,New York,US,No website listed on OpenStreetMap for this restaurant - potential web design / marketing lead.,2026-08-26
New China Fresh Restaurant,+1 718-849-1888,"119-24 Metropolitan Avenue, New York",restaurant,New York,US,No website listed on OpenStreetMap for this restaurant - potential web design / marketing lead.,2026-08-26
Nuria's Restaurant,+1 718-206-2181,"138-16 Jamaica Avenue, New York",restaurant,New York,US,No website listed on OpenStreetMap for this restaurant - potential web design / marketing lead.,2026-08-26
El Rinconcito,+1-718-206-2514,"89-07 139th Street, New York",restaurant,New York,US,No website listed on OpenStreetMap for this restaurant - potential web design / marketing lead.,2026-08-26
CJ Caribbean Cuisine & Cafe,+1-347-442-1400,New York,restaurant,New York,US,No website listed on OpenStreetMap for this restaurant - potential web design / marketing lead.,2026-08-26
Cielito Lindo Bistro,+1-347-425-1140,"665 Nostrand Avenue, New York, 11216",restaurant,New York,US,No website listed on OpenStreetMap for this restaurant - potential web design / marketing lead.,2026-08-26
Radici,+1 718 535 5663,"100-11 Metropolitan Avenue, New York",restaurant,New York,US,No website listed on OpenStreetMap for this restaurant - potential web design / marketing lead.,2026-08-26
El Comedor,+1-347-599-0211,New York,restaurant,New York,US,No website listed on OpenStreetMap for this restaurant - potential web design / marketing lead.,2026-08-26
Yemen Unity Restaurant,+1-718-333-5708,New York,restaurant,New York,US,No website listed on OpenStreetMap for this restaurant - potential web design / marketing lead.,2026-08-26
Bar Mario,+1-631-616-5695,"365 Van Brunt Street, Brooklyn, 11231",restaurant,New York,US,No website listed on OpenStreetMap for this restaurant - potential web design / marketing lead.,2026-08-26
XinLa GongFu Spicy Hot Pot,+1 917-981-0877,"35-48 Union Street, Flushing, 11355",restaurant,New York,US,No website listed on OpenStreetMap for this restaurant - potential web design / marketing lead.,2026-08-26
Dun Huang,+1-347-396-5873,"27-23 Jackson Avenue, Long Island City, 11101",restaurant,New York,US,No website listed on OpenStreetMap for this restaurant - potential web design / marketing lead.,2026-08-26
Casa Vieja Restaurant,+1-718-439-3502,New York,restaurant,New York,US,No website listed on OpenStreetMap for this restaurant - potential web design / marketing lead.,2026-08-26
Sushi Time,+1 718 261 0111,"72-42 Austin Street, Forest Hills, 11375",restaurant,New York,US,No website listed on OpenStreetMap for this restaurant - potential web design / marketing lead.,2026-08-26
Tamashii Ramen,+1 718 261 0725,"71-34 Austin Street, New York",restaurant,New York,US,No website listed on OpenStreetMap for this restaurant - potential web design / marketing lead.,2026-08-26
Cooper Town Diner,+1-212-677-9287,New York,restaurant,New York,US,No website listed on OpenStreetMap for this restaurant - potential web design / marketing lead.,2026-08-26
Lebanese Eatery,+1 718-556-5556,"1686 Forest Avenue, Staten Island, 10302",restaurant,New York,US,No website listed on OpenStreetMap for this restaurant - potential web design / marketing lead.,2026-08-26
Fukurou,+1-347-240-1637,New York,restaurant,New York,US,No website listed on OpenStreetMap for this restaurant - potential web design / marketing lead.,2026-08-26
Hills Kitchen,+1-929-480-8775,New York,restaurant,New York,US,No website listed on OpenStreetMap for this restaurant - potential web design / marketing lead.,2026-08-26
Mikawa,+1-718-866-8090,New York,restaurant,New York,US,No website listed on OpenStreetMap for this restaurant - potential web design / marketing lead.,2026-08-26
Lucky Chinese,+1-718-779-1350;+1-718-779-1338,"69th Street, Queens",restaurant,New York,US,No website listed on OpenStreetMap for this restaurant - potential web design / marketing lead.,2026-08-26
Anchor Cafe,+1 718-756-4500,"2127 Neptune Avenue, New York",restaurant,New York,US,No website listed on OpenStreetMap for this restaurant - potential web design / marketing lead.,2026-08-26
Meet Fresh,+1-914-829-8850,"44-46 23rd Street, Long Island City, 11101",restaurant,New York,US,No website listed on OpenStreetMap for this restaurant - potential web design / marketing lead.,2026-08-26
La Catrina,+1 347-531-0699,"52-75 65th Place, Maspeth, 11378",restaurant,New York,US,No website listed on OpenStreetMap for this restaurant - potential web design / marketing lead.,2026-08-26
Yemen Cafe,+1-718-745-3000,New York,restaurant,New York,US,No website listed on OpenStreetMap for this restaurant - potential web design / marketing lead.,2026-08-26
Golden Express Chinese Kitchen,+16313853383,"66 Broadhollow Road, Melville, 11747",restaurant,New York,US,No website listed on OpenStreetMap for this restaurant - potential web design / marketing lead.,2026-08-26
Ja Moy Kitchen & Bar,+1 6465900122,"208 Thompson Street, New York, 10012",restaurant,New York,US,No website listed on OpenStreetMap for this restaurant - potential web design / marketing lead.,2026-08-26
Chongqing Lao Zao,+1-917-563-7171,"37-04 Prince Street, Flushing, 11354",restaurant,New York,US,No website listed on OpenStreetMap for this restaurant - potential web design / marketing lead.,2026-08-26
Mike's Royal Diner,+1-718-745-3444,New York,restaurant,New York,US,No website listed on OpenStreetMap for this restaurant - potential web design / marketing lead.,2026-08-26
Soul Of Palestine NYC,+1-718-333-5580,"7626;7626 5th Ave 5th Avenue;76th Street, New York, 11209",restaurant,New York,US,No website listed on OpenStreetMap for this restaurant - potential web design / marketing lead.,2026-08-26
Tanoshii,+1-929-345-2059,New York,restaurant,New York,US,No website listed on OpenStreetMap for this restaurant - potential web design / marketing lead.,2026-08-26
Verona Ristorante,+1 516 249 0000,"1255 Melville Road, Farmingdale, 11735",restaurant,New York,US,No website listed on OpenStreetMap for this restaurant - potential web design / marketing lead.,2026-08-26
Kazan,+1 347 233 3461,"104-09 Metropolitan Avenue, New York",restaurant,New York,US,No website listed on OpenStreetMap for this restaurant - potential web design / marketing lead.,2026-08-26
Big Wong,+1-929-489-3539,"135 North 5th Street, Brooklyn, 11249",restaurant,New York,US,No website listed on OpenStreetMap for this restaurant - potential web design / marketing lead.,2026-08-26
New Northern Manor,+1-718-281-1500,"251-15 Northern Boulevard, New York, 11362",restaurant,New York,US,No website listed on OpenStreetMap for this restaurant - potential web design / marketing lead.,2026-08-26
Crew Restaurant and Bar,+1-845-462-8900,New York,restaurant,New York,US,No website listed on OpenStreetMap for this restaurant - potential web design / marketing lead.,2026-08-26
Outback Steakhouse,+1-718-819-0908,"23-48 Bell Boulevard, Bayside, 11360",restaurant,New York,US,No website listed on OpenStreetMap for this restaurant - potential web design / marketing lead.,2026-08-26
Panda,+1-518-434-2686,"143 Central Avenue, Albany, 12206-2902",restaurant,New York,US,No website listed on OpenStreetMap for this restaurant - potential web design / marketing lead.,2026-08-26
Hott Stuff N' Butta,+1-518-650-7767,"214 Central Avenue, Albany, 12206-2610",restaurant,New York,US,No website listed on OpenStreetMap for this restaurant - potential web design / marketing lead.,2026-08-26
Halal BBQ House,+1-518-449-9000,"295 Central Avenue, Albany, 12206-2508",restaurant,New York,US,No website listed on OpenStreetMap for this restaurant - potential web design / marketing lead.,2026-08-26
Irie Vybez,+1-518-487-4844,"313 Central Avenue, Albany, 12206-2508",restaurant,New York,US,No website listed on OpenStreetMap for this restaurant - potential web design / marketing lead.,2026-08-26
Hyodonggak,+1-212-695-6674,"51 35th street west, New York",restaurant,New York,US,No website listed on OpenStreetMap for this restaurant - potential web design / marketing lead.,2026-08-26
Sabor Latino,+1-718-302-3935,New York,restaurant,New York,US,No website listed on OpenStreetMap for this restaurant - potential web design / marketing lead.,2026-08-26
Lily Thai,+1-718-718-7534,"615 Grand Street, New York, 11211",restaurant,New York,US,No website listed on OpenStreetMap for this restaurant - potential web design / marketing lead.,2026-08-26
La Chacra,+1-929-295-8884,"613 Grand Street, New York, 11211",restaurant,New York,US,No website listed on OpenStreetMap for this restaurant - potential web design / marketing lead.,2026-08-26
The Ranch of the Compadres,+1 212-569-9106,New York,restaurant,New York,US,No website listed on OpenStreetMap for this restaurant - potential web design / marketing lead.,2026-08-26
El Valle Seafood Restaurant,+1 646-344-1475,"588 Lenox Avenue, New York",restaurant,New York,US,No website listed on OpenStreetMap for this restaurant - potential web design / marketing lead.,2026-08-26
Texas Rotisserie Grill & BBQ,+1 212-396-0700,"1315 1st Avenue, New York",restaurant,New York,US,No website listed on OpenStreetMap for this restaurant - potential web design / marketing lead.,2026-08-26
Momokawa,+1 212-256-0403,"1466 1st Avenue, New York, 10075",restaurant,New York,US,No website listed on OpenStreetMap for this restaurant - potential web design / marketing lead.,2026-08-26
Golden Owls,+15857970409,"85-04 Grand Avenue, Elmhurst, 11373",restaurant,New York,US,No website listed on OpenStreetMap for this restaurant - potential web design / marketing lead.,2026-08-26
Sasabune,+1 212-249-8583,"401 East 73rd Street, New York, 10021",restaurant,New York,US,No website listed on OpenStreetMap for this restaurant - potential web design / marketing lead.,2026-08-26
Dainty's Jamaican Kitchen,+1-518-898-9093,"160 Quail Street, Albany, 12203-1273",restaurant,New York,US,No website listed on OpenStreetMap for this restaurant - potential web design / marketing lead.,2026-08-26
PJ's Pizzeria,+1-518-449-5460,"27 Ontario Street, Albany, 12206-2426",restaurant,New York,US,No website listed on OpenStreetMap for this restaurant - potential web design / marketing lead.,2026-08-26
China Restaurant,+1 718-498-5108,"937 Utica Avenue, New York",restaurant,New York,US,No website listed on OpenStreetMap for this restaurant - potential web design / marketing lead.,2026-08-26
Waku Waku,+1-347-584-4577,New York,restaurant,New York,US,No website listed on OpenStreetMap for this restaurant - potential web design / marketing lead.,2026-08-26
U & I Restaurant,+1-718-435-7332,"4409 18th Avenue, New York, 11230",restaurant,New York,US,No website listed on OpenStreetMap for this restaurant - potential web design / marketing lead.,2026-08-26
Island Wok,+1-718-966-9888;+1-718-966-9801,New York,restaurant,New York,US,No website listed on OpenStreetMap for this restaurant - potential web design / marketing lead.,2026-08-26
East Wok,+1-518-745-5975,"175 Broad Street, Glens Falls, 12801",restaurant,New York,US,No website listed on OpenStreetMap for this restaurant - potential web design / marketing lead.,2026-08-26
Gooney Village,+1 315-548-3870,"1930 State Highway 96, Phelps, 14532",restaurant,New York,US,No website listed on OpenStreetMap for this restaurant - potential web design / marketing lead.,2026-08-26
Ankara 1,+1 718 336 0010,"1425 Kings Highway, Brooklyn, 11229",restaurant,New York,US,No website listed on OpenStreetMap for this restaurant - potential web design / marketing lead.,2026-08-26
El Nuevo Caridad,+1 212-860-8187,"248 East 116th Street, New York",restaurant,New York,US,No website listed on OpenStreetMap for this restaurant - potential web design / marketing lead.,2026-08-26
Ollin,+1 914-485-7511,"2108 2nd Avenue, New York",restaurant,New York,US,No website listed on OpenStreetMap for this restaurant - potential web design / marketing lead.,2026-08-26
Zara Arthur Mediterranean Cuisine,+1-929-635-1500,"854 Arthur Kill Road, Staten Island, 10312",restaurant,New York,US,No website listed on OpenStreetMap for this restaurant - potential web design / marketing lead.,2026-08-26
The Lunch Box,+1-646-410-0056,"3 East 53rd Street, New York, 10022",restaurant,New York,US,No website listed on OpenStreetMap for this restaurant - potential web design / marketing lead.,2026-08-26
Gakyizompe,+1-917-244-1287,"47-11 47th Avenue, Woodside, 11377",restaurant,New York,US,No website listed on OpenStreetMap for this restaurant - potential web design / marketing lead.,2026-08-26
Thai Orchid Cafe,+1-716-565-2094,"416 Evans Street, Buffalo, 14221",restaurant,New York,US,No website listed on OpenStreetMap for this restaurant - potential web design / marketing lead.,2026-08-26
Old Xi'an Delicacy,+1-212-797-5338,New York,restaurant,New York,US,No website listed on OpenStreetMap for this restaurant - potential web design / marketing lead.,2026-08-26
Conway Diner,+1-212-228-6868,New York,restaurant,New York,US,No website listed on OpenStreetMap for this restaurant - potential web design / marketing lead.,2026-08-26
Eim Khao Mun Kai,+1-718-424-7156,"81-32 Broadway, New York, 11373",restaurant,New York,US,No website listed on OpenStreetMap for this restaurant - potential web design / marketing lead.,2026-08-26
Shing Wong Kitchen,+1 516678 8833,"182C Maple Avenue, New York",restaurant,New York,US,No website listed on OpenStreetMap for this restaurant - potential web design / marketing lead.,2026-08-26
Arepalicious,+1 516 600 9499,"182B Maple Avenue, New York",restaurant,New York,US,No website listed on OpenStreetMap for this restaurant - potential web design / marketing lead.,2026-08-26
Nelly Latin Restaurant at Newburgh,+1 845-570-5175,"60 North Plank Road, Newburgh",restaurant,New York,US,No website listed on OpenStreetMap for this restaurant - potential web design / marketing lead.,2026-08-26
Bareburger,+1-212-679-2273,"430 3rd Avenue, New York, 10016",restaurant,New York,US,No website listed on OpenStreetMap for this restaurant - potential web design / marketing lead.,2026-08-26
Pizza Bella,+1-718-507-1009,"81-30 Broadway, New York, 11373",restaurant,New York,US,No website listed on OpenStreetMap for this restaurant - potential web design / marketing lead.,2026-08-26
Villa Rustica Ristorante,+1-718-479-5410,"73-32 Bell Boulevard, Queens, 11364",restaurant,New York,US,No website listed on OpenStreetMap for this restaurant - potential web design / marketing lead.,2026-08-26
Angel's Latin Restaurant II,+1-845-514-2876,New York,restaurant,New York,US,No website listed on OpenStreetMap for this restaurant - potential web design / marketing lead.,2026-08-26
Cara Mia,+1-212-506-0448,"220-20 Hillside Avenue, Queens Village, 11427",restaurant,New York,US,No website listed on OpenStreetMap for this restaurant - potential web design / marketing lead.,2026-08-26
Casa Maya,+1 646,"2026 2nd Avenue, New York, 10029",restaurant,New York,US,No website listed on OpenStreetMap for this restaurant - potential web design / marketing lead.,2026-08-26
Shirazi Kebab House,+1-718-886-2940,"183-10 Horace Harding Expressway, Fresh Meadows, 11365",restaurant,New York,US,No website listed on OpenStreetMap for this restaurant - potential web design / marketing lead.,2026-08-26
Chicken N Shakes,+1-718-650-5559,"183-16 Horace Harding Expressway, Fresh Meadows, 11365",restaurant,New York,US,No website listed on OpenStreetMap for this restaurant - potential web design / marketing lead.,2026-08-26
Pho Choice,+1-718-321-6688,"184-22 Horace Harding Expressway, Fresh Meadows, 11365",restaurant,New York,US,No website listed on OpenStreetMap for this restaurant - potential web design / marketing lead.,2026-08-26
King Wok,+1-718-321-0600,"184-20 Horace Harding Expressway, Fresh Meadows, 11365",restaurant,New York,US,No website listed on OpenStreetMap for this restaurant - potential web design / marketing lead.,2026-08-26
Tokyo,+1-718-463-2999,"184-12 Horace Harding Expressway, Fresh Meadows, 11365",restaurant,New York,US,No website listed on OpenStreetMap for this restaurant - potential web design / marketing lead.,2026-08-26
Lourdes Mexican Grill,+1 516-624-9045,"98 South Street, New York",restaurant,New York,US,No website listed on OpenStreetMap for this restaurant - potential web design / marketing lead.,2026-08-26
Baby John's Pizzeria,+1 212-219-2223,"191 Grand Street, New York",restaurant,New York,US,No website listed on OpenStreetMap for this restaurant - potential web design / marketing lead.,2026-08-26
Toreore,+1-914-219-4242,"371 Central Avenue, New York, 10530",restaurant,New York,US,No website listed on OpenStreetMap for this restaurant - potential web design / marketing lead.,2026-08-26
Mala Town,+1-212-531-1130,"939 Amsterdam Avenue, New York, 10025",restaurant,New York,US,No website listed on OpenStreetMap for this restaurant - potential web design / marketing lead.,2026-08-26
CM Chicken,+1 646-429-9028,"1764 1st Avenue, New York",restaurant,New York,US,No website listed on OpenStreetMap for this restaurant - potential web design / marketing lead.,2026-08-26
Panajachel Solola,+1-718-576-3433,New York,restaurant,New York,US,No website listed on OpenStreetMap for this restaurant - potential web design / marketing lead.,2026-08-26
Mi Espiguita,+1 718-777-1993,"32-44 31st Street, New York",restaurant,New York,US,No website listed on OpenStreetMap for this restaurant - potential web design / marketing lead.,2026-08-26
Antojitos Mexicanos,+1 212-568-8800,"511 West 181st Street, New York",restaurant,New York,US,No website listed on OpenStreetMap for this restaurant - potential web design / marketing lead.,2026-08-26
Fukuoka Shabu Shabu,+1-718-631-3131,"61-02 Springfield Boulevard, Oakland Gardens, 11364",restaurant,New York,US,No website listed on OpenStreetMap for this restaurant - potential web design / marketing lead.,2026-08-26
Gino's Pizzeria,+1-718-225-1475,"61-32 Springfield Boulevard, Oakland Gardens, 11364",restaurant,New York,US,No website listed on OpenStreetMap for this restaurant - potential web design / marketing lead.,2026-08-26
FamiLi,+1-718-229-3666,"220-12 Horace Harding Expressway, Oakland Gardens, 11364",restaurant,New York,US,No website listed on OpenStreetMap for this restaurant - potential web design / marketing lead.,2026-08-26
Dim Sum Bloom,+1-212-222-1216,"2596 Broadway, New York, 10025",restaurant,New York,US,No website listed on OpenStreetMap for this restaurant - potential web design / marketing lead.,2026-08-26
Coma Bueno,+1-212-665-4552,"944 Columbus Avenue, New York, 10025",restaurant,New York,US,No website listed on OpenStreetMap for this restaurant - potential web design / marketing lead.,2026-08-26
Dunya Kabab House,+1-718-483-8451,"696 Coney Island Avenue, Brooklyn, 11218",restaurant,New York,US,No website listed on OpenStreetMap for this restaurant - potential web design / marketing lead.,2026-08-26
Okinii,+1-516-504-3615,"New York, 10012",restaurant,New York,US,No website listed on OpenStreetMap for this restaurant - potential web design / marketing lead.,2026-08-26
Los Tres Chiflados,+1-347-350-6152,New York,restaurant,New York,US,No website listed on OpenStreetMap for this restaurant - potential web design / marketing lead.,2026-08-26
Sally's Restaurant,+1-718-210-2526,New York,restaurant,New York,US,No website listed on OpenStreetMap for this restaurant - potential web design / marketing lead.,2026-08-26
Tuscan Hills,+1 718 487 4500,"110-60 Queens Boulevard, New York",restaurant,New York,US,No website listed on OpenStreetMap for this restaurant - potential web design / marketing lead.,2026-08-26
Nine Thai,+1 718 575 0983,"110-70 Queens Boulevard, New York",restaurant,New York,US,No website listed on OpenStreetMap for this restaurant - potential web design / marketing lead.,2026-08-26
Panda Garden,+1 718 380 4900,"147-01 Union Turnpike, New York",restaurant,New York,US,No website listed on OpenStreetMap for this restaurant - potential web design / marketing lead.,2026-08-26
Toribio Restaurant,+1-718-235-1012,New York,restaurant,New York,US,No website listed on OpenStreetMap for this restaurant - potential web design / marketing lead.,2026-08-26
Riko Peruvian Cuisine,+1 718-361-5721,"45-23 Greenpoint Avenue, New York, 11104",restaurant,New York,US,No website listed on OpenStreetMap for this restaurant - potential web design / marketing lead.,2026-08-26
Hui Restaurant & Bar,+1-646-869-0396,"314 East 70th Street, New York",restaurant,New York,US,No website listed on OpenStreetMap for this restaurant - potential web design / marketing lead.,2026-08-26
Mala Project,+1-917-261-7520,New York,restaurant,New York,US,No website listed on OpenStreetMap for this restaurant - potential web design / marketing lead.,2026-08-26
Mikado,+1-718-559-0088,"116-09 Metropolitan Avenue, Richmond Hill, 11418",restaurant,New York,US,No website listed on OpenStreetMap for this restaurant - potential web design / marketing lead.,2026-08-26
King Food Chen,+1-212-787-1888,"489 Amsterdam Avenue, New York, 10024",restaurant,New York,US,No website listed on OpenStreetMap for this restaurant - potential web design / marketing lead.,2026-08-26
Bamboo Sushi,+1 212-396-1111,"1280 1st Avenue, New York",restaurant,New York,US,No website listed on OpenStreetMap for this restaurant - potential web design / marketing lead.,2026-08-26
Floribella Bakery & Restaurant,+1-347-808-0070,"45-12 43rd Avenue, New York, 11104",restaurant,New York,US,No website listed on OpenStreetMap for this restaurant - potential web design / marketing lead.,2026-08-26
Caspiy Restaurant,+1 718-616-1399,"1309 Avenue Z, New York",restaurant,New York,US,No website listed on OpenStreetMap for this restaurant - potential web design / marketing lead.,2026-08-26
Wing Wah,+1-212-427-8068,"2308 1st Avenue, New York, 10035",restaurant,New York,US,No website listed on OpenStreetMap for this restaurant - potential web design / marketing lead.,2026-08-26
Mister Chicken II,+1 347-330-6381,"44-54 21st Street, New York",restaurant,New York,US,No website listed on OpenStreetMap for this restaurant - potential web design / marketing lead.,2026-08-26
Lim’s Kitchen,+19294633172,"45-13 Broadway, Astoria, 11103",restaurant,New York,US,No website listed on OpenStreetMap for this restaurant - potential web design / marketing lead.,2026-08-26
Havana Heights,+1 646-590-9734,New York,restaurant,New York,US,No website listed on OpenStreetMap for this restaurant - potential web design / marketing lead.,2026-08-26
Kensi Thai,+1 646-850-0083,"2528 Adam Clayton Powell Boulevard, New York",restaurant,New York,US,No website listed on OpenStreetMap for this restaurant - potential web design / marketing lead.,2026-08-26
Peking,+1-718-468-8888,"91-11 Springfield Boulevard, Queens Village, 11428",restaurant,New York,US,No website listed on OpenStreetMap for this restaurant - potential web design / marketing lead.,2026-08-26
Rice & Beans Restaurant,+1-718-740-0265,"91-09 Springfield Boulevard, Queens Village, 11428",restaurant,New York,US,No website listed on OpenStreetMap for this restaurant - potential web design / marketing lead.,2026-08-26
Mina's Kitchenette,+1-718-465-2777,"90-49 Springfield Boulevard, Queens Village, 11428",restaurant,New York,US,No website listed on OpenStreetMap for this restaurant - potential web design / marketing lead.,2026-08-26
Susukino Ramen,+1 212-884-6191,"34 Water Street, New York",restaurant,New York,US,No website listed on OpenStreetMap for this restaurant - potential web design / marketing lead.,2026-08-26
Delizia,+1 212-517-8888,"1374 1st Avenue, New York",restaurant,New York,US,No website listed on OpenStreetMap for this restaurant - potential web design / marketing lead.,2026-08-26
Island Grill,+1-917-965-2027,"576 West 125th Street, New York, 10027",restaurant,New York,US,No website listed on OpenStreetMap for this restaurant - potential web design / marketing lead.,2026-08-26
Khan Tong Thai Kitchen,+1 718-524-9437,"57-17 Roosevelt Avenue, New York",restaurant,New York,US,No website listed on OpenStreetMap for this restaurant - potential web design / marketing lead.,2026-08-26
Mis Tierras Colombianas,+1 718-672-7272,"54-08 Roosevelt Avenue, New York",restaurant,New York,US,No website listed on OpenStreetMap for this restaurant - potential web design / marketing lead.,2026-08-26
La Flor,+1 718-426-8023,New York,restaurant,New York,US,No website listed on OpenStreetMap for this restaurant - potential web design / marketing lead.,2026-08-26
New China,+1 718-672-5300,"58-14 Roosevelt Avenue, New York",restaurant,New York,US,No website listed on OpenStreetMap for this restaurant - potential web design / marketing lead.,2026-08-26
Island Bamboo,+1-518-977-3035,"851 Madison Avenue, Albany, 12208",restaurant,New York,US,No website listed on OpenStreetMap for this restaurant - potential web design / marketing lead.,2026-08-26
Express Chicken and Gyro,+1-518-818-0764,"848 Madison Avenue, Albany, 12208",restaurant,New York,US,No website listed on OpenStreetMap for this restaurant - potential web design / marketing lead.,2026-08-26
Cafe Kiskeya,+1-718-343-1170,"271-11 Union Turnpike, New Hyde Park, 11040",restaurant,New York,US,No website listed on OpenStreetMap for this restaurant - potential web design / marketing lead.,2026-08-26
Green Olive,+1-718-962-2365,"271-11 Union Turnpike, New Hyde Park, 11040",restaurant,New York,US,No website listed on OpenStreetMap for this restaurant - potential web design / marketing lead.,2026-08-26
Pho 60,+1-718-885-7722,"1001 60th Street, Brooklyn, 11219",restaurant,New York,US,No website listed on OpenStreetMap for this restaurant - potential web design / marketing lead.,2026-08-26
Anthony's Catering,+1 845-227-4557,New York,restaurant,New York,US,No website listed on OpenStreetMap for this restaurant - potential web design / marketing lead.,2026-08-26
Marcela Cocina Mexicana,+1-845-867-4209,"7121 Fort Hamilton Parkway, Brooklyn, 11228",restaurant,New York,US,No website listed on OpenStreetMap for this restaurant - potential web design / marketing lead.,2026-08-26
Kabayan,+1-718-380-0802,"161-18 Union Turnpike, Fresh Meadows, 11366",restaurant,New York,US,No website listed on OpenStreetMap for this restaurant - potential web design / marketing lead.,2026-08-26
My Food House,+1-929-320-0555,"6 Eldridge Street, New York, 10002",restaurant,New York,US,No website listed on OpenStreetMap for this restaurant - potential web design / marketing lead.,2026-08-26
Rong Hang,+1-212-625-8999;+1-212-625-8555,"38 Eldridge Street, New York, 10002",restaurant,New York,US,No website listed on OpenStreetMap for this restaurant - potential web design / marketing lead.,2026-08-26
Carol's Bun,+1 212-566-0203,"139 East Broadway, New York, 10002",restaurant,New York,US,No website listed on OpenStreetMap for this restaurant - potential web design / marketing lead.,2026-08-26
El Campeón del Pollo,+1 718-271-1440,"107-02 Corona Avenue, New York",restaurant,New York,US,No website listed on OpenStreetMap for this restaurant - potential web design / marketing lead.,2026-08-26
PappaRich,+1-718-888-9307,"39-16 Prince Street, Flushing, 11354",restaurant,New York,US,No website listed on OpenStreetMap for this restaurant - potential web design / marketing lead.,2026-08-26
Vinicio's Restaurant,+1 718-478-3600,"40-21 108th Street, New York",restaurant,New York,US,No website listed on OpenStreetMap for this restaurant - potential web design / marketing lead.,2026-08-26
China Pavilion,+1 718-828-3841,"2102 Eastchester Road, Bronx, 10461",restaurant,New York,US,No website listed on OpenStreetMap for this restaurant - potential web design / marketing lead.,2026-08-26
Berlin Döner,+1-646-476-4444,"104 MacDougal Street, New York, 10012",restaurant,New York,US,No website listed on OpenStreetMap for this restaurant - potential web design / marketing lead.,2026-08-26
Niforo's Coffee Shop,+1 718-786-7759,"43-57 11th Street, New York",restaurant,New York,US,No website listed on OpenStreetMap for this restaurant - potential web design / marketing lead.,2026-08-26
Alba's Kitchen,+1-845-684-5838,New York,restaurant,New York,US,No website listed on OpenStreetMap for this restaurant - potential web design / marketing lead.,2026-08-26
My Family Pizza,+1-718-720-4500,New York,restaurant,New York,US,No website listed on OpenStreetMap for this restaurant - potential web design / marketing lead.,2026-08-26
Ceylon Curry,+1-347-466-5338,"324 Victory Boulevard, Staten Island, 10301",restaurant,New York,US,No website listed on OpenStreetMap for this restaurant - potential web design / marketing lead.,2026-08-26
Tandir Rokhat,+1 718-676-4466,"2678 Coney Island Avenue, New York",restaurant,New York,US,No website listed on OpenStreetMap for this restaurant - potential web design / marketing lead.,2026-08-26
El Mariachi Restaurant,+1 718-335-6744,"67-12 Roosevelt Avenue, New York, 11377",restaurant,New York,US,No website listed on OpenStreetMap for this restaurant - potential web design / marketing lead.,2026-08-26
Atlantic Bakery Colombian Food,+1-347-494-5536,"116-20 Atlantic Avenue, New York, 11419",restaurant,New York,US,No website listed on OpenStreetMap for this restaurant - potential web design / marketing lead.,2026-08-26
Taqueria el Gallo Giro,+1 347-507-1835,"64-03 Roosevelt Avenue, New York",restaurant,New York,US,No website listed on OpenStreetMap for this restaurant - potential web design / marketing lead.,2026-08-26
La Cabaña Peruana,+1-718-848-3133,"93-04 Liberty Avenue, New York",restaurant,New York,US,No website listed on OpenStreetMap for this restaurant - potential web design / marketing lead.,2026-08-26
Big Vinny’s Pizza & Donnoli,+1-845-440-6757,"207 Main Street, Beacon, 12508",restaurant,New York,US,No website listed on OpenStreetMap for this restaurant - potential web design / marketing lead.,2026-08-26
Enerugi Ramen,+1 347-927-2636,"1020 Manhattan Avenue, New York, 11222",restaurant,New York,US,No website listed on OpenStreetMap for this restaurant - potential web design / marketing lead.,2026-08-26
Oleandr,+1 718-648-5484,"410 Brighton Beach Avenue, New York, 11235",restaurant,New York,US,No website listed on OpenStreetMap for this restaurant - potential web design / marketing lead.,2026-08-26
Pontillo's Pizzeria,+1 585-394-7330,"20 Muar Street, Canandaigua, 14424",restaurant,New York,US,No website listed on OpenStreetMap for this restaurant - potential web design / marketing lead.,2026-08-26
Ridgewood Taco Factory,+1-718-456-8226,"66-89 Forest Avenue, Ridgewood, 11385",restaurant,New York,US,No website listed on OpenStreetMap for this restaurant - potential web design / marketing lead.,2026-08-26
Cafe Rum,+1-718-304-0747,"1050 Wyckoff Avenue, Queens, 11385",restaurant,New York,US,No website listed on OpenStreetMap for this restaurant - potential web design / marketing lead.,2026-08-26
Tyang Gelay's Grill,+1 929-623-1539,"68-28 Roosevelt Avenue, New York",restaurant,New York,US,No website listed on OpenStreetMap for this restaurant - potential web design / marketing lead.,2026-08-26
Addey Ababa,+1-212-256-0701,"736 West 181st Street, New York, 10033",restaurant,New York,US,No website listed on OpenStreetMap for this restaurant - potential web design / marketing lead.,2026-08-26
Bombay Bistros,+1-646-850-3719,"New York, 10014",restaurant,New York,US,No website listed on OpenStreetMap for this restaurant - potential web design / marketing lead.,2026-08-26
Austin's Kitchen,+1 716-923-3969,"520 Lee Entrance, New York",restaurant,New York,US,No website listed on OpenStreetMap for this restaurant - potential web design / marketing lead.,2026-08-26
Poke Factory,+1 716-580-7018,"520 Lee Entrance, New York",restaurant,New York,US,No website listed on OpenStreetMap for this restaurant - potential web design / marketing lead.,2026-08-26
Burgerology,+1 646-386-0090,"320 West 36th Street, New York",restaurant,New York,US,No website listed on OpenStreetMap for this restaurant - potential web design / marketing lead.,2026-08-26
Kyoto Sushi,+1-718-383-8882,"161 Nassau Avenue, New York",restaurant,New York,US,No website listed on OpenStreetMap for this restaurant - potential web design / marketing lead.,2026-08-26
Caridad Restaurant,+1-212-927-9729,"554 West 181st Street, New York",restaurant,New York,US,No website listed on OpenStreetMap for this restaurant - potential web design / marketing lead.,2026-08-26
Jerk House Caribbean,+1-917-675-7477,"2143 Adam Clayton Powell Jr. Boulevard, New York, 10027",restaurant,New York,US,No website listed on OpenStreetMap for this restaurant - potential web design / marketing lead.,2026-08-26
Red Star,+1 212-281-9281,"2529 Adam Clayton Powell Boulevard, New York",restaurant,New York,US,No website listed on OpenStreetMap for this restaurant - potential web design / marketing lead.,2026-08-26
Jimmy's Pizzeria,+1 718-239-4333,"905 White Plains Road, New York, 10473",restaurant,New York,US,No website listed on OpenStreetMap for this restaurant - potential web design / marketing lead.,2026-08-26
Costa y Mar,+1-718-361-5913,"41-06 Greenpoint Avenue, New York",restaurant,New York,US,No website listed on OpenStreetMap for this restaurant - potential web design / marketing lead.,2026-08-26
The Smokehouse,+1-718-527-1536,"189-33 Linden Boulevard, New York",restaurant,New York,US,No website listed on OpenStreetMap for this restaurant - potential web design / marketing lead.,2026-08-26
Kaiyo,+1 516-739-0093,New York,restaurant,New York,US,No website listed on OpenStreetMap for this restaurant - potential web design / marketing lead.,2026-08-26
Spaghettini,+1 516-750-8044,"106 Mineola Boulevard, New York",restaurant,New York,US,No website listed on OpenStreetMap for this restaurant - potential web design / marketing lead.,2026-08-26
Onedee Thai,+1 718-457-7700,"49-08 43rd Avenue, New York",restaurant,New York,US,No website listed on OpenStreetMap for this restaurant - potential web design / marketing lead.,2026-08-26
Cantina Taqueria,+1-646-928-0133,New York,restaurant,New York,US,No website listed on OpenStreetMap for this restaurant - potential web design / marketing lead.,2026-08-26
Delicias Caleñas,+1 718-433-9565,"22-55 31st Street, New York",restaurant,New York,US,No website listed on OpenStreetMap for this restaurant - potential web design / marketing lead.,2026-08-26
Yaar Indian Restaurant,+1 718-721-0205,"22-55 31st Street, New York",restaurant,New York,US,No website listed on OpenStreetMap for this restaurant - potential web design / marketing lead.,2026-08-26
California Mexican-Italian Food and Pizza,+1 718-779-0717,"45-18 104th Street, New York",restaurant,New York,US,No website listed on OpenStreetMap for this restaurant - potential web design / marketing lead.,2026-08-26
Carolanne's Cuisine,+1-917-520-2215,New York,restaurant,New York,US,No website listed on OpenStreetMap for this restaurant - potential web design / marketing lead.,2026-08-26
A-1 Buffet and Sushi,+1 518-891-6688,"542 Lake Flower Avenue, New York",restaurant,New York,US,No website listed on OpenStreetMap for this restaurant - potential web design / marketing lead.,2026-08-26
K's Cafeteria,+1 718-760-0418,"48-03 108th Street, New York",restaurant,New York,US,No website listed on OpenStreetMap for this restaurant - potential web design / marketing lead.,2026-08-26
Chi Chicken,+1 718-988-7878,"42-59 Hunter Street, Long Island City, 11101",restaurant,New York,US,No website listed on OpenStreetMap for this restaurant - potential web design / marketing lead.,2026-08-26
Manuel E Restaurant,+1 718-699-0003,"103-28 Corona Avenue, New York",restaurant,New York,US,No website listed on OpenStreetMap for this restaurant - potential web design / marketing lead.,2026-08-26
La Cienega,+1 718-255-1643; +1 347-353-2366,"104-32 Corona Avenue, New York",restaurant,New York,US,No website listed on OpenStreetMap for this restaurant - potential web design / marketing lead.,2026-08-26
Tacos Y Quesadillas Mexico,+1 718-271-4260,"104-40 Corona Avenue, New York",restaurant,New York,US,No website listed on OpenStreetMap for this restaurant - potential web design / marketing lead.,2026-08-26
Puebla Mex,+1 347-355-3677,"106-16 Corona Avenue, New York",restaurant,New York,US,No website listed on OpenStreetMap for this restaurant - potential web design / marketing lead.,2026-08-26
Pokelava,+1-607-339-0322,"206B Dryden Road, Ithaca, 14850",restaurant,New York,US,No website listed on OpenStreetMap for this restaurant - potential web design / marketing lead.,2026-08-26
Sabor Peruano,+1 718-255-1825,"98-53 Corona Avenue, New York",restaurant,New York,US,No website listed on OpenStreetMap for this restaurant - potential web design / marketing lead.,2026-08-26
York Ave Pizza,+1 212-744-4000,"434 East 72nd Street, New York",restaurant,New York,US,No website listed on OpenStreetMap for this restaurant - potential web design / marketing lead.,2026-08-26
Royal Pizza,+1-929-407-6666,New York,restaurant,New York,US,No website listed on OpenStreetMap for this restaurant - potential web design / marketing lead.,2026-08-26
Ling Ling,+1-607-272-0718,"222 Elmira Road, Ithaca, 14850",restaurant,New York,US,No website listed on OpenStreetMap for this restaurant - potential web design / marketing lead.,2026-08-26
Linda Restaurant,+1-718-856-4093,"830 Coney Island Avenue, Brooklyn",restaurant,New York,US,No website listed on OpenStreetMap for this restaurant - potential web design / marketing lead.,2026-08-26
Anvar’s,+1 347-493-2812,"241 Brighton Beach Avenue, New York, 11235",restaurant,New York,US,No website listed on OpenStreetMap for this restaurant - potential web design / marketing lead.,2026-08-26
O Lavrador,+1 718 526 1526,"138-38 101st Avenue, New York",restaurant,New York,US,No website listed on OpenStreetMap for this restaurant - potential web design / marketing lead.,2026-08-26
The Lotus,+1-607-339-0023,"101 North Aurora Street, New York",restaurant,New York,US,No website listed on OpenStreetMap for this restaurant - potential web design / marketing lead.,2026-08-26
Tatiana Grill,+1 718-646-4342,"3145 Brighton 4th Street, New York, 11235",restaurant,New York,US,No website listed on OpenStreetMap for this restaurant - potential web design / marketing lead.,2026-08-26
New Lucky Star Kitchen,+17187772200,"8-09 Astoria Boulevard, Astoria, 11102",restaurant,New York,US,No website listed on OpenStreetMap for this restaurant - potential web design / marketing lead.,2026-08-26
Garden Of Joy,+1 917-818-1729,New York,restaurant,New York,US,No website listed on OpenStreetMap for this restaurant - potential web design / marketing lead.,2026-08-26
Hot Potato House,+1 718-975-7990,New York,restaurant,New York,US,No website listed on OpenStreetMap for this restaurant - potential web design / marketing lead.,2026-08-26
Melody Cafe & Restaurant,+1 718-777-1514,New York,restaurant,New York,US,No website listed on OpenStreetMap for this restaurant - potential web design / marketing lead.,2026-08-26
Nino's Ristorante,+1 212-988-0002,"1354 1st Avenue, New York",restaurant,New York,US,No website listed on OpenStreetMap for this restaurant - potential web design / marketing lead.,2026-08-26
Diamond Thai,+1-917-265-8214,"123 Ludlow Street, New York, 10002",restaurant,New York,US,No website listed on OpenStreetMap for this restaurant - potential web design / marketing lead.,2026-08-26
El Rey del Taco,+1 347-488-6120,"32-03, New York",restaurant,New York,US,No website listed on OpenStreetMap for this restaurant - potential web design / marketing lead.,2026-08-26
Nishida Sho-ten,+1 212-308-0791,"302 East 49th Street, New York, 10017",restaurant,New York,US,No website listed on OpenStreetMap for this restaurant - potential web design / marketing lead.,2026-08-26
Ashour,+1 718-685-2019,"31-51 Steinway Street, New York",restaurant,New York,US,No website listed on OpenStreetMap for this restaurant - potential web design / marketing lead.,2026-08-26
Taqueria Trio,+1 718-396-8555,"102-03A 44th Avenue, New York",restaurant,New York,US,No website listed on OpenStreetMap for this restaurant - potential web design / marketing lead.,2026-08-26
Mama Lupe Restaurant,+1 718-639-1495,"42-19 102nd Street, New York",restaurant,New York,US,No website listed on OpenStreetMap for this restaurant - potential web design / marketing lead.,2026-08-26
Panda Garden,+1 718-699-8781; +1 718-699-2197,"107-18 Corona Avenue, New York",restaurant,New York,US,No website listed on OpenStreetMap for this restaurant - potential web design / marketing lead.,2026-08-26
El Palacio De Las Empanadas,+1 718-271-1616,"53-02 108th Street, New York",restaurant,New York,US,No website listed on OpenStreetMap for this restaurant - potential web design / marketing lead.,2026-08-26
5 De Mayo,+1 718-271-5383,"108-09 53rd Avenue, New York",restaurant,New York,US,No website listed on OpenStreetMap for this restaurant - potential web design / marketing lead.,2026-08-26
Taste Of China,+1 718-728-1614; +1 718-728-1134,"45-01 Broadway, New York",restaurant,New York,US,No website listed on OpenStreetMap for this restaurant - potential web design / marketing lead.,2026-08-26
Chopstix Food Hall,+1 718-587-8655,"2172 86th Street, Brooklyn, 11214",restaurant,New York,US,No website listed on OpenStreetMap for this restaurant - potential web design / marketing lead.,2026-08-26
Uno Mas,+1 518-461-4533,"2126 Saranac Avenue, North Elba, 12946-1150",restaurant,New York,US,No website listed on OpenStreetMap for this restaurant - potential web design / marketing lead.,2026-08-26
1UP Arcade & Pub,+15183103353,"22 Brinkerhoff Street, Plattsburgh, 12901",restaurant,New York,US,No website listed on OpenStreetMap for this restaurant - potential web design / marketing lead.,2026-08-26
Crispy Cloud,+1-347-708-7477,"212-03 48th Avenue, Bayside, 11364",restaurant,New York,US,No website listed on OpenStreetMap for this restaurant - potential web design / marketing lead.,2026-08-26
New Fu Shen Restaurant,+1 718-439-8808,"6110 7th Avenue, New York",restaurant,New York,US,No website listed on OpenStreetMap for this restaurant - potential web design / marketing lead.,2026-08-26
Paraiso Azteca,+1 917-935-3206,"102-53 43rd Avenue, New York",restaurant,New York,US,No website listed on OpenStreetMap for this restaurant - potential web design / marketing lead.,2026-08-26
Jaguar,+1-845-802-0122,"284 Wall Street, Kingston, 12401",restaurant,New York,US,No website listed on OpenStreetMap for this restaurant - potential web design / marketing lead.,2026-08-26
Kings Kitchen,+1-212-966-7288,"92 East Broadway, New York",restaurant,New York,US,No website listed on OpenStreetMap for this restaurant - potential web design / marketing lead.,2026-08-26
Yi Zhang Fishball,+1-212-961-6151,"9 Eldridge Street, New York",restaurant,New York,US,No website listed on OpenStreetMap for this restaurant - potential web design / marketing lead.,2026-08-26
Inca Paisa,+1 347-448-6400,"21-19, New York",restaurant,New York,US,No website listed on OpenStreetMap for this restaurant - potential web design / marketing lead.,2026-08-26
Canlon's Restaurant,+1-718-667-3013,"1825 North Railroad Avenue, New York, 10306",restaurant,New York,US,No website listed on OpenStreetMap for this restaurant - potential web design / marketing lead.,2026-08-26
Mas Tacos,+1-646-370-1941,"2 Penn Plaza, New York, 10121",restaurant,New York,US,No website listed on OpenStreetMap for this restaurant - potential web design / marketing lead.,2026-08-26
Apna Pind,+1-917-388-2249,"128 East 4th Street, New York, 10003",restaurant,New York,US,No website listed on OpenStreetMap for this restaurant - potential web design / marketing lead.,2026-08-26
Tandoori Indian Kitchen,+1-347-676-7746,"154-12 Rockaway Boulevard, Jamaica, 11434",restaurant,New York,US,No website listed on OpenStreetMap for this restaurant - potential web design / marketing lead.,2026-08-26
True Food Kitchen,+1 516-559-4728,New York,restaurant,New York,US,No website listed on OpenStreetMap for this restaurant - potential web design / marketing lead.,2026-08-26
Sweet Catch,+1-347-240-7799,New York,restaurant,New York,US,No website listed on OpenStreetMap for this restaurant - potential web design / marketing lead.,2026-08-26
Mei Lai Wah Wonton Noodle,+1-212-966-4033,"23 Pell Street, New York",restaurant,New York,US,No website listed on OpenStreetMap for this restaurant - potential web design / marketing lead.,2026-08-26
Rylee's Diner,+1-585-398-7475,New York,restaurant,New York,US,No website listed on OpenStreetMap for this restaurant - potential web design / marketing lead.,2026-08-26
El Burrito Nacho,+1-347-425-8390,"1636 Broadway, Brooklyn",restaurant,New York,US,No website listed on OpenStreetMap for this restaurant - potential web design / marketing lead.,2026-08-26
New Three Star Restaurant,+1-718-743-5777,New York,restaurant,New York,US,No website listed on OpenStreetMap for this restaurant - potential web design / marketing lead.,2026-08-26
Eatery Restaurant,+1-716-665-6470,"180 Fluvanna Avenue, Jamestown, 14701",restaurant,New York,US,No website listed on OpenStreetMap for this restaurant - potential web design / marketing lead.,2026-08-26
Fisher's,+17164848299,New York,restaurant,New York,US,No website listed on OpenStreetMap for this restaurant - potential web design / marketing lead.,2026-08-26
Hop Won Express,+1 212-867-4996,"139 East 45th Street, New York",restaurant,New York,US,No website listed on OpenStreetMap for this restaurant - potential web design / marketing lead.,2026-08-26
Flavor-A-Bowl,+1-516-420-0555,"503 Conklin Street, Farmingdale, 11735",restaurant,New York,US,No website listed on OpenStreetMap for this restaurant - potential web design / marketing lead.,2026-08-26
Mr. Pizza,+1-718-931-3822,"1448 East Avenue, Bronx, 10462",restaurant,New York,US,No website listed on OpenStreetMap for this restaurant - potential web design / marketing lead.,2026-08-26
Ellie's Diner & Restaurant,+1-718-239-9870,"58 Metropolitan Oval, Bronx, 10462",restaurant,New York,US,No website listed on OpenStreetMap for this restaurant - potential web design / marketing lead.,2026-08-26
Anassa Taverna Astoria,+1-718-721-5050,"28-10 Astoria Boulevard, Astoria, 11102",restaurant,New York,US,No website listed on OpenStreetMap for this restaurant - potential web design / marketing lead.,2026-08-26
King Crab Station,+1-718-266-8988,New York,restaurant,New York,US,No website listed on OpenStreetMap for this restaurant - potential web design / marketing lead.,2026-08-26
One Dream Jamaican Cafe & Lounge,+1-518-621-7440,"211 Central Avenue, Albany, 12206",restaurant,New York,US,No website listed on OpenStreetMap for this restaurant - potential web design / marketing lead.,2026-08-26
Tone Cafe,+1 718-332-8082,"265 Neptune Avenue, New York",restaurant,New York,US,No website listed on OpenStreetMap for this restaurant - potential web design / marketing lead.,2026-08-26
Trotwood Restaurant,+1-518-622-9263,"230 Winter Clove Road, Round Top, 12473",restaurant,New York,US,No website listed on OpenStreetMap for this restaurant - potential web design / marketing lead.,2026-08-26
The Little Chinantla Restaurant,+1 718-205-8999,"96-06 43rd Avenue, New York",restaurant,New York,US,No website listed on OpenStreetMap for this restaurant - potential web design / marketing lead.,2026-08-26
Las Orillas de Gualaceo Bar & Restaurant,+1 718-672-5218,"42-18 Junction Boulevard, New York",restaurant,New York,US,No website listed on OpenStreetMap for this restaurant - potential web design / marketing lead.,2026-08-26
Mabat,+1 718-339-3300,"1809 East 7th Street, New York",restaurant,New York,US,No website listed on OpenStreetMap for this restaurant - potential web design / marketing lead.,2026-08-26
Sushi Tokyo,+1 718-434-2444,"627 Kings Highway, New York",restaurant,New York,US,No website listed on OpenStreetMap for this restaurant - potential web design / marketing lead.,2026-08-26
Harissa Street Fare,+1-347-924-9090,"30-30 47th Avenue, Long Island City, 11101",restaurant,New York,US,No website listed on OpenStreetMap for this restaurant - potential web design / marketing lead.,2026-08-26
Restaurante Delicias Adonai,+1-347-246-7351,"14-91 Beach Channel Drive, New York, 11691",restaurant,New York,US,No website listed on OpenStreetMap for this restaurant - potential web design / marketing lead.,2026-08-26
B-Balls Meatballs,+1 845-357-8054,"28 Prairie Avenue, New York",restaurant,New York,US,No website listed on OpenStreetMap for this restaurant - potential web design / marketing lead.,2026-08-26
Piazza,+1 718-777-8118,"31-06 42nd Street, New York",restaurant,New York,US,No website listed on OpenStreetMap for this restaurant - potential web design / marketing lead.,2026-08-26
Alnour,+1 718-606-1244,"41-08 30th Avenue, New York",restaurant,New York,US,No website listed on OpenStreetMap for this restaurant - potential web design / marketing lead.,2026-08-26
Ciao Warma,+1-315-325-4400,"368, New York",restaurant,New York,US,No website listed on OpenStreetMap for this restaurant - potential web design / marketing lead.,2026-08-26
Sea Side NYC,+1 212-381-1200,"31-62 Steinway Street, New York",restaurant,New York,US,No website listed on OpenStreetMap for this restaurant - potential web design / marketing lead.,2026-08-26
Green Arch Restaurant,+1-716-230-4000,"41 West Main Street, Brocton, 14716",restaurant,New York,US,No website listed on OpenStreetMap for this restaurant - potential web design / marketing lead.,2026-08-26
Ng's Kitchen,+1-646-818-5282,New York,restaurant,New York,US,No website listed on OpenStreetMap for this restaurant - potential web design / marketing lead.,2026-08-26
Special Restaurant,+1-347-457-6638,"715 61st Street, New York, 11220",restaurant,New York,US,No website listed on OpenStreetMap for this restaurant - potential web design / marketing lead.,2026-08-26
Wang Hao Restaurant,+1-718-808-1838,"717 61st Street, New York, 11220",restaurant,New York,US,No website listed on OpenStreetMap for this restaurant - potential web design / marketing lead.,2026-08-26
Rice Village',+1-718-238-8738,New York,restaurant,New York,US,No website listed on OpenStreetMap for this restaurant - potential web design / marketing lead.,2026-08-26
Watermark Restaurant,+1 716-753-2900,"New York, 14757",restaurant,New York,US,No website listed on OpenStreetMap for this restaurant - potential web design / marketing lead.,2026-08-26
Fei Long Spicy Hot Pot,+1 929-699-1298,"4508 8th Avenue, New York",restaurant,New York,US,No website listed on OpenStreetMap for this restaurant - potential web design / marketing lead.,2026-08-26
Meiqing Restaurant,+1 347-966-2387,"4502 8th Avenue, New York",restaurant,New York,US,No website listed on OpenStreetMap for this restaurant - potential web design / marketing lead.,2026-08-26
Honest John's Pizzeria,+1-716-665-2555,New York,restaurant,New York,US,No website listed on OpenStreetMap for this restaurant - potential web design / marketing lead.,2026-08-26
Istanblue Kebab House,+1 347-462-4655,"1416 Avenue J, New York",restaurant,New York,US,No website listed on OpenStreetMap for this restaurant - potential web design / marketing lead.,2026-08-26
Chez Jacob,+12128623663,New York,restaurant,New York,US,No website listed on OpenStreetMap for this restaurant - potential web design / marketing lead.,2026-08-26
La Villetta,+1-212-829-0003,"398 East 52nd Street, New York, 10022",restaurant,New York,US,No website listed on OpenStreetMap for this restaurant - potential web design / marketing lead.,2026-08-26
Aji Sushi,+1-212-227-2108,"838 2nd Avenue, New York",restaurant,New York,US,No website listed on OpenStreetMap for this restaurant - potential web design / marketing lead.,2026-08-26
Land of Plenty,+1-212-308-8788,New York,restaurant,New York,US,No website listed on OpenStreetMap for this restaurant - potential web design / marketing lead.,2026-08-26
Gastronomy Restaurant,+1-631-350-1229,"230 Walt Whitman Road, Huntington Station, 11746",restaurant,New York,US,No website listed on OpenStreetMap for this restaurant - potential web design / marketing lead.,2026-08-26
Cheng's Oriental Express,+1-718-445-6888,New York,restaurant,New York,US,No website listed on OpenStreetMap for this restaurant - potential web design / marketing lead.,2026-08-26
Billy Joe‘s Ribworks,+1 845-565-1560,"24 Front Street, New York",restaurant,New York,US,No website listed on OpenStreetMap for this restaurant - potential web design / marketing lead.,2026-08-26
Browncroft Family Restaurant,+1-585-248-2960,"2501, New York, 14625",restaurant,New York,US,No website listed on OpenStreetMap for this restaurant - potential web design / marketing lead.,2026-08-26
Hola la Pho,+1-646-897-4777,New York,restaurant,New York,US,No website listed on OpenStreetMap for this restaurant - potential web design / marketing lead.,2026-08-26
Pho Avenue,+1 212-933-0078,"840 2nd Avenue, New York",restaurant,New York,US,No website listed on OpenStreetMap for this restaurant - potential web design / marketing lead.,2026-08-26
Sud NYC,+1-718-388-1999,"79 Grand Street, New York, 11249",restaurant,New York,US,No website listed on OpenStreetMap for this restaurant - potential web design / marketing lead.,2026-08-26
Al Chile Taqueria,+1 347-813-4382,"38-09 69th Street, Woodside, 11377",restaurant,New York,US,No website listed on OpenStreetMap for this restaurant - potential web design / marketing lead.,2026-08-26
Thai Nara,+1 718-606-8842,"64-02 35th Avenue, Woodside, 11377",restaurant,New York,US,No website listed on OpenStreetMap for this restaurant - potential web design / marketing lead.,2026-08-26
No. 1 Chinese Restaurant,+1 718-651-6571,"63-08 Broadway, Woodside, 11377",restaurant,New York,US,No website listed on OpenStreetMap for this restaurant - potential web design / marketing lead.,2026-08-26
East 21,+1 718-639-3535,"71-26 Roosevelt Avenue, Jackson Heights, 11372",restaurant,New York,US,No website listed on OpenStreetMap for this restaurant - potential web design / marketing lead.,2026-08-26
Khing,+1 631-519-2896,"63-02 Roosevelt Avenue, Woodside, 11377",restaurant,New York,US,No website listed on OpenStreetMap for this restaurant - potential web design / marketing lead.,2026-08-26
Guarapo,+1-718-576-3953,"58 North 3rd Street, New York",restaurant,New York,US,No website listed on OpenStreetMap for this restaurant - potential web design / marketing lead.,2026-08-26
Kiku,+12125828357,"50 West 55th Street, New York, 10019",restaurant,New York,US,No website listed on OpenStreetMap for this restaurant - potential web design / marketing lead.,2026-08-26
Gyro King,+1 718-421-6600,"984 Coney Island Avenue, Brooklyn, 11230",restaurant,New York,US,No website listed on OpenStreetMap for this restaurant - potential web design / marketing lead.,2026-08-26
Caridad China,+1-718-302-1102,New York,restaurant,New York,US,No website listed on OpenStreetMap for this restaurant - potential web design / marketing lead.,2026-08-26
Shinjuku Japanese Fusion,+1 718-934-8886,"1664 Sheepshead Bay Road, New York",restaurant,New York,US,No website listed on OpenStreetMap for this restaurant - potential web design / marketing lead.,2026-08-26
Link Thai,+1-917-909-0324,New York,restaurant,New York,US,No website listed on OpenStreetMap for this restaurant - potential web design / marketing lead.,2026-08-26
Simply Noodles & Dim Sum,+1-212-884-5818,New York,restaurant,New York,US,No website listed on OpenStreetMap for this restaurant - potential web design / marketing lead.,2026-08-26
Las Margaritas Astoria,+1 718-806-1040,"45-17, New York",restaurant,New York,US,No website listed on OpenStreetMap for this restaurant - potential web design / marketing lead.,2026-08-26
Prime Catch NYC,+1-646-649-2288,New York,restaurant,New York,US,No website listed on OpenStreetMap for this restaurant - potential web design / marketing lead.,2026-08-26
Pescada,+1 718-766-2759,"1361 Coney Island Avenue, New York",restaurant,New York,US,No website listed on OpenStreetMap for this restaurant - potential web design / marketing lead.,2026-08-26
Himalayan Curry House,+1-646-861-1060,New York,restaurant,New York,US,No website listed on OpenStreetMap for this restaurant - potential web design / marketing lead.,2026-08-26
Selena's Diner,+1-518-589-0438,"5701 Route 23A, Tannersville, 12485",restaurant,New York,US,No website listed on OpenStreetMap for this restaurant - potential web design / marketing lead.,2026-08-26
Apicius,+1-718-204-7722,New York,restaurant,New York,US,No website listed on OpenStreetMap for this restaurant - potential web design / marketing lead.,2026-08-26
Miso,+1-646-952-0098,"328 East 6th Street, New York",restaurant,New York,US,No website listed on OpenStreetMap for this restaurant - potential web design / marketing lead.,2026-08-26
Me Chicken Rice,+1-646-455-0877,"120 West 3rd Street, New York",restaurant,New York,US,No website listed on OpenStreetMap for this restaurant - potential web design / marketing lead.,2026-08-26
Milon Indian Restaurant,+1-212-228-4896,"91 1st Avenue, New York",restaurant,New York,US,No website listed on OpenStreetMap for this restaurant - potential web design / marketing lead.,2026-08-26
Don Pollo,+1 718 575 0041,"100-05 Metropolitan Avenue, New York",restaurant,New York,US,No website listed on OpenStreetMap for this restaurant - potential web design / marketing lead.,2026-08-26
Phil-Am Kusina,+1-718-727-3663,"556 Tompkins Avenue, Staten Island, 10305",restaurant,New York,US,No website listed on OpenStreetMap for this restaurant - potential web design / marketing lead.,2026-08-26
Vallata,+1-212-461-4300,New York,restaurant,New York,US,No website listed on OpenStreetMap for this restaurant - potential web design / marketing lead.,2026-08-26
La Cabaña Salvadoreña,+1-347-644-1147,New York,restaurant,New York,US,No website listed on OpenStreetMap for this restaurant - potential web design / marketing lead.,2026-08-26
Sunshine Grill & Kebab,+1-718-343-2300,"255-09 Hillside Avenue, New York",restaurant,New York,US,No website listed on OpenStreetMap for this restaurant - potential web design / marketing lead.,2026-08-26
Spoon,+1-914-238-1988,"415 King Street, Chappaqua, 10514",restaurant,New York,US,No website listed on OpenStreetMap for this restaurant - potential web design / marketing lead.,2026-08-26
Fogama,+1-914-921-6888,"92 Purchase Street, New York",restaurant,New York,US,No website listed on OpenStreetMap for this restaurant - potential web design / marketing lead.,2026-08-26
Aladdin's,+1-585-314-5000,New York,restaurant,New York,US,No website listed on OpenStreetMap for this restaurant - potential web design / marketing lead.,2026-08-26
J-Joe Kosher Pizza,+1 914 358 1113,"55 Church Street, White Plains, 10601",restaurant,New York,US,No website listed on OpenStreetMap for this restaurant - potential web design / marketing lead.,2026-08-26
Blaze BBQ & Hibachi,+1-212-837-8686,New York,restaurant,New York,US,No website listed on OpenStreetMap for this restaurant - potential web design / marketing lead.,2026-08-26
Darlings Roadhouse,+1-845-658-2406,"838 Route 32, Tillson, 12486",restaurant,New York,US,No website listed on OpenStreetMap for this restaurant - potential web design / marketing lead.,2026-08-26
Cinco De Mayo,+1 845-658-2058,New York,restaurant,New York,US,No website listed on OpenStreetMap for this restaurant - potential web design / marketing lead.,2026-08-26
Seoul Drop,+1-585-287-6080,"1900 South Clinton Avenue, Rochester, 14618",restaurant,New York,US,No website listed on OpenStreetMap for this restaurant - potential web design / marketing lead.,2026-08-26
China King,+1-716-826-6668,"4271 Lake Avenue, Buffalo, 14219",restaurant,New York,US,No website listed on OpenStreetMap for this restaurant - potential web design / marketing lead.,2026-08-26
Louie’s,+1-607-739-4555,"107 West Franklin Street, Horseheads, 14845",restaurant,New York,US,No website listed on OpenStreetMap for this restaurant - potential web design / marketing lead.,2026-08-26
Yummy Tacos,+1-516-500-9177,"579 Willis Avenue, New York, 11596",restaurant,New York,US,No website listed on OpenStreetMap for this restaurant - potential web design / marketing lead.,2026-08-26
Tulip Bagels,+1-516-294-8080,"597 Willis Avenue, New York, 11596",restaurant,New York,US,No website listed on OpenStreetMap for this restaurant - potential web design / marketing lead.,2026-08-26
Ask Sushi,+1-347-924-9033,New York,restaurant,New York,US,No website listed on OpenStreetMap for this restaurant - potential web design / marketing lead.,2026-08-26
Taste of Asia,+1-607-271-9688,"2088 College Avenue, Elmira, 14903",restaurant,New York,US,No website listed on OpenStreetMap for this restaurant - potential web design / marketing lead.,2026-08-26
Kalye Thai,+1 718 899 2910,"76-06 Woodside Avenue, Elmhurst",restaurant,New York,US,No website listed on OpenStreetMap for this restaurant - potential web design / marketing lead.,2026-08-26
Don Pablo Restaurant,+1-347-937-6584,New York,restaurant,New York,US,No website listed on OpenStreetMap for this restaurant - potential web design / marketing lead.,2026-08-26
Chris' Dinet,+1 607-723-6854,New York,restaurant,New York,US,No website listed on OpenStreetMap for this restaurant - potential web design / marketing lead.,2026-08-26
Sugar & Spice Restaurant,+1-607-739-5303,"300 Watkins Road, Horseheads, 14845",restaurant,New York,US,No website listed on OpenStreetMap for this restaurant - potential web design / marketing lead.,2026-08-26
Adam Grill,+1-347-679-0942,"171 East State Street, Ithaca, 14850",restaurant,New York,US,No website listed on OpenStreetMap for this restaurant - potential web design / marketing lead.,2026-08-26
Marrakech Pizzeria & Mediterranean Cuisine,+1-607-272-7777,"109 East State Street, Ithaca, 14850",restaurant,New York,US,No website listed on OpenStreetMap for this restaurant - potential web design / marketing lead.,2026-08-26
Taste Good Malaysian Cuisine,+1-718-898-8001,"82-18 45th Avenue, New York, 11373",restaurant,New York,US,No website listed on OpenStreetMap for this restaurant - potential web design / marketing lead.,2026-08-26
Farmers and Chefs,+1-845-337-4949,"40 Albany Street, New York",restaurant,New York,US,No website listed on OpenStreetMap for this restaurant - potential web design / marketing lead.,2026-08-26
Hamlet Delights,+1 6077392888,"103 Sayre Street, Horseheads, 14845",restaurant,New York,US,No website listed on OpenStreetMap for this restaurant - potential web design / marketing lead.,2026-08-26
Jean's Place,+1-518-686-3228,"4729 State Route 67, New York",restaurant,New York,US,No website listed on OpenStreetMap for this restaurant - potential web design / marketing lead.,2026-08-26
Fratello’s Pizza Company,+1-607-398-6202,"455 Old Ithaca Road, Horseheads, 14845",restaurant,New York,US,No website listed on OpenStreetMap for this restaurant - potential web design / marketing lead.,2026-08-26
Tony’s Italian Grill,+1-607-785-3750,"2315 East Main Street, New York, 13760",restaurant,New York,US,No website listed on OpenStreetMap for this restaurant - potential web design / marketing lead.,2026-08-26
Honey Pizza,+1-914-855-1808,New York,restaurant,New York,US,No website listed on OpenStreetMap for this restaurant - potential web design / marketing lead.,2026-08-26
The Hibiscus,+1-718-849-4225,New York,restaurant,New York,US,No website listed on OpenStreetMap for this restaurant - potential web design / marketing lead.,2026-08-26
Columbia Deli & Cafe,+1-646-410-0564,"3210 Broadway, New York, 10027",restaurant,New York,US,No website listed on OpenStreetMap for this restaurant - potential web design / marketing lead.,2026-08-26
Gandhi Cafe,+1-212-645-1456,New York,restaurant,New York,US,No website listed on OpenStreetMap for this restaurant - potential web design / marketing lead.,2026-08-26
La Bonbonniere,+1-212-741-9266,New York,restaurant,New York,US,No website listed on OpenStreetMap for this restaurant - potential web design / marketing lead.,2026-08-26
Double Dragon,+1-518-477-5013,"501 Columbia Turnpike, New York, 12601",restaurant,New York,US,No website listed on OpenStreetMap for this restaurant - potential web design / marketing lead.,2026-08-26
Ginza Sushi,+1-718-769-6028,New York,restaurant,New York,US,No website listed on OpenStreetMap for this restaurant - potential web design / marketing lead.,2026-08-26
Las Quesadillas del Tio,+1 718 505 1583,"32-15 Junction Boulevard, New York, 11369",restaurant,New York,US,No website listed on OpenStreetMap for this restaurant - potential web design / marketing lead.,2026-08-26
La Tamaleria,+1 347 761 2609,"32-23 Junction Boulevard, New York, 11369",restaurant,New York,US,No website listed on OpenStreetMap for this restaurant - potential web design / marketing lead.,2026-08-26
La Cocinita,+1-718-880-2312,New York,restaurant,New York,US,No website listed on OpenStreetMap for this restaurant - potential web design / marketing lead.,2026-08-26
GT Rice Bowl,+1-718-323-4000,New York,restaurant,New York,US,No website listed on OpenStreetMap for this restaurant - potential web design / marketing lead.,2026-08-26
La Cocinita II,+1-347-480-5445,New York,restaurant,New York,US,No website listed on OpenStreetMap for this restaurant - potential web design / marketing lead.,2026-08-26
The Ranch Restaurant & Bar,+1-718-206-2333,New York,restaurant,New York,US,No website listed on OpenStreetMap for this restaurant - potential web design / marketing lead.,2026-08-26
India Cafe,+1-718-846-2842,New York,restaurant,New York,US,No website listed on OpenStreetMap for this restaurant - potential web design / marketing lead.,2026-08-26
Tavern on the Mall,+1-716-965-9783,"14 Main Street, Forestville, 14062",restaurant,New York,US,No website listed on OpenStreetMap for this restaurant - potential web design / marketing lead.,2026-08-26
Caves Deli,+1-716-965-2931,"5 Main Street, Forestville, 14062",restaurant,New York,US,No website listed on OpenStreetMap for this restaurant - potential web design / marketing lead.,2026-08-26
Brickyard Tavern and Barbecue,+1-315-504-1009,"2611 Route 11, LaFayette, 13084",restaurant,New York,US,No website listed on OpenStreetMap for this restaurant - potential web design / marketing lead.,2026-08-26
Elegante,+1-718-634-3914,New York,restaurant,New York,US,No website listed on OpenStreetMap for this restaurant - potential web design / marketing lead.,2026-08-26
Zia Maria,+16465907873,"138 Mulberry Street, New York, 10013",restaurant,New York,US,No website listed on OpenStreetMap for this restaurant - potential web design / marketing lead.,2026-08-26
Pee Dee Steak House,+1-212-996-3300,"2006 3rd Avenue, New York, 10029",restaurant,New York,US,No website listed on OpenStreetMap for this restaurant - potential web design / marketing lead.,2026-08-26
Khampa Kitchen Inn,+1-347-507-0216,"75-15 Roosevelt Avenue, Jackson Heights, 11372",restaurant,New York,US,No website listed on OpenStreetMap for this restaurant - potential web design / marketing lead.,2026-08-26
Ananda,+1-212-533-7290,"210 Thompson Street, New York, 10012",restaurant,New York,US,No website listed on OpenStreetMap for this restaurant - potential web design / marketing lead.,2026-08-26
Downtown by Chef Jay Pisculli,+1-607-235-3286,"20 Hawley Street, New York, 13901",restaurant,New York,US,No website listed on OpenStreetMap for this restaurant - potential web design / marketing lead.,2026-08-26
El Rinconcito,+1-212-254-1381,"73-75 Avenue C, New York, 10009",restaurant,New York,US,No website listed on OpenStreetMap for this restaurant - potential web design / marketing lead.,2026-08-26
Bridge Coffee Shop,+1-718-797-0825,New York,restaurant,New York,US,No website listed on OpenStreetMap for this restaurant - potential web design / marketing lead.,2026-08-26
Avicolli's Pizzeria & Italian Restaurant,+1-315-245-4100,"78 Main Street, Camden, 13316",restaurant,New York,US,No website listed on OpenStreetMap for this restaurant - potential web design / marketing lead.,2026-08-26
Funny BBQ,+1-718-633-6868,New York,restaurant,New York,US,No website listed on OpenStreetMap for this restaurant - potential web design / marketing lead.,2026-08-26
Inti Peruvian Cuisine,+1-646-596-9216,"820 10th Avenue, New York, 10019",restaurant,New York,US,No website listed on OpenStreetMap for this restaurant - potential web design / marketing lead.,2026-08-26
Mamasita Bar and Grill/Mexican Fast Food,+1-212-315-9444,"818 10th Avenue, New York, 10019",restaurant,New York,US,No website listed on OpenStreetMap for this restaurant - potential web design / marketing lead.,2026-08-26
Blue Moon Grill,+1-315-598-4770,"122 Cayuga Street, Fulton, 13069",restaurant,New York,US,No website listed on OpenStreetMap for this restaurant - potential web design / marketing lead.,2026-08-26
Akura Sushi,+1-212-679-0888,New York,restaurant,New York,US,No website listed on OpenStreetMap for this restaurant - potential web design / marketing lead.,2026-08-26
Don Antonio,+16467191043,"309 West 50th Street, New York",restaurant,New York,US,No website listed on OpenStreetMap for this restaurant - potential web design / marketing lead.,2026-08-26
Chi Restaurant,+1-212-918-1470,"492 9th Avenue, New York, 10018",restaurant,New York,US,No website listed on OpenStreetMap for this restaurant - potential web design / marketing lead.,2026-08-26
VIP ONE,+17187511151,New York,restaurant,New York,US,No website listed on OpenStreetMap for this restaurant - potential web design / marketing lead.,2026-08-26
Hawaii Poke & Ramen,+1-518-451-9688; +1-518-451-9562,"1603 Columbia Turnpike, New York, 12033",restaurant,New York,US,No website listed on OpenStreetMap for this restaurant - potential web design / marketing lead.,2026-08-26
Chang Yu Restaurant,+1-718-452-7032,"334 Central Avenue, New York",restaurant,New York,US,No website listed on OpenStreetMap for this restaurant - potential web design / marketing lead.,2026-08-26
Ye Olde Hickory House,+1-607-739-2405,"3543 Watkins Road, New York",restaurant,New York,US,No website listed on OpenStreetMap for this restaurant - potential web design / marketing lead.,2026-08-26
Don Udon,+13473656388,"634 Park Place, New York, 11238",restaurant,New York,US,No website listed on OpenStreetMap for this restaurant - potential web design / marketing lead.,2026-08-26
Gin Beach Cafe,+1-631-483-5111,"467 E Lake Dr, Montauk, NY 11954, New York",restaurant,New York,US,No website listed on OpenStreetMap for this restaurant - potential web design / marketing lead.,2026-08-26
Kyuubi Omakase,+1-917-848-5830,New York,restaurant,New York,US,No website listed on OpenStreetMap for this restaurant - potential web design / marketing lead.,2026-08-26
Hot Space,+1 718 939 3237,"39-07 Prince Street, Flushing, 11354",restaurant,New York,US,No website listed on OpenStreetMap for this restaurant - potential web design / marketing lead.,2026-08-26
Dabakh-Kine,+1-718-484-4800,"1933 Fulton Street, Brooklyn, 11233",restaurant,New York,US,No website listed on OpenStreetMap for this restaurant - potential web design / marketing lead.,2026-08-26
Thai Ya,+1-917-472-7750,New York,restaurant,New York,US,No website listed on OpenStreetMap for this restaurant - potential web design / marketing lead.,2026-08-26
Money Cat Vietnamese American,+19293973411,"554 Wilson Avenue, New York, 11207",restaurant,New York,US,No website listed on OpenStreetMap for this restaurant - potential web design / marketing lead.,2026-08-26
Café Fleuri,+1-212-406-1202,"109 Washington Street, New York",restaurant,New York,US,No website listed on OpenStreetMap for this restaurant - potential web design / marketing lead.,2026-08-26
Garcia’s Mexican Restaurant,+1-607-737-7695,"2666 Corning Road, Horseheads, 14845",restaurant,New York,US,No website listed on OpenStreetMap for this restaurant - potential web design / marketing lead.,2026-08-26
Tung Tung Restaurant Inc.,+1-718-232-2288,"6512 18th Avenue, New York, 11204",restaurant,New York,US,No website listed on OpenStreetMap for this restaurant - potential web design / marketing lead.,2026-08-26
La Cachette du Coin,+1-718-737-7656,"625 Rogers Ave, New York",restaurant,New York,US,No website listed on OpenStreetMap for this restaurant - potential web design / marketing lead.,2026-08-26
Shanghai Express,+1-607-562-7070,"84 Canal Street, New York",restaurant,New York,US,No website listed on OpenStreetMap for this restaurant - potential web design / marketing lead.,2026-08-26
Little Town Coffee Shop,+1-718-847-2867,New York,restaurant,New York,US,No website listed on OpenStreetMap for this restaurant - potential web design / marketing lead.,2026-08-26
The Sub Shop,+1-607-735-2980,"215 East 14th Street, New York",restaurant,New York,US,No website listed on OpenStreetMap for this restaurant - potential web design / marketing lead.,2026-08-26
Pelicana Chicken,+17185506313,"941 Manhattan Avenue, Brooklyn, 11222",restaurant,New York,US,No website listed on OpenStreetMap for this restaurant - potential web design / marketing lead.,2026-08-26
Elbow Room,+1-607-734-9166,"1057 Walnut Street, Elmira, 14905",restaurant,New York,US,No website listed on OpenStreetMap for this restaurant - potential web design / marketing lead.,2026-08-26
Lucky Vege House,+1-347-689-3646,New York,restaurant,New York,US,No website listed on OpenStreetMap for this restaurant - potential web design / marketing lead.,2026-08-26
Lucky Zhang 888,+1-929-337-6068,New York,restaurant,New York,US,No website listed on OpenStreetMap for this restaurant - potential web design / marketing lead.,2026-08-26
A&V Pizzeria,+1-914-423-3885,"282 Morsemere Avenue, New York, 10703",restaurant,New York,US,No website listed on OpenStreetMap for this restaurant - potential web design / marketing lead.,2026-08-26
DF Yumways Inc.,+1-917-933-9779,New York,restaurant,New York,US,No website listed on OpenStreetMap for this restaurant - potential web design / marketing lead.,2026-08-26
Last Chance Bar & Restaurant,+1 845-214-0248,New York,restaurant,New York,US,No website listed on OpenStreetMap for this restaurant - potential web design / marketing lead.,2026-08-26
The The Gentleman’s Kitchen,+1-347-962-2557,New York,restaurant,New York,US,No website listed on OpenStreetMap for this restaurant - potential web design / marketing lead.,2026-08-26
Frenchman Street,+1-585-434-0044,"240 East Main Street, Rochester, 14604",restaurant,New York,US,No website listed on OpenStreetMap for this restaurant - potential web design / marketing lead.,2026-08-26
NamPo,+1-929-299-0399,New York,restaurant,New York,US,No website listed on OpenStreetMap for this restaurant - potential web design / marketing lead.,2026-08-26
Chinese Gourmet Kitchen,+1-845-658-8080,"1157 State Route 32, New York, 12472",restaurant,New York,US,No website listed on OpenStreetMap for this restaurant - potential web design / marketing lead.,2026-08-26
Amici Diner,+1-716-580-3090,"8611 Main Street, Williamsville, 14221",restaurant,New York,US,No website listed on OpenStreetMap for this restaurant - potential web design / marketing lead.,2026-08-26
Hong Kong Restaurant,+1-585-237-5500,"10 North Main Street, Perry, 14530",restaurant,New York,US,No website listed on OpenStreetMap for this restaurant - potential web design / marketing lead.,2026-08-26
Taqueria Rio Grande,+1-585-330-8427,"13 North Main Street, Perry, 14530",restaurant,New York,US,No website listed on OpenStreetMap for this restaurant - potential web design / marketing lead.,2026-08-26
Country Kitchen Restaurant,+1-585-237-6663,"34 South Main Street, Perry, 14530",restaurant,New York,US,No website listed on OpenStreetMap for this restaurant - potential web design / marketing lead.,2026-08-26
Reese’s Hideaway,+1-607-565-5151,"579 Broad Street, New York, 14892",restaurant,New York,US,No website listed on OpenStreetMap for this restaurant - potential web design / marketing lead.,2026-08-26
Cam’s Pizzeria,+1-315-536-3065,"25 Main Street, New York, 14527",restaurant,New York,US,No website listed on OpenStreetMap for this restaurant - potential web design / marketing lead.,2026-08-26
Post,+1-917-261-2613,New York,restaurant,New York,US,No website listed on OpenStreetMap for this restaurant - potential web design / marketing lead.,2026-08-26
Burmese Bites,+1-917-560-2480,"38-01 31st Avenue, New York, 11103",restaurant,New York,US,No website listed on OpenStreetMap for this restaurant - potential web design / marketing lead.,2026-08-26
Arlington House,+1-518-674-1880,"3532 State Highway 43, West Sand Lake, 12196",restaurant,New York,US,No website listed on OpenStreetMap for this restaurant - potential web design / marketing lead.,2026-08-26
Red Robin,+1 518 7825121,"880 New Loudon Road, Latham, 12110",restaurant,New York,US,No website listed on OpenStreetMap for this restaurant - potential web design / marketing lead.,2026-08-26
Paolo Lombardi's Ristorante,+1-518-283-0202,"104 West Sand Lake Road, Wynantskill, 12198",restaurant,New York,US,No website listed on OpenStreetMap for this restaurant - potential web design / marketing lead.,2026-08-26
Lakeview on Crystal Lake,+1-518-674-3363,"4 Old State Highway 66, Averill Park, 12018",restaurant,New York,US,No website listed on OpenStreetMap for this restaurant - potential web design / marketing lead.,2026-08-26
El Mariachi Mexican Restaurant,+1-518-432-7580,"289 Hamilton Street, Albany, 12210",restaurant,New York,US,No website listed on OpenStreetMap for this restaurant - potential web design / marketing lead.,2026-08-26
Kay's Famous Pizza,+1-518-674-5413,"Second Dyke Road, Averill Park, 12018",restaurant,New York,US,No website listed on OpenStreetMap for this restaurant - potential web design / marketing lead.,2026-08-26
Morrettes Restaurant,+1-518-370-0555,"1126 Erie Boulevard, Schenectady, 12305",restaurant,New York,US,No website listed on OpenStreetMap for this restaurant - potential web design / marketing lead.,2026-08-26
Gateway Diner,+1 518-482-7557,"899 Central Avenue, Albany, 12206",restaurant,New York,US,No website listed on OpenStreetMap for this restaurant - potential web design / marketing lead.,2026-08-26
Taste of Thai Express,+1 607-272-8424,"209 South Meadow Street, Ithaca, 14850",restaurant,New York,US,No website listed on OpenStreetMap for this restaurant - potential web design / marketing lead.,2026-08-26
Ruby Tuesday,+1 518-843-5064,"4917 State Highway 30, Amsterdam, 12010",restaurant,New York,US,No website listed on OpenStreetMap for this restaurant - potential web design / marketing lead.,2026-08-26
Orchard Tavern,+1-518-482-5677,"68 North Manning Boulevard, Albany, 12206",restaurant,New York,US,No website listed on OpenStreetMap for this restaurant - potential web design / marketing lead.,2026-08-26
Red Robin,+1 585-475-1410,"740 Jefferson Road, Rochester, 14623",restaurant,New York,US,No website listed on OpenStreetMap for this restaurant - potential web design / marketing lead.,2026-08-26
Sheridan Family Restaurant,+1-716-839-3011,"3901 Sheridan Drive, Buffalo, 14226",restaurant,New York,US,No website listed on OpenStreetMap for this restaurant - potential web design / marketing lead.,2026-08-26
The Ice House,+1 518 886 1859,"70 Putnam Street, Saratoga Springs, 12866",restaurant,New York,US,No website listed on OpenStreetMap for this restaurant - potential web design / marketing lead.,2026-08-26
JJ's Miss Syracuse Diner,+1-315-471-1500,"258 East Water Street, Syracuse, 13202",restaurant,New York,US,No website listed on OpenStreetMap for this restaurant - potential web design / marketing lead.,2026-08-26
Pied Piper Drive-In,+1-315-369-3115,"3168 State Route 28, Old Forge, 13420",restaurant,New York,US,No website listed on OpenStreetMap for this restaurant - potential web design / marketing lead.,2026-08-26
Halfmoon Diner,+1-518-371-1177,"231 Grooms Road, Clifton Park, 12065",restaurant,New York,US,No website listed on OpenStreetMap for this restaurant - potential web design / marketing lead.,2026-08-26
Sahara Mediterranean Cuisine,+1 315 488 8400,New York,restaurant,New York,US,No website listed on OpenStreetMap for this restaurant - potential web design / marketing lead.,2026-08-26
Mother's Cupboard,+1-315-432-0942,"3709 James Street, DeWitt, 13206",restaurant,New York,US,No website listed on OpenStreetMap for this restaurant - potential web design / marketing lead.,2026-08-26
Gem Diner,+1-315-314-7380,"832 Spencer Street, Syracuse, 13204",restaurant,New York,US,No website listed on OpenStreetMap for this restaurant - potential web design / marketing lead.,2026-08-26
The Cheesecake Factory,+1 914-709-9240,"140 Market Street, New York",restaurant,New York,US,No website listed on OpenStreetMap for this restaurant - potential web design / marketing lead.,2026-08-26
Pixley's Restaurant,+1 585-247-1690,"2235 Buffalo Road, Rochester, 14624",restaurant,New York,US,No website listed on OpenStreetMap for this restaurant - potential web design / marketing lead.,2026-08-26
Canton Eatery,+1 585-510-6886,"2351 Buffalo Road, Rochester, 14624",restaurant,New York,US,No website listed on OpenStreetMap for this restaurant - potential web design / marketing lead.,2026-08-26
Number One Rochester Restaurant,+1-585-247-9220,"2317 Buffalo Road, Rochester, 14624",restaurant,New York,US,No website listed on OpenStreetMap for this restaurant - potential web design / marketing lead.,2026-08-26
Mimi's Drive Inn,+1-315-593-7400,"201 North 2nd Street, Fulton, 13069",restaurant,New York,US,No website listed on OpenStreetMap for this restaurant - potential web design / marketing lead.,2026-08-26
Boom Boom Mex Mex,+1 315 673 1151,"3263 Howlett Hill Road, Camillus, 13031",restaurant,New York,US,No website listed on OpenStreetMap for this restaurant - potential web design / marketing lead.,2026-08-26
Ocean Sushi,+1-315-800-0010,"2960 Erie Boulevard East, Syracuse, 13224",restaurant,New York,US,No website listed on OpenStreetMap for this restaurant - potential web design / marketing lead.,2026-08-26
Friendly's,+1 607 729 2250,"561 Harry L Drive, Johnson City, 13790",restaurant,New York,US,No website listed on OpenStreetMap for this restaurant - potential web design / marketing lead.,2026-08-26
Acorn Pub & Eatery,+1-518-548-3606,"141 Novosel Way, Indian Lake, 12842",restaurant,New York,US,No website listed on OpenStreetMap for this restaurant - potential web design / marketing lead.,2026-08-26
Fortune House,+1-718-855-7055,"82 Henry Street, Brooklyn, 11201",restaurant,New York,US,No website listed on OpenStreetMap for this restaurant - potential web design / marketing lead.,2026-08-26
The Ugly Rooster Cafe,+1-518-334-1328,"2476 US 9, New York",restaurant,New York,US,No website listed on OpenStreetMap for this restaurant - potential web design / marketing lead.,2026-08-26
Robbie T's Pizza,+1-315-469-3171,"4625 North Street, Jamesville",restaurant,New York,US,No website listed on OpenStreetMap for this restaurant - potential web design / marketing lead.,2026-08-26
Red Lobster,+1-718-964-2057,"455 Gateway Drive, Brooklyn, 11239",restaurant,New York,US,No website listed on OpenStreetMap for this restaurant - potential web design / marketing lead.,2026-08-26
Istanbul Kebab House,+1 914-400-0056,"1409 Kings Highway, New York, 11229",restaurant,New York,US,No website listed on OpenStreetMap for this restaurant - potential web design / marketing lead.,2026-08-26
EastSide Story,+1-646-386-7897,"265 East 10th Street, New York City, 10009",restaurant,New York,US,No website listed on OpenStreetMap for this restaurant - potential web design / marketing lead.,2026-08-26
Nuevo Mexico,+1-718-832-0050,"489 5th Avenue, New York, 11215",restaurant,New York,US,No website listed on OpenStreetMap for this restaurant - potential web design / marketing lead.,2026-08-26
Golden Leo,+1 718-332-7777,"1794 Sheepshead Bay Road, New York, 11235",restaurant,New York,US,No website listed on OpenStreetMap for this restaurant - potential web design / marketing lead.,2026-08-26
Masakari,+1-718-332-3899,"1631 Sheepshead Bay Road, Brooklyn, 11235",restaurant,New York,US,No website listed on OpenStreetMap for this restaurant - potential web design / marketing lead.,2026-08-26
Parkview Diner,+1-718-333-9400,"2939 Cropsey Avenue, Brooklyn, 11214",restaurant,New York,US,No website listed on OpenStreetMap for this restaurant - potential web design / marketing lead.,2026-08-26
Giulia's Cucina & Dessert,+1-718-259-2900,"1611-13 Bay Ridge Parkway, New York, 11204",restaurant,New York,US,No website listed on OpenStreetMap for this restaurant - potential web design / marketing lead.,2026-08-26
Viva Mexico Restaurant,+1-347-374-3613,"1474 86th Street, New York, 11228",restaurant,New York,US,No website listed on OpenStreetMap for this restaurant - potential web design / marketing lead.,2026-08-26
Rakuzen AYCE Sushi,+1-718-238-0008,"6408 Fort Hamilton Parkway, Brooklyn, 11219",restaurant,New York,US,No website listed on OpenStreetMap for this restaurant - potential web design / marketing lead.,2026-08-26
Ocean Palace Seafood Restaurant,+1 718 871-8080,"5423 8th Avenue, Brooklyn, 11220",restaurant,New York,US,No website listed on OpenStreetMap for this restaurant - potential web design / marketing lead.,2026-08-26
Mister Hotpot,+1-718-633-5197,"5306 8th Avenue, New York, 11220",restaurant,New York,US,No website listed on OpenStreetMap for this restaurant - potential web design / marketing lead.,2026-08-26
Wong Wong Noodle Shop,+1-718-633-5633,"5410 8th Avenue, Brooklyn, 11220",restaurant,New York,US,No website listed on OpenStreetMap for this restaurant - potential web design / marketing lead.,2026-08-26
John's Gyro Souvlaki,+1-718-638-0412,"481 Myrtle Avenue, New York, 11205",restaurant,New York,US,No website listed on OpenStreetMap for this restaurant - potential web design / marketing lead.,2026-08-26
Tortilleria Mexicana Tres Hermanos,+1-718-456-3422,"271 Starr Street, Brooklyn, 11237",restaurant,New York,US,No website listed on OpenStreetMap for this restaurant - potential web design / marketing lead.,2026-08-26
Il Gigante,+1-516-927-0041,"880 Woodward Avenue, New York, 11385",restaurant,New York,US,No website listed on OpenStreetMap for this restaurant - potential web design / marketing lead.,2026-08-26
Azteca Mexican Grill,+1 315 341 7045,"53 East Bridge Street, Oswego, 13126",restaurant,New York,US,No website listed on OpenStreetMap for this restaurant - potential web design / marketing lead.,2026-08-26
C Gourmet,+1-845-338-0033,"907 Ulster Avenue, Kingston, 12401",restaurant,New York,US,No website listed on OpenStreetMap for this restaurant - potential web design / marketing lead.,2026-08-26
Lucky's Famous Burger,+1 212-247-6717,"370 West 52nd Street, New York, 10019",restaurant,New York,US,No website listed on OpenStreetMap for this restaurant - potential web design / marketing lead.,2026-08-26
Lechonera Tropical & Grill,+1 212-722-1344,"172 East 103rd Street, New York, 10029",restaurant,New York,US,No website listed on OpenStreetMap for this restaurant - potential web design / marketing lead.,2026-08-26
Pearl Diner,+1-212-344-6620,"212 Pearl Street, New York, 10038",restaurant,New York,US,No website listed on OpenStreetMap for this restaurant - potential web design / marketing lead.,2026-08-26
Ping's Seafood,+1 212 602-9988,"22 Mott Street, New York, 10013",restaurant,New York,US,No website listed on OpenStreetMap for this restaurant - potential web design / marketing lead.,2026-08-26
Good Good Taste,+1-212-964-4888,"13A Market Street, New York, 10002",restaurant,New York,US,No website listed on OpenStreetMap for this restaurant - potential web design / marketing lead.,2026-08-26
Vegan QuickBites by Next Stop Vegan,+19179091584,"685 Manhattan Avenue, New York, 11222",restaurant,New York,US,No website listed on OpenStreetMap for this restaurant - potential web design / marketing lead.,2026-08-26
Donato's Restaurant & Pizza,+1 718-507-4591,"50-22 39th Avenue, New York, 11377",restaurant,New York,US,No website listed on OpenStreetMap for this restaurant - potential web design / marketing lead.,2026-08-26
Panda Garden,+1 718-424-1011,"59-17 Roosevelt Avenue, New York, 11377",restaurant,New York,US,No website listed on OpenStreetMap for this restaurant - potential web design / marketing lead.,2026-08-26
Los Amigos By Restaurant,+1 718-956-8855,"22-73 31st Street, New York, 11105",restaurant,New York,US,No website listed on OpenStreetMap for this restaurant - potential web design / marketing lead.,2026-08-26
Star Light,+1-718-505-8800,New York,restaurant,New York,US,No website listed on OpenStreetMap for this restaurant - potential web design / marketing lead.,2026-08-26
Punjabi Kabab House,+1-718-846-2800,"91-52 Lefferts Boulevard, New York, 11418",restaurant,New York,US,No website listed on OpenStreetMap for this restaurant - potential web design / marketing lead.,2026-08-26
G's Homestyle Cooking,+1 718 262-9320,"95-08 Sutphin Boulevard, Jamaica, 11435",restaurant,New York,US,No website listed on OpenStreetMap for this restaurant - potential web design / marketing lead.,2026-08-26
Maxie's Luncheonette,+1 718 526-9819,"95-04 Sutphin Boulevard, Jamaica, 11435",restaurant,New York,US,No website listed on OpenStreetMap for this restaurant - potential web design / marketing lead.,2026-08-26
Springfield Diner,+1-718-525-3540,"128-13 Merrick Boulevard, New York, 11434",restaurant,New York,US,No website listed on OpenStreetMap for this restaurant - potential web design / marketing lead.,2026-08-26
Silver Spoon Restaurant & Jerk Center,+1-718-468-3624,"207-12 Hollis Avenue, New York, 11429",restaurant,New York,US,No website listed on OpenStreetMap for this restaurant - potential web design / marketing lead.,2026-08-26
Amico Pizza,+1 585-544-8380,"859 Ridge Road East, Rochester, 14621",restaurant,New York,US,No website listed on OpenStreetMap for this restaurant - potential web design / marketing lead.,2026-08-26
Neptune Diner,+1-718-281-0330,"35-01 Bell Boulevard, Bayside, 11361",restaurant,New York,US,No website listed on OpenStreetMap for this restaurant - potential web design / marketing lead.,2026-08-26
Hahm Ji Bach,+1 718 460-9289,"40-11 149th Place, Flushing, 11354",restaurant,New York,US,No website listed on OpenStreetMap for this restaurant - potential web design / marketing lead.,2026-08-26
Happy Lamb Hot Pot,+1 718 762-8881,"136-59 37th Avenue, Flushing, 11354",restaurant,New York,US,No website listed on OpenStreetMap for this restaurant - potential web design / marketing lead.,2026-08-26
Little Pepper,+1 718 939-7788,"18-24 College Point Boulevard, College Point, 11356",restaurant,New York,US,No website listed on OpenStreetMap for this restaurant - potential web design / marketing lead.,2026-08-26
The Sugar Bowl,+17189451409,"15 Bedford Avenue, Breezy Point, 11697",restaurant,New York,US,No website listed on OpenStreetMap for this restaurant - potential web design / marketing lead.,2026-08-26
Olive Garden,+1 315-652-1950,"4125 Route 31, Clay, 13041",restaurant,New York,US,No website listed on OpenStreetMap for this restaurant - potential web design / marketing lead.,2026-08-26
Skyport Restaurant,+1 518 382 9773,New York,restaurant,New York,US,No website listed on OpenStreetMap for this restaurant - potential web design / marketing lead.,2026-08-26
Herbert's Steak Ranch,+1-315-769-9788,"16 Trippany Road Extension, Massena, 13662",restaurant,New York,US,No website listed on OpenStreetMap for this restaurant - potential web design / marketing lead.,2026-08-26
Michael's Diner,+1-845-336-6514,"1071 Ulster Avenue, Kingston, 12401",restaurant,New York,US,No website listed on OpenStreetMap for this restaurant - potential web design / marketing lead.,2026-08-26
Mayfield Grill,+1-518-661-6088,"8 School Street, Mayfield, 12117",restaurant,New York,US,No website listed on OpenStreetMap for this restaurant - potential web design / marketing lead.,2026-08-26
Le Gamin,+1-518-828-2885,"609 Warren Street, Hudson, 12534",restaurant,New York,US,No website listed on OpenStreetMap for this restaurant - potential web design / marketing lead.,2026-08-26
Tatte Bakery & Café,+1-516-203-8634,"910 Franklin Avenue, Garden City, 11530",restaurant,New York,US,No website listed on OpenStreetMap for this restaurant - potential web design / marketing lead.,2026-08-26
Oakhurst Diner,+1-518-592-1313,"19 Main Street, Millerton, 12546",restaurant,New York,US,No website listed on OpenStreetMap for this restaurant - potential web design / marketing lead.,2026-08-26
Lake Placid Pub & Brewery,+1 518-523-3813,"813 Mirror Lake Drive, Lake Placid, 12946-3829",restaurant,New York,US,No website listed on OpenStreetMap for this restaurant - potential web design / marketing lead.,2026-08-26
Railroad Street Tavern,+1-518-854-8220,"219 North Main Street, Salem, 12865",restaurant,New York,US,No website listed on OpenStreetMap for this restaurant - potential web design / marketing lead.,2026-08-26
Samson's Bar & Restaurant,+1-518-477-5353,"1736 Route 9, Castleton On Hudson, 12033",restaurant,New York,US,No website listed on OpenStreetMap for this restaurant - potential web design / marketing lead.,2026-08-26
Pizza Mia,+1-845-691-4545,New York,restaurant,New York,US,No website listed on OpenStreetMap for this restaurant - potential web design / marketing lead.,2026-08-26
Nonna's of Putnam Valley,+1-845-603-6754; +1-845-603-6755; +1-845-603-6756,"17 Peekskill Hollow Road, Putnam Valley, 10579",restaurant,New York,US,No website listed on OpenStreetMap for this restaurant - potential web design / marketing lead.,2026-08-26
Apollo Saugerties Diner,+1-845-246-9384,New York,restaurant,New York,US,No website listed on OpenStreetMap for this restaurant - potential web design / marketing lead.,2026-08-26
Chili's,+1-716-832-3730,"1145 Niagara Falls Boulevard, Amherst, 14226",restaurant,New York,US,No website listed on OpenStreetMap for this restaurant - potential web design / marketing lead.,2026-08-26
Pizza Supreme,+1 518-883-5555,"2 North Main Street, Broadalbin, 12025",restaurant,New York,US,No website listed on OpenStreetMap for this restaurant - potential web design / marketing lead.,2026-08-26
Lemoncello Italian Restaurant & Bar,+1 585-385-8565,"137 West Commercial Street, East Rochester, 14445",restaurant,New York,US,No website listed on OpenStreetMap for this restaurant - potential web design / marketing lead.,2026-08-26
Blue Ribbon,+1 518-393-2600,"1801 State Street, Schenectady, 12304",restaurant,New York,US,No website listed on OpenStreetMap for this restaurant - potential web design / marketing lead.,2026-08-26
Stone Cat Cafe,+1-607-546-5000,"5315 State Route 414, Hector, 14841",restaurant,New York,US,No website listed on OpenStreetMap for this restaurant - potential web design / marketing lead.,2026-08-26
Kiyomi Japanese Steakhouse,+1 315 343 8889,"311 West Seneca Street, Oswego, 13126",restaurant,New York,US,No website listed on OpenStreetMap for this restaurant - potential web design / marketing lead.,2026-08-26
Hudson Buffet,+1-845-896-8008,"18 Westage Business Center Drive, Fishkill, 12524",restaurant,New York,US,No website listed on OpenStreetMap for this restaurant - potential web design / marketing lead.,2026-08-26
Bella Vita Pizza,+1-631-749-5462,"53 North Ferry Road, Shelter Island, 11964",restaurant,New York,US,No website listed on OpenStreetMap for this restaurant - potential web design / marketing lead.,2026-08-26
Lange's Little Store,+1-914-238-3553,"382 King Street, Chappaqua, 10514",restaurant,New York,US,No website listed on OpenStreetMap for this restaurant - potential web design / marketing lead.,2026-08-26
Grumpy Jack's Inc,+1-631-473-4262,"28 Oakland Avenue, Port Jefferson, 11777",restaurant,New York,US,No website listed on OpenStreetMap for this restaurant - potential web design / marketing lead.,2026-08-26
Friendly's,+1-631-751-3150,"201 Hallock Road, Stony Brook, 11790",restaurant,New York,US,No website listed on OpenStreetMap for this restaurant - potential web design / marketing lead.,2026-08-26
Sand Castle on the Ocean,+1 631 597 4174,"106 Lewis Walk, Fire Island, 11782",restaurant,New York,US,No website listed on OpenStreetMap for this restaurant - potential web design / marketing lead.,2026-08-26
Top of the Bay Bistro,+1 631 597 6028,"1 Dock Walk, Cherry Grove, 11782",restaurant,New York,US,No website listed on OpenStreetMap for this restaurant - potential web design / marketing lead.,2026-08-26
Maya Cafe,+1-845-896-4042,"448 US 9, Fishkill, 12524",restaurant,New York,US,No website listed on OpenStreetMap for this restaurant - potential web design / marketing lead.,2026-08-26
Villa Monaco Restaurant,+1-631-661-5599,"778 Montauk Highway, West Islip, 11795",restaurant,New York,US,No website listed on OpenStreetMap for this restaurant - potential web design / marketing lead.,2026-08-26
Rosanna's,+1-518-462-9176,"23 Dove Street, Albany, 12210",restaurant,New York,US,No website listed on OpenStreetMap for this restaurant - potential web design / marketing lead.,2026-08-26
Mount Ivy All American Diner,+1 845-364-0100,"1669 Route 202, Pomona, 10970",restaurant,New York,US,No website listed on OpenStreetMap for this restaurant - potential web design / marketing lead.,2026-08-26
North Star,+1-315-482-5825,"114 State Route 12, Alexandria Bay, 13607",restaurant,New York,US,No website listed on OpenStreetMap for this restaurant - potential web design / marketing lead.,2026-08-26
Santorini Pizza & Greek Restaurant,+1-516-593-9600,"165 Atlantic Avenue, Lynbrook, 11563",restaurant,New York,US,No website listed on OpenStreetMap for this restaurant - potential web design / marketing lead.,2026-08-26
Texas Roadhouse,+1-518-453-3444,"105 Wolf Road, New York",restaurant,New York,US,No website listed on OpenStreetMap for this restaurant - potential web design / marketing lead.,2026-08-26
Pho Vietnam,+1 315 733 6888,"4479 Commercial Drive, New Hartford, 13413",restaurant,New York,US,No website listed on OpenStreetMap for this restaurant - potential web design / marketing lead.,2026-08-26
Bella Lena's Restaurant & Pizzeria,+1-845-467-4572,"511 Route 17M, Middletown, 10940",restaurant,New York,US,No website listed on OpenStreetMap for this restaurant - potential web design / marketing lead.,2026-08-26
The Greene Turtle Sports Bar & Grille,+1-516-280-7251,"1740 Hempstead Turnpike, East Meadow, 11554",restaurant,New York,US,No website listed on OpenStreetMap for this restaurant - potential web design / marketing lead.,2026-08-26
Seasons 52,+1 516-248-5252,New York,restaurant,New York,US,No website listed on OpenStreetMap for this restaurant - potential web design / marketing lead.,2026-08-26
Viva Cinco De Mayo,+1-518-650-8605,"809 Madison Avenue, Albany, 12208",restaurant,New York,US,No website listed on OpenStreetMap for this restaurant - potential web design / marketing lead.,2026-08-26
Asian Garden,+1-315-652-8899,"7873 Oswego Road, Liverpool, 13090",restaurant,New York,US,No website listed on OpenStreetMap for this restaurant - potential web design / marketing lead.,2026-08-26
Home Team Pub,+1-315-622-2250,"7990 Oswego Road, Liverpool, 13090",restaurant,New York,US,No website listed on OpenStreetMap for this restaurant - potential web design / marketing lead.,2026-08-26
JB's Bar and Grill,+1-607-522-5277,"10832 Gloades Corners Road, Prattsburgh, 14873",restaurant,New York,US,No website listed on OpenStreetMap for this restaurant - potential web design / marketing lead.,2026-08-26
Wing Wan,+1-516-292-9309,"248 Hempstead Avenue, West Hempstead, 11552",restaurant,New York,US,No website listed on OpenStreetMap for this restaurant - potential web design / marketing lead.,2026-08-26
King Umberto,+1-516-352-8391,"1343 Hempstead Turnpike, Elmont, 11003",restaurant,New York,US,No website listed on OpenStreetMap for this restaurant - potential web design / marketing lead.,2026-08-26
IHOP,+1-607-644-9051,"3720 Vestal Parkway East, Vestal, 13850",restaurant,New York,US,No website listed on OpenStreetMap for this restaurant - potential web design / marketing lead.,2026-08-26
Apple Dumplin,+1-716-592-0171,"521 South Cascade Drive, Springville, 14141",restaurant,New York,US,No website listed on OpenStreetMap for this restaurant - potential web design / marketing lead.,2026-08-26
Panda House,+1-716-592-1888,"57 West Main Street, Springville, 14141",restaurant,New York,US,No website listed on OpenStreetMap for this restaurant - potential web design / marketing lead.,2026-08-26
China Buffet,+1 607 563 1226,"1 Mang Drive, Sidney, 13838",restaurant,New York,US,No website listed on OpenStreetMap for this restaurant - potential web design / marketing lead.,2026-08-26
Cozy Corner,+1-716-592-9545,"690 East Main Street, Springville, 14141",restaurant,New York,US,No website listed on OpenStreetMap for this restaurant - potential web design / marketing lead.,2026-08-26
Wehrle Restaurant,+1-716-837-0050,"29 Wehrle Dr, Buffalo, 14225",restaurant,New York,US,No website listed on OpenStreetMap for this restaurant - potential web design / marketing lead.,2026-08-26
Villa Gaudio - Pizzeria & Restaurant,+1-845-361-3747,"2850 State Highway 17K, Pine Bush, 10915",restaurant,New York,US,No website listed on OpenStreetMap for this restaurant - potential web design / marketing lead.,2026-08-26
Denny's,+1-716-283-5560,"8020 Niagara Falls Boulevard, Niagara Falls, 14304",restaurant,New York,US,No website listed on OpenStreetMap for this restaurant - potential web design / marketing lead.,2026-08-26
Pretty Toni's Cafe,+1-516-285-8664,"759 West Merrick Road, Valley Stream, 11580",restaurant,New York,US,No website listed on OpenStreetMap for this restaurant - potential web design / marketing lead.,2026-08-26
La Morenita Market,+1-845-342-2287,"89 Cottage Street, Middletown, 10940",restaurant,New York,US,No website listed on OpenStreetMap for this restaurant - potential web design / marketing lead.,2026-08-26
Elsie's Luncheonette,+1-845-294-5765,"130 West Main Street, Middletown, 10940",restaurant,New York,US,No website listed on OpenStreetMap for this restaurant - potential web design / marketing lead.,2026-08-26
Pellegrino & Son's Pizzeria,+1-845-343-6001,"57 Dolson Avenue, Middletown, 10940",restaurant,New York,US,No website listed on OpenStreetMap for this restaurant - potential web design / marketing lead.,2026-08-26
Colonial Diner,+1-845-342-3500,"8 Dolson Avenue, Middletown, 10940",restaurant,New York,US,No website listed on OpenStreetMap for this restaurant - potential web design / marketing lead.,2026-08-26
A Tavolo,+1-607-677-0067,"42 Chenango Bridge Road, Binghamton, 13901",restaurant,New York,US,No website listed on OpenStreetMap for this restaurant - potential web design / marketing lead.,2026-08-26
Siena,+1-716-839-3108,"4516 Main Street, Amherst, 14226",restaurant,New York,US,No website listed on OpenStreetMap for this restaurant - potential web design / marketing lead.,2026-08-26
Trattoria Calabria,+1-315-724-0019,"706 Culver Avenue, Utica, 13501",restaurant,New York,US,No website listed on OpenStreetMap for this restaurant - potential web design / marketing lead.,2026-08-26
Jackie's Diner,+1 518-883-8600,"1472 State Route 29, Gloversville, 12078",restaurant,New York,US,No website listed on OpenStreetMap for this restaurant - potential web design / marketing lead.,2026-08-26
Thai Mii Up Cuisine,+1 585-491-6331,"1780 East Ridge Road, Rochester, 14622",restaurant,New York,US,No website listed on OpenStreetMap for this restaurant - potential web design / marketing lead.,2026-08-26
El Rinconsito Caribeño,+1 585-434-2106,"478 Portland Avenue, Rochester, 14605",restaurant,New York,US,No website listed on OpenStreetMap for this restaurant - potential web design / marketing lead.,2026-08-26
Mar Rays Jamaican Restaurant & Lounge,+1 585-544-7297,"852 Portland Avenue, Rochester, 14621",restaurant,New York,US,No website listed on OpenStreetMap for this restaurant - potential web design / marketing lead.,2026-08-26
Happy Star,+1 518-585-7488,"87;189 Montcalm Street, Ticonderoga, 12883",restaurant,New York,US,No website listed on OpenStreetMap for this restaurant - potential web design / marketing lead.,2026-08-26
Wagon Wheel,+15185857755,"1065 Wicker Street, Ticonderoga, 12883",restaurant,New York,US,No website listed on OpenStreetMap for this restaurant - potential web design / marketing lead.,2026-08-26
Emeralds Restaurant II,+1 518-585-7657,"872 State Highway 9N, Ticonderoga, 12883",restaurant,New York,US,No website listed on OpenStreetMap for this restaurant - potential web design / marketing lead.,2026-08-26
BLD Diner,+1-914-833-2062,"2399 Boston Post Road, Larchmont, 10538",restaurant,New York,US,No website listed on OpenStreetMap for this restaurant - potential web design / marketing lead.,2026-08-26
Fuji Mountain,+1-914-833-3838,"2375 Boston Post Road, Larchmont, 10538",restaurant,New York,US,No website listed on OpenStreetMap for this restaurant - potential web design / marketing lead.,2026-08-26
Nautilus Diner,+1-914-833-1320,"1240 West Boston Post Road, Mamaroneck, 10543",restaurant,New York,US,No website listed on OpenStreetMap for this restaurant - potential web design / marketing lead.,2026-08-26
Durian,+1-914-833-1900,"147 North Chatsworth Avenue, Larchmont, 10538",restaurant,New York,US,No website listed on OpenStreetMap for this restaurant - potential web design / marketing lead.,2026-08-26
Casear's Pizza,+1-518-775-5000,"253 North Main Street, Gloversville, 12078",restaurant,New York,US,No website listed on OpenStreetMap for this restaurant - potential web design / marketing lead.,2026-08-26
House Chen,+1-518-752-5022,"263 North Main Street, Gloversville, 12078",restaurant,New York,US,No website listed on OpenStreetMap for this restaurant - potential web design / marketing lead.,2026-08-26
Al's Pizzeria,+1-518-725-8816,"201 North Main Street, Gloversville, 12078",restaurant,New York,US,No website listed on OpenStreetMap for this restaurant - potential web design / marketing lead.,2026-08-26
The Pines Restaurant and Event Center,+1-518-725-4653,"301 North Kingsboro Avenue, Gloversville, 12078",restaurant,New York,US,No website listed on OpenStreetMap for this restaurant - potential web design / marketing lead.,2026-08-26
Giuseppe's Pizza,+1-518-834-5050,"243 Route 9N, Keeseville, 12944",restaurant,New York,US,No website listed on OpenStreetMap for this restaurant - potential web design / marketing lead.,2026-08-26
Apple Lodge Eatery,+1 518-215-4048,"9483 Route 9, Chazy, 12921",restaurant,New York,US,No website listed on OpenStreetMap for this restaurant - potential web design / marketing lead.,2026-08-26
Michigans Plus,+1-518-561-0537,"313 Cornelia Street, Plattsburgh, 12901",restaurant,New York,US,No website listed on OpenStreetMap for this restaurant - potential web design / marketing lead.,2026-08-26
The Woodshed on Park,+1 518-929-8067,"218 Park Street, Tupper Lake, 12986",restaurant,New York,US,No website listed on OpenStreetMap for this restaurant - potential web design / marketing lead.,2026-08-26
Tyler's New York Pizzeria,+1 518-359-3300,"9 Main Street, Tupper Lake, 12986",restaurant,New York,US,No website listed on OpenStreetMap for this restaurant - potential web design / marketing lead.,2026-08-26
Pine Grove Restaurant,+1 518-359-3669,"166 Main Street, Tupper Lake, 12986",restaurant,New York,US,No website listed on OpenStreetMap for this restaurant - potential web design / marketing lead.,2026-08-26
Little Italy,+1 518-359-7177,"146 Park Street, Tupper Lake, 12986",restaurant,New York,US,No website listed on OpenStreetMap for this restaurant - potential web design / marketing lead.,2026-08-26
RMR Bar & Grill,+13152740351,"3927 State Route 56, South Colton, 13687",restaurant,New York,US,No website listed on OpenStreetMap for this restaurant - potential web design / marketing lead.,2026-08-26
The Meadows Restaurant,+1-315-386-1139,"5855 County Route 27, Canton, 13617",restaurant,New York,US,No website listed on OpenStreetMap for this restaurant - potential web design / marketing lead.,2026-08-26
The Crab Shack,+1 518 597 3455,"2922 State Highway 9N, Crown Point, 12928",restaurant,New York,US,No website listed on OpenStreetMap for this restaurant - potential web design / marketing lead.,2026-08-26
The Galley,+1 518-962-4899,"20 Washington Street, Westport, 12993",restaurant,New York,US,No website listed on OpenStreetMap for this restaurant - potential web design / marketing lead.,2026-08-26
China Garden,+13154298888,"66 Main, Dolgeville, 13329",restaurant,New York,US,No website listed on OpenStreetMap for this restaurant - potential web design / marketing lead.,2026-08-26
VFW Post 2338,+13158225170,"752 State Route 20, West Winfield, 13491",restaurant,New York,US,No website listed on OpenStreetMap for this restaurant - potential web design / marketing lead.,2026-08-26
Red Door,+13158223493,"661 State Route 20, West Winfield, 13491",restaurant,New York,US,No website listed on OpenStreetMap for this restaurant - potential web design / marketing lead.,2026-08-26
Joe’s New York Pizzeria,+13158226969,"233 West Main Street, West Winfield, 13491",restaurant,New York,US,No website listed on OpenStreetMap for this restaurant - potential web design / marketing lead.,2026-08-26
Giavano's Pizzeria,+1-518-743-9999,"92 Saratoga Avenue, South Glens Falls, 12803",restaurant,New York,US,No website listed on OpenStreetMap for this restaurant - potential web design / marketing lead.,2026-08-26
Pope's Pizza,+1-518-587-1643,"232 Washington Street, Saratoga Springs, 12866",restaurant,New York,US,No website listed on OpenStreetMap for this restaurant - potential web design / marketing lead.,2026-08-26
Lakeside Marina and Tavern,+1 518-883-5253,"306 Woods Hollow Road, New York, 12078",restaurant,New York,US,No website listed on OpenStreetMap for this restaurant - potential web design / marketing lead.,2026-08-26
Peaceful Valley Maple Farms,+1 518-762-8936,New York,restaurant,New York,US,No website listed on OpenStreetMap for this restaurant - potential web design / marketing lead.,2026-08-26
Harold's Restaurant and Lounge,+1-518-725-9018,"176 West Fulton Street, Gloversville, 12078",restaurant,New York,US,No website listed on OpenStreetMap for this restaurant - potential web design / marketing lead.,2026-08-26
French Creek Tavern,+17163554420,"1614 French Creek Mina Road, Clymer, 14724",restaurant,New York,US,No website listed on OpenStreetMap for this restaurant - potential web design / marketing lead.,2026-08-26
Green Door Tavern,+1-716-386-3229,"4739 Route 430, Bemus Point",restaurant,New York,US,No website listed on OpenStreetMap for this restaurant - potential web design / marketing lead.,2026-08-26
Tulip's Brunch House,+1-716-224-2888,"186 South Erie Street, Mayville, 14757",restaurant,New York,US,No website listed on OpenStreetMap for this restaurant - potential web design / marketing lead.,2026-08-26
Muhleisen's Restaurant,+1-607-276-8811,"60 Main Street, Almond, 14804",restaurant,New York,US,No website listed on OpenStreetMap for this restaurant - potential web design / marketing lead.,2026-08-26
Little Sicily's,+1 607-587-9570,"933 State Highway 244, Alfred Station, 14803",restaurant,New York,US,No website listed on OpenStreetMap for this restaurant - potential web design / marketing lead.,2026-08-26
Las Brasas Mexican Grill,+1-585-296-3810,"3202 Andover Road, Wellsville, 14895",restaurant,New York,US,No website listed on OpenStreetMap for this restaurant - potential web design / marketing lead.,2026-08-26
The Village Cafe,+1-607-295-7234,"7937 State Route 36, Arkport, 14807",restaurant,New York,US,No website listed on OpenStreetMap for this restaurant - potential web design / marketing lead.,2026-08-26
The Elf in the Oak,+16075464641,"4221 State Route 414, Burdett, 14818",restaurant,New York,US,No website listed on OpenStreetMap for this restaurant - potential web design / marketing lead.,2026-08-26
Goatie Whites,+1 845 254 3005,"46 Depot Street, Fleischmanns, 12430",restaurant,New York,US,No website listed on OpenStreetMap for this restaurant - potential web design / marketing lead.,2026-08-26
Pop's Bakery and Deli,+1-585-229-1328,"8608 Main Street, Honeoye, 14471",restaurant,New York,US,No website listed on OpenStreetMap for this restaurant - potential web design / marketing lead.,2026-08-26
Tee & Gee,+15853467387,"6028 Big Tree Road, Lakeville, 14480",restaurant,New York,US,No website listed on OpenStreetMap for this restaurant - potential web design / marketing lead.,2026-08-26
Galene,+15853467231,"5870 Big Tree Road, Lakeville, 14480",restaurant,New York,US,No website listed on OpenStreetMap for this restaurant - potential web design / marketing lead.,2026-08-26
Boston Hotel,+1-716-941-0908,"9373 Boston State Road, Boston, 14025",restaurant,New York,US,No website listed on OpenStreetMap for this restaurant - potential web design / marketing lead.,2026-08-26
Danny's Restaurant and Lounge,+1-607-865-8496,"14 Gardiner Place, Walton, 13856",restaurant,New York,US,No website listed on OpenStreetMap for this restaurant - potential web design / marketing lead.,2026-08-26
Mira,+17168869081,"1081 Elmwood Avenue, Buffalo, 14222",restaurant,New York,US,No website listed on OpenStreetMap for this restaurant - potential web design / marketing lead.,2026-08-26
Eva's Soulfood,+1-518-921-4675,"116 South Main Street, Gloversville, 12078",restaurant,New York,US,No website listed on OpenStreetMap for this restaurant - potential web design / marketing lead.,2026-08-26
East Pacific Chinese & Pan Asian Cuisine,+1-718-370-2225,New York,restaurant,New York,US,No website listed on OpenStreetMap for this restaurant - potential web design / marketing lead.,2026-08-26
Plaza Eatery,+1-516-829-6300;+1-516-829-6301,"28 North Station Plaza, Great Neck, 11021",restaurant,New York,US,No website listed on OpenStreetMap for this restaurant - potential web design / marketing lead.,2026-08-26
Salt Cuisine,+1-716-839-0300,"2188 Kensington Ave, Buffalo, 14226",restaurant,New York,US,No website listed on OpenStreetMap for this restaurant - potential web design / marketing lead.,2026-08-26
The Rainbow Lodge,+1-607-865-7534,"440 Rainbow Lodge Road, Walton, 13856",restaurant,New York,US,No website listed on OpenStreetMap for this restaurant - potential web design / marketing lead.,2026-08-26
Hilton Family Restaurant,+1 585-392-4700,"54 Hovey Street, Hilton, 14468",restaurant,New York,US,No website listed on OpenStreetMap for this restaurant - potential web design / marketing lead.,2026-08-26
New York Lunch,+1-518-725-4170,"15;21 Bleecker Street, Gloversville, 12078",restaurant,New York,US,No website listed on OpenStreetMap for this restaurant - potential web design / marketing lead.,2026-08-26
Main Street Pizza,+1 518-523-5800,"2673 Route-86, Lake Placid, 12946-3580",restaurant,New York,US,No website listed on OpenStreetMap for this restaurant - potential web design / marketing lead.,2026-08-26
China Jade,+17168381887,"3162 Bailey Avenue, Buffalo, 14215",restaurant,New York,US,No website listed on OpenStreetMap for this restaurant - potential web design / marketing lead.,2026-08-26
Xing Wok,+17168371740,"3233 Bailey Avenue, Buffalo, 14215",restaurant,New York,US,No website listed on OpenStreetMap for this restaurant - potential web design / marketing lead.,2026-08-26
Mike's Steak House,+17168355636,"3355 Bailey Avenue, Buffalo, 14215",restaurant,New York,US,No website listed on OpenStreetMap for this restaurant - potential web design / marketing lead.,2026-08-26
Brunner's Eatery,+1-716-649-1707,"7171 Boston State Road, North Boston, 14075",restaurant,New York,US,No website listed on OpenStreetMap for this restaurant - potential web design / marketing lead.,2026-08-26
Bear Creek Restaurant,+1 315-668-2327,"5480 Bartel Road, Brewerton, 13029",restaurant,New York,US,No website listed on OpenStreetMap for this restaurant - potential web design / marketing lead.,2026-08-26
TK's Pizzeria,+1 585-388-1700,"27 Liftbridge Lane East, Fairport, 14450",restaurant,New York,US,No website listed on OpenStreetMap for this restaurant - potential web design / marketing lead.,2026-08-26
Stewart Airport Diner,+1-845-564-1650,"240 State Route 17K, Newburgh, 12550",restaurant,New York,US,No website listed on OpenStreetMap for this restaurant - potential web design / marketing lead.,2026-08-26
Maple On The Lake,+1-518-872-9433,"141 Warners Lake Road, East Berne, 12193",restaurant,New York,US,No website listed on OpenStreetMap for this restaurant - potential web design / marketing lead.,2026-08-26
Wasabi,+1-518-822-1888,"807 Warren Street, Hudson, 12534",restaurant,New York,US,No website listed on OpenStreetMap for this restaurant - potential web design / marketing lead.,2026-08-26
Pizza Plus,+1 315-245-4950,"5 Main Street, Camden, 13316",restaurant,New York,US,No website listed on OpenStreetMap for this restaurant - potential web design / marketing lead.,2026-08-26
Downhill Grill,+1 518-891-3663,"74 Main Street, Saranac Lake, 12983",restaurant,New York,US,No website listed on OpenStreetMap for this restaurant - potential web design / marketing lead.,2026-08-26
Port Jervis Brick Oven Pizza,+18458562868,"189 Pike Street, Port Jervis, 12771",restaurant,New York,US,No website listed on OpenStreetMap for this restaurant - potential web design / marketing lead.,2026-08-26
IHOP,+1 315-944-3008,"4211 Route 31, Clay, 13041",restaurant,New York,US,No website listed on OpenStreetMap for this restaurant - potential web design / marketing lead.,2026-08-26
Alpine Pizza,+1 518-532-0545,"1104 United States Route 9, Schroon Lake, 12870",restaurant,New York,US,No website listed on OpenStreetMap for this restaurant - potential web design / marketing lead.,2026-08-26
Fratellis,+1 518-302-5487,"2279 Saranac Avenue, Lake Placid, 12946",restaurant,New York,US,No website listed on OpenStreetMap for this restaurant - potential web design / marketing lead.,2026-08-26
Noah's Peruvian Cuisine,+18459071698,"4 North Main Street, Harriman, 10926",restaurant,New York,US,No website listed on OpenStreetMap for this restaurant - potential web design / marketing lead.,2026-08-26
Mardee's,+1-716-741-3807,"9475 Maple Street, Clarence Center, 14032",restaurant,New York,US,No website listed on OpenStreetMap for this restaurant - potential web design / marketing lead.,2026-08-26
Wagon Train BBQ,+1-518-356-0650,"671 Mariaville Road, Schenectady, 12306",restaurant,New York,US,No website listed on OpenStreetMap for this restaurant - potential web design / marketing lead.,2026-08-26
The Scotia Diner,+15183729776,"114 Mohawk Avenue, Scotia, 12302",restaurant,New York,US,No website listed on OpenStreetMap for this restaurant - potential web design / marketing lead.,2026-08-26
Plum Blossom,+1-518-272-0036,"685 Hoosick Road, Troy, 12180",restaurant,New York,US,No website listed on OpenStreetMap for this restaurant - potential web design / marketing lead.,2026-08-26
Joel's Spanish Food,+1 315 735-6705,"1225 Park Avenue, Utica, 13501",restaurant,New York,US,No website listed on OpenStreetMap for this restaurant - potential web design / marketing lead.,2026-08-26
Olympic Diner,+18456280876,"195 Route 6, Mahopac, 10541",restaurant,New York,US,No website listed on OpenStreetMap for this restaurant - potential web design / marketing lead.,2026-08-26
Guiseppe's,+1-518-686-7700,"3686 State Route 7, Hoosick Falls, 12090",restaurant,New York,US,No website listed on OpenStreetMap for this restaurant - potential web design / marketing lead.,2026-08-26
Express Buffet,+1-518-203-6274,"697 Hoosick Road, Troy, 12180",restaurant,New York,US,No website listed on OpenStreetMap for this restaurant - potential web design / marketing lead.,2026-08-26
Custer's Last Stand,+18458884761,"176;186 Kingston Avenue, Wurtsboro, 12790",restaurant,New York,US,No website listed on OpenStreetMap for this restaurant - potential web design / marketing lead.,2026-08-26
Odyssey Family Restauraunt,+1-716-825-9712,"3933 South Park Avenue, Buffalo, 14219",restaurant,New York,US,No website listed on OpenStreetMap for this restaurant - potential web design / marketing lead.,2026-08-26
Hard Rock Cafe,+1 716-282-0007,"333 Prospect Street, Niagara Falls, 14303",restaurant,New York,US,No website listed on OpenStreetMap for this restaurant - potential web design / marketing lead.,2026-08-26
China Star,+1-585-266-8888,"600 West Main Street, Rochester, 14608",restaurant,New York,US,No website listed on OpenStreetMap for this restaurant - potential web design / marketing lead.,2026-08-26
Wings Airport Grill,+1-631-432-5522,"135 Dawn Drive, Shirley, 11967",restaurant,New York,US,No website listed on OpenStreetMap for this restaurant - potential web design / marketing lead.,2026-08-26
FD Edwards Real Estate,+1-718-467-7477,New York,real_estate,New York,US,No website listed on OpenStreetMap for this real estate - potential web design / marketing lead.,2026-08-26
Perl Group,+1-718-258-2900,"1448 Bedford Avenue, New York, 11216",real_estate,New York,US,No website listed on OpenStreetMap for this real estate - potential web design / marketing lead.,2026-08-26
Royal Slope Realty,+1-718-768-7489,"288 8th Street, New York, 11215",real_estate,New York,US,No website listed on OpenStreetMap for this real estate - potential web design / marketing lead.,2026-08-26
South Slope Realty,+1-718-840-0100,"160 18th Street, New York, 11215",real_estate,New York,US,No website listed on OpenStreetMap for this real estate - potential web design / marketing lead.,2026-08-26
Zara Leasing Office,+1-718-291-3331,"166-07 Hillside Avenue, Jamaica, 11432",real_estate,New York,US,No website listed on OpenStreetMap for this real estate - potential web design / marketing lead.,2026-08-26
Volpe Realty,+1-718-356-9200,"3836 Richmond Avenue, Staten Island, 10312",real_estate,New York,US,No website listed on OpenStreetMap for this real estate - potential web design / marketing lead.,2026-08-26
New Spirit Realty,+1-718-921-1200,"9805 3rd Avenue, New York, 11209",real_estate,New York,US,No website listed on OpenStreetMap for this real estate - potential web design / marketing lead.,2026-08-26
Realty Executives,+1-718-439-1110,"9732 3rd Avenue, New York, 11209",real_estate,New York,US,No website listed on OpenStreetMap for this real estate - potential web design / marketing lead.,2026-08-26
Gama Group,+1-718-717-7727,"9726 3rd Avenue, New York, 11209",real_estate,New York,US,No website listed on OpenStreetMap for this real estate - potential web design / marketing lead.,2026-08-26
Brooklyn Realty Center,+1-718-745-6969,"8817 3rd Avenue, New York, 11209",real_estate,New York,US,No website listed on OpenStreetMap for this real estate - potential web design / marketing lead.,2026-08-26
Re/Max Elite,+1-718-690-3900,"8201 3rd Avenue, New York, 11209",real_estate,New York,US,No website listed on OpenStreetMap for this real estate - potential web design / marketing lead.,2026-08-26
Ted Bouzalas Realty,+1-718-833-2700,"9002 5th Avenue, New York, 11209",real_estate,New York,US,No website listed on OpenStreetMap for this real estate - potential web design / marketing lead.,2026-08-26
Master International,+1-718-748-2700,"480 Senator Street, New York, 11220",real_estate,New York,US,No website listed on OpenStreetMap for this real estate - potential web design / marketing lead.,2026-08-26
Certa Realty,+1 718-275-0555,"2379 East 1st Street, New York, 11223",real_estate,New York,US,No website listed on OpenStreetMap for this real estate - potential web design / marketing lead.,2026-08-26
House Key Realty,+1-718-581-7141,"6012 5th Avenue, New York, 11220",real_estate,New York,US,No website listed on OpenStreetMap for this real estate - potential web design / marketing lead.,2026-08-26
Palacio Realty,+1-917-397-6505,"478 41st Street, New York, 11232",real_estate,New York,US,No website listed on OpenStreetMap for this real estate - potential web design / marketing lead.,2026-08-26
B. Belinda Realty,+1-718-467-6385,"160 Rogers Avenue, New York, 11216",real_estate,New York,US,No website listed on OpenStreetMap for this real estate - potential web design / marketing lead.,2026-08-26
N.S.K. Management,+1 718 768 0099,"459 6th Avenue, New York, 11215",real_estate,New York,US,No website listed on OpenStreetMap for this real estate - potential web design / marketing lead.,2026-08-26
E. Martin Sales & Rentals,+1-718-773-3255,"792 Franklin Avenue, New York, 11238",real_estate,New York,US,No website listed on OpenStreetMap for this real estate - potential web design / marketing lead.,2026-08-26
First Century Real Estate,+1-646-429-8078,"232 3rd Avenue, New York, 10003",real_estate,New York,US,No website listed on OpenStreetMap for this real estate - potential web design / marketing lead.,2026-08-26
Select Real Estate,+1-718-387-5112,New York,real_estate,New York,US,No website listed on OpenStreetMap for this real estate - potential web design / marketing lead.,2026-08-26
Castoria Real Estate,+1-718-388-9830,"363 Graham Avenue, New York, 11211",real_estate,New York,US,No website listed on OpenStreetMap for this real estate - potential web design / marketing lead.,2026-08-26
Home & Habitat Realty Corp.,+1 516 460 8260,"71-20 35th Avenue, New York, 11372",real_estate,New York,US,No website listed on OpenStreetMap for this real estate - potential web design / marketing lead.,2026-08-26
Lennys Home Realty LLC,+1-347-326-5093,"714 Burke Avenue, Bronx, 10467",real_estate,New York,US,No website listed on OpenStreetMap for this real estate - potential web design / marketing lead.,2026-08-26
Beba Realty,+1-718-468-7000,"215-28 Hillside Avenue, New York, 11427",real_estate,New York,US,No website listed on OpenStreetMap for this real estate - potential web design / marketing lead.,2026-08-26
CNY Realty,+1-315-815-5111,"56 Albany Street, Cazenovia, 13035",real_estate,New York,US,No website listed on OpenStreetMap for this real estate - potential web design / marketing lead.,2026-08-26
Real Estate,+1 212 380 6620,"201 West 136th Street, New York",real_estate,New York,US,No website listed on OpenStreetMap for this real estate - potential web design / marketing lead.,2026-08-26
Corcoran,+1-631-749-1600,"183 North Ferry Road, Shelter Island Heights, 11965",real_estate,New York,US,No website listed on OpenStreetMap for this real estate - potential web design / marketing lead.,2026-08-26
Pettedrew Capital - Mortgage Brokers,+1-516-759-3630,"27 #D The Plaza, Locust Valley, 11560",real_estate,New York,US,No website listed on OpenStreetMap for this real estate - potential web design / marketing lead.,2026-08-26
L Nelson & Associates,+1-718-923-1741,"227 DeKalb Avenue, New York",real_estate,New York,US,No website listed on OpenStreetMap for this real estate - potential web design / marketing lead.,2026-08-26
East Coast Realty,+1 718 271 2121,"96-14 Queens Boulevard, New York, 11374",real_estate,New York,US,No website listed on OpenStreetMap for this real estate - potential web design / marketing lead.,2026-08-26
Werba Realty,+1-718-456-9600,"66-45 Fresh Pond Road, Ridgewood, 11385",real_estate,New York,US,No website listed on OpenStreetMap for this real estate - potential web design / marketing lead.,2026-08-26
Real Estate,+1-718-622-0500,New York,real_estate,New York,US,No website listed on OpenStreetMap for this real estate - potential web design / marketing lead.,2026-08-26
Farran & Associates,+1-718-768-0044,New York,real_estate,New York,US,No website listed on OpenStreetMap for this real estate - potential web design / marketing lead.,2026-08-26
Solid Enterprise Realty Group,+1-718-366-1827,"579 Woodward Avenue, New York",real_estate,New York,US,No website listed on OpenStreetMap for this real estate - potential web design / marketing lead.,2026-08-26
Townsley & Gay,+1 718 832 2669,New York,real_estate,New York,US,No website listed on OpenStreetMap for this real estate - potential web design / marketing lead.,2026-08-26
Exit Champion Realty,+1-315-457-7500,"305 Vine Street, Liverpool, 13088",real_estate,New York,US,No website listed on OpenStreetMap for this real estate - potential web design / marketing lead.,2026-08-26
Brenton Realty,+1 718 768 4566,New York,real_estate,New York,US,No website listed on OpenStreetMap for this real estate - potential web design / marketing lead.,2026-08-26
B.A. Consultants,+1 718 789 8193,New York,real_estate,New York,US,No website listed on OpenStreetMap for this real estate - potential web design / marketing lead.,2026-08-26
Lepelstat,+1-718-622-0928,New York,real_estate,New York,US,No website listed on OpenStreetMap for this real estate - potential web design / marketing lead.,2026-08-26
Joseph T King Realty,+1 718 857 3400,New York,real_estate,New York,US,No website listed on OpenStreetMap for this real estate - potential web design / marketing lead.,2026-08-26
Prospect Heights Realty Corp.,+1-718-789-6511,"618 Vanderbilt Avenue, Brooklyn, 11238",real_estate,New York,US,No website listed on OpenStreetMap for this real estate - potential web design / marketing lead.,2026-08-26
Towne House Properties,+1-718-788-0090,New York,real_estate,New York,US,No website listed on OpenStreetMap for this real estate - potential web design / marketing lead.,2026-08-26
John P. Burke Realty,+1-718-768-1001,New York,real_estate,New York,US,No website listed on OpenStreetMap for this real estate - potential web design / marketing lead.,2026-08-26
Gheith Brokerage,+1-718-768-8064,New York,real_estate,New York,US,No website listed on OpenStreetMap for this real estate - potential web design / marketing lead.,2026-08-26
Virtual Real Estate,+1-718-965-3700,New York,real_estate,New York,US,No website listed on OpenStreetMap for this real estate - potential web design / marketing lead.,2026-08-26
Hillside Homes Realty,+1-718-725-9400,"185-06 Hillside Avenue, Jamaica",real_estate,New York,US,No website listed on OpenStreetMap for this real estate - potential web design / marketing lead.,2026-08-26
Danit,+1-718-454-5000,"187-06 Hillside Avenue, Hollis",real_estate,New York,US,No website listed on OpenStreetMap for this real estate - potential web design / marketing lead.,2026-08-26
Washington Realty Corp.,+1-718-230-0340,New York,real_estate,New York,US,No website listed on OpenStreetMap for this real estate - potential web design / marketing lead.,2026-08-26
The Crossroads,+1-212-587-6919,"10 Rutgers Street, New York, 10002",real_estate,New York,US,No website listed on OpenStreetMap for this real estate - potential web design / marketing lead.,2026-08-26
Lee Jackson Agency,+1-212-964-5578,"126 East Broadway, New York, 10002",real_estate,New York,US,No website listed on OpenStreetMap for this real estate - potential web design / marketing lead.,2026-08-26
Real Estate United,+1-845-342-8648,"1197 Dolsontown Road, Middletown, 10940",real_estate,New York,US,No website listed on OpenStreetMap for this real estate - potential web design / marketing lead.,2026-08-26
The Best Hope Realty Inc,+1 718-685-2000,"3722 73rd Street, Jackson Heights, 11372",real_estate,New York,US,No website listed on OpenStreetMap for this real estate - potential web design / marketing lead.,2026-08-26
SPB Realty,+1-718-788-7426,New York,real_estate,New York,US,No website listed on OpenStreetMap for this real estate - potential web design / marketing lead.,2026-08-26
Orange County Real Estate,+1-845-294-2898,"36 Saint John Street, Goshen, 10924",real_estate,New York,US,No website listed on OpenStreetMap for this real estate - potential web design / marketing lead.,2026-08-26
Laffey Real Estate,+1-516-328-3233,"1643 Hillside Avenue, New Hyde Park, 11040",real_estate,New York,US,No website listed on OpenStreetMap for this real estate - potential web design / marketing lead.,2026-08-26
Tri-Star Equities,+1-212-751-4800,"155 East 26th Street, New York, 10016",real_estate,New York,US,No website listed on OpenStreetMap for this real estate - potential web design / marketing lead.,2026-08-26
Belvedere,+1-718-349-9700,"610 Manhattan Avenue, New York",real_estate,New York,US,No website listed on OpenStreetMap for this real estate - potential web design / marketing lead.,2026-08-26
JayTom Realty,+1 718 736 9101,"Hillside Avenue, New York",real_estate,New York,US,No website listed on OpenStreetMap for this real estate - potential web design / marketing lead.,2026-08-26
4 Ave. Estate,+1-718-369-7373,New York,real_estate,New York,US,No website listed on OpenStreetMap for this real estate - potential web design / marketing lead.,2026-08-26
RBM Brokerage,+1-718-576-3824,"157 Washington Park, New York, 11205",real_estate,New York,US,No website listed on OpenStreetMap for this real estate - potential web design / marketing lead.,2026-08-26
AC Realty,+1-718-688-1888,New York,real_estate,New York,US,No website listed on OpenStreetMap for this real estate - potential web design / marketing lead.,2026-08-26
E. Glanzer Real Estate,+1-718-222-1295,New York,real_estate,New York,US,No website listed on OpenStreetMap for this real estate - potential web design / marketing lead.,2026-08-26
Nichols Enterprise Realty,+1-718-230-7015,New York,real_estate,New York,US,No website listed on OpenStreetMap for this real estate - potential web design / marketing lead.,2026-08-26
Jabour Realty Coompany,+1-718-748-1800,New York,real_estate,New York,US,No website listed on OpenStreetMap for this real estate - potential web design / marketing lead.,2026-08-26
Compass Real Estate,+1-646-609-9890,"2148A Broadway, New York, 10023",real_estate,New York,US,No website listed on OpenStreetMap for this real estate - potential web design / marketing lead.,2026-08-26
Compass,+1-914-341-1561,"144 Larchmont Avenue, Larchmont, 10538",real_estate,New York,US,No website listed on OpenStreetMap for this real estate - potential web design / marketing lead.,2026-08-26
Contact Realty,+1 718 459 5656,"104-35 Queens Boulevard, Forest Hills",real_estate,New York,US,No website listed on OpenStreetMap for this real estate - potential web design / marketing lead.,2026-08-26
Capri Jet Realty Corp.,+1 718-388-2188,"533 Metropolitan Avenue, Brooklyn, 11211",real_estate,New York,US,No website listed on OpenStreetMap for this real estate - potential web design / marketing lead.,2026-08-26
Parkview Realty,+1-718-851-0900,"3001 Fort Hamilton Parkway, New York, 11218",real_estate,New York,US,No website listed on OpenStreetMap for this real estate - potential web design / marketing lead.,2026-08-26
Reliant Realty,+1-518-622-3030,New York,real_estate,New York,US,No website listed on OpenStreetMap for this real estate - potential web design / marketing lead.,2026-08-26
Catskill Mountain Realty,+1-518-622-8188,New York,real_estate,New York,US,No website listed on OpenStreetMap for this real estate - potential web design / marketing lead.,2026-08-26
Superb Realty Conpany,+1-718-467-7600,New York,real_estate,New York,US,No website listed on OpenStreetMap for this real estate - potential web design / marketing lead.,2026-08-26
Kaya Homes,+1-516-464-8500,"141 Main Street, East Rockaway, 11518",real_estate,New York,US,No website listed on OpenStreetMap for this real estate - potential web design / marketing lead.,2026-08-26
Maccabe Realty,+1-718-853-5000,New York,real_estate,New York,US,No website listed on OpenStreetMap for this real estate - potential web design / marketing lead.,2026-08-26
Universal Pro,+1 718 897 9888,New York,real_estate,New York,US,No website listed on OpenStreetMap for this real estate - potential web design / marketing lead.,2026-08-26
Partridge Realty,+1 718 274 1119,"30-06 30th Street, New York",real_estate,New York,US,No website listed on OpenStreetMap for this real estate - potential web design / marketing lead.,2026-08-26
Exp Realty,+1 718 268 8868,"68-56 69th Avenue, New York",real_estate,New York,US,No website listed on OpenStreetMap for this real estate - potential web design / marketing lead.,2026-08-26
Manhattan Flats,+1-212-570-0000,"235 East 84th Street, New York, 10028",real_estate,New York,US,No website listed on OpenStreetMap for this real estate - potential web design / marketing lead.,2026-08-26
Douglas Elliman Real Estate,+1-718-780-8100,New York,real_estate,New York,US,No website listed on OpenStreetMap for this real estate - potential web design / marketing lead.,2026-08-26
City View Real Estate Services,+1 917 880 6532,"Grand Avenue, New York",real_estate,New York,US,No website listed on OpenStreetMap for this real estate - potential web design / marketing lead.,2026-08-26
Highview Realty,+1 718-806-1718,"47-02 108th Street, New York",real_estate,New York,US,No website listed on OpenStreetMap for this real estate - potential web design / marketing lead.,2026-08-26
Nacco Capital,+1-718-826-1500,New York,real_estate,New York,US,No website listed on OpenStreetMap for this real estate - potential web design / marketing lead.,2026-08-26
JB Mac Real Estate,+1-917-528-2902,New York,real_estate,New York,US,No website listed on OpenStreetMap for this real estate - potential web design / marketing lead.,2026-08-26
Werbco Realty,+1-718-456-5153,"939 Onderdonk Avenue, Ridgewood, 11385",real_estate,New York,US,No website listed on OpenStreetMap for this real estate - potential web design / marketing lead.,2026-08-26
Queens Central Realty,+1-718-417-0700,"60-49 70th Avenue, Ridgewood, 11385",real_estate,New York,US,No website listed on OpenStreetMap for this real estate - potential web design / marketing lead.,2026-08-26
Kerzner Realty,+1-718-386-6015,"58-58 Catalpa Avenue, Ridgewood, 11385",real_estate,New York,US,No website listed on OpenStreetMap for this real estate - potential web design / marketing lead.,2026-08-26
Butts Real Estate,+1-718-899-5555,"94-02 Astoria Boulevard, New York, 11369",real_estate,New York,US,No website listed on OpenStreetMap for this real estate - potential web design / marketing lead.,2026-08-26
D'Finest Realty,+1-917-417-5468,"3915 4th Avenue, New York, 11232",real_estate,New York,US,No website listed on OpenStreetMap for this real estate - potential web design / marketing lead.,2026-08-26
Clarimar Realty,+1-718-435-0387,New York,real_estate,New York,US,No website listed on OpenStreetMap for this real estate - potential web design / marketing lead.,2026-08-26
IzRealty,+1 917-830-8052,"366 Lewis Avenue, New York",real_estate,New York,US,No website listed on OpenStreetMap for this real estate - potential web design / marketing lead.,2026-08-26
Exit All Seasons Realty,+1-718-345-4545,New York,real_estate,New York,US,No website listed on OpenStreetMap for this real estate - potential web design / marketing lead.,2026-08-26
Royal House Realty,+1 718-850-6000,"119-26 Metropolitan Avenue, New York",real_estate,New York,US,No website listed on OpenStreetMap for this real estate - potential web design / marketing lead.,2026-08-26
Empire Home Sales Inc.,+1 718-441-0200,"124-20 Metropolitan Avenue, New York",real_estate,New York,US,No website listed on OpenStreetMap for this real estate - potential web design / marketing lead.,2026-08-26
The Macon Realty,+1-917-947-8748,New York,real_estate,New York,US,No website listed on OpenStreetMap for this real estate - potential web design / marketing lead.,2026-08-26
Monte Realty,+1-718-492-7882,New York,real_estate,New York,US,No website listed on OpenStreetMap for this real estate - potential web design / marketing lead.,2026-08-26
Compass,+1-917-905-0464,"375 Schermerhorn Street, New York, 11217",real_estate,New York,US,No website listed on OpenStreetMap for this real estate - potential web design / marketing lead.,2026-08-26
Homemax Realty,+1-929-460-0008,New York,real_estate,New York,US,No website listed on OpenStreetMap for this real estate - potential web design / marketing lead.,2026-08-26
John Psaras Realty,+1-718-921-2575,New York,real_estate,New York,US,No website listed on OpenStreetMap for this real estate - potential web design / marketing lead.,2026-08-26
Leonidas Realty,+1-718-833-4184,New York,real_estate,New York,US,No website listed on OpenStreetMap for this real estate - potential web design / marketing lead.,2026-08-26
Vallas Real Estate,+1-718-833-7900,"480 80th Street, New York, 11209",real_estate,New York,US,No website listed on OpenStreetMap for this real estate - potential web design / marketing lead.,2026-08-26
Soldano Realty,+1-718-333-5233,New York,real_estate,New York,US,No website listed on OpenStreetMap for this real estate - potential web design / marketing lead.,2026-08-26
Exit Realty One,+1 718 997 6667,New York,real_estate,New York,US,No website listed on OpenStreetMap for this real estate - potential web design / marketing lead.,2026-08-26
Jon Sobel,+1 718-646-5300,"181 West End Avenue, Brooklyn, 11235",real_estate,New York,US,No website listed on OpenStreetMap for this real estate - potential web design / marketing lead.,2026-08-26
Alexander Bilu,+1-718-483-8860,"312B Hawthorne Street, New York, 11225",real_estate,New York,US,No website listed on OpenStreetMap for this real estate - potential web design / marketing lead.,2026-08-26
Brusco Realty,+1-212-663-4900,"766 Amsterdam Avenue, New York, 10025",real_estate,New York,US,No website listed on OpenStreetMap for this real estate - potential web design / marketing lead.,2026-08-26
New Times Realty Corp.,+1-718-998-2999,New York,real_estate,New York,US,No website listed on OpenStreetMap for this real estate - potential web design / marketing lead.,2026-08-26
Timeless Realty,+1-347-699-2191,New York,real_estate,New York,US,No website listed on OpenStreetMap for this real estate - potential web design / marketing lead.,2026-08-26
Royal Homes,+1 718 380 4600,"147-11 Union Turnpike, New York",real_estate,New York,US,No website listed on OpenStreetMap for this real estate - potential web design / marketing lead.,2026-08-26
On Homes NYC. Realty Corp.,+1-718-366-3535;+1-917-299-0015,"280 Saint Nicholas Avenue, Brooklyn, 11237",real_estate,New York,US,No website listed on OpenStreetMap for this real estate - potential web design / marketing lead.,2026-08-26
SHV Real Estate Group,+1-718-343-5200,"90-47 Springfield Boulevard, Queens Village, 11428",real_estate,New York,US,No website listed on OpenStreetMap for this real estate - potential web design / marketing lead.,2026-08-26
Fourth Avenue Real Estate,+1-718-343-4445,"261-09 Hillside Avenue, New York, 11004",real_estate,New York,US,No website listed on OpenStreetMap for this real estate - potential web design / marketing lead.,2026-08-26
The Right Bob Realty,+1-516-500-2872,"262-02 Hillside Avenue, Floral Park, 11004",real_estate,New York,US,No website listed on OpenStreetMap for this real estate - potential web design / marketing lead.,2026-08-26
M & N Services,+1-718-399-2443,New York,real_estate,New York,US,No website listed on OpenStreetMap for this real estate - potential web design / marketing lead.,2026-08-26
DeMasi Realty,+1-718-921-0004,New York,real_estate,New York,US,No website listed on OpenStreetMap for this real estate - potential web design / marketing lead.,2026-08-26
Weichert Realtors,+1 718-699-2500,"50-07 108th Street, New York",real_estate,New York,US,No website listed on OpenStreetMap for this real estate - potential web design / marketing lead.,2026-08-26
Global Realty Services,+1-718-273-1588,New York,real_estate,New York,US,No website listed on OpenStreetMap for this real estate - potential web design / marketing lead.,2026-08-26
Southeby's,+1-864-684-0084,"31 Mill Hill Road, Woodstock, 12498",real_estate,New York,US,No website listed on OpenStreetMap for this real estate - potential web design / marketing lead.,2026-08-26
"Shalom Realty, L.L.C",+1 718-899-2163,"52-10 108th Street, New York",real_estate,New York,US,No website listed on OpenStreetMap for this real estate - potential web design / marketing lead.,2026-08-26
Intella Properties,+1-718-333-5530,New York,real_estate,New York,US,No website listed on OpenStreetMap for this real estate - potential web design / marketing lead.,2026-08-26
Gotham Properties,+1-718-928-7835,New York,real_estate,New York,US,No website listed on OpenStreetMap for this real estate - potential web design / marketing lead.,2026-08-26
Momentum Real Estate,+1-718-382-0001,New York,real_estate,New York,US,No website listed on OpenStreetMap for this real estate - potential web design / marketing lead.,2026-08-26
Proper Key Realty,+1 718 928 5562,New York,real_estate,New York,US,No website listed on OpenStreetMap for this real estate - potential web design / marketing lead.,2026-08-26
Advantage Realty,+1 718 268 2828,"96-11 69th Avenue, New York",real_estate,New York,US,No website listed on OpenStreetMap for this real estate - potential web design / marketing lead.,2026-08-26
Zaloom Appraisals,+1-718-273-0477,New York,real_estate,New York,US,No website listed on OpenStreetMap for this real estate - potential web design / marketing lead.,2026-08-26
Century 21 Zaloom Real Estate,+1-718-816-1998,New York,real_estate,New York,US,No website listed on OpenStreetMap for this real estate - potential web design / marketing lead.,2026-08-26
City Homes Realty Group,+1 718 255 9888,"32-41 Junction Boulevard, New York, 11369",real_estate,New York,US,No website listed on OpenStreetMap for this real estate - potential web design / marketing lead.,2026-08-26
M. & L. Milevoi Realty,+1-718-721-5289,"20-74 Steinway Street, Astoria, 11105",real_estate,New York,US,No website listed on OpenStreetMap for this real estate - potential web design / marketing lead.,2026-08-26
Martin Paul Realty Association,+1-212-517-7710,"1349A 2nd Avenue, New York, 10021",real_estate,New York,US,No website listed on OpenStreetMap for this real estate - potential web design / marketing lead.,2026-08-26
The Weinstein Realty Group,+1-212-228-0498,New York,real_estate,New York,US,No website listed on OpenStreetMap for this real estate - potential web design / marketing lead.,2026-08-26
Vito Angelo / Billy Apter Team,+1-718-887-5708,New York,real_estate,New York,US,No website listed on OpenStreetMap for this real estate - potential web design / marketing lead.,2026-08-26
Velsor Realty,+1-718-238-5550,New York,real_estate,New York,US,No website listed on OpenStreetMap for this real estate - potential web design / marketing lead.,2026-08-26
William J. Cole Real Estate,+1 518 863 8557,"66 Northville Road, Edinburg, 12134",real_estate,New York,US,No website listed on OpenStreetMap for this real estate - potential web design / marketing lead.,2026-08-26
Howard Hanna,+1 716-691-5800,"3195 Niagara Falls Boulevard, Buffalo, 14228",real_estate,New York,US,No website listed on OpenStreetMap for this real estate - potential web design / marketing lead.,2026-08-26
Henry Lust Licensed Real Estate Broker,+1-845-343-0841,"506 Route 17M, Middletown, 10940",real_estate,New York,US,No website listed on OpenStreetMap for this real estate - potential web design / marketing lead.,2026-08-26
HUNT Real Estate,+1-315-853-4400,"26 College Street, Clinton, 13323",real_estate,New York,US,No website listed on OpenStreetMap for this real estate - potential web design / marketing lead.,2026-08-26
Duck Hook Realty,+1-845-956-1094,"121 North Street, Middletown, 10940",real_estate,New York,US,No website listed on OpenStreetMap for this real estate - potential web design / marketing lead.,2026-08-26
Panacea Realty Inc,+1-845-343-1717,"1 Beattie Avenue, Middletown, 10940",real_estate,New York,US,No website listed on OpenStreetMap for this real estate - potential web design / marketing lead.,2026-08-26
Ed McNulty Realty LLC,+1-516-887-3603,"387 Atlantic Avenue, East Rockaway, 11518",real_estate,New York,US,No website listed on OpenStreetMap for this real estate - potential web design / marketing lead.,2026-08-26
Hamel Real Estate,+1 518 8579251,"279 Troy Schenectady Road, Latham, 12110",real_estate,New York,US,No website listed on OpenStreetMap for this real estate - potential web design / marketing lead.,2026-08-26
Cafe Java,+1-512-339-7677,"11900 Metric Boulevard, Austin, 78758",cafe,Austin,US,No website listed on OpenStreetMap for this cafe - potential web design / marketing lead.,2026-08-26
Shahi Cafe,+1-512-837-8669,"12410 North Lamar Boulevard, Austin, 78753",cafe,Austin,US,No website listed on OpenStreetMap for this cafe - potential web design / marketing lead.,2026-08-26
Jo's Coffee,+1-512-462-9003,"242 West 2nd Street, Austin",cafe,Austin,US,No website listed on OpenStreetMap for this cafe - potential web design / marketing lead.,2026-08-26
Double Trouble,+1-512-270-1955,"103 East North Loop Boulevard, Austin, 78751",cafe,Austin,US,No website listed on OpenStreetMap for this cafe - potential web design / marketing lead.,2026-08-26
Kiefer's Cafe and Catering,+1-512-719-5550,"2007 Kramer Lane, Austin, 78758",cafe,Austin,US,No website listed on OpenStreetMap for this cafe - potential web design / marketing lead.,2026-08-26
Đậm Coffee Bar,+15123053521,"609 Clayton Lane, Austin, 78752",cafe,Austin,US,No website listed on OpenStreetMap for this cafe - potential web design / marketing lead.,2026-08-26
Thistle Cafe,+1-512-474-5222,"221 West 6th Street, Austin, 78701",cafe,Austin,US,No website listed on OpenStreetMap for this cafe - potential web design / marketing lead.,2026-08-26
Merit Coffee,+1-512-906-0010,"1105 South Lamar Boulevard, Austin, 78704",cafe,Austin,US,No website listed on OpenStreetMap for this cafe - potential web design / marketing lead.,2026-08-26
Starbucks,+1-512-444-7494,"6816 West Gate Boulevard, Austin, 78745",cafe,Austin,US,No website listed on OpenStreetMap for this cafe - potential web design / marketing lead.,2026-08-26
Fresenius Kidney Care,+1-800-881-5101,Austin,clinic,Austin,US,No website listed on OpenStreetMap for this clinic - potential web design / marketing lead.,2026-08-26
Texas Institute for Robotic Surgery,+1-512-407-7000,Austin,clinic,Austin,US,No website listed on OpenStreetMap for this clinic - potential web design / marketing lead.,2026-08-26
Women's Health Texas,+1-512-339-6626,Austin,clinic,Austin,US,No website listed on OpenStreetMap for this clinic - potential web design / marketing lead.,2026-08-26
Austin Epilepsy Care Center,+1-512-339-8831,Austin,clinic,Austin,US,No website listed on OpenStreetMap for this clinic - potential web design / marketing lead.,2026-08-26
Cardiovascular Specialists Of Texas,+1-512-807-3160,Austin,clinic,Austin,US,No website listed on OpenStreetMap for this clinic - potential web design / marketing lead.,2026-08-26
Women's Imaging Center,+1-512-873-7237,Austin,clinic,Austin,US,No website listed on OpenStreetMap for this clinic - potential web design / marketing lead.,2026-08-26
DEXA Austin-Body Composition Testing,+1-512-467-2727,Austin,clinic,Austin,US,No website listed on OpenStreetMap for this clinic - potential web design / marketing lead.,2026-08-26
Total Men's Primary Care,+1-512-229-1533,"823 Congress Avenue, Austin, 78701",clinic,Austin,US,No website listed on OpenStreetMap for this clinic - potential web design / marketing lead.,2026-08-26
Passport Health Austin Travel Clinic,+1 512-459-0672,"631 West 38th Street, Austin, 78705",clinic,Austin,US,No website listed on OpenStreetMap for this clinic - potential web design / marketing lead.,2026-08-26
David's Food,+1-512-443-1057,Austin,shop,Austin,US,No website listed on OpenStreetMap for this shop - potential web design / marketing lead.,2026-08-26
Austin Haircut Company,+1-512-340-9288,"4815 W Braker Ln, Austin, 78759",shop,Austin,US,No website listed on OpenStreetMap for this shop - potential web design / marketing lead.,2026-08-26
Metric Glass & Smoke,+1-512-369-3509,"11900 Metric Boulevard, Austin, 78758",shop,Austin,US,No website listed on OpenStreetMap for this shop - potential web design / marketing lead.,2026-08-26
Metro Food and Cafe,+1-512-973-5344,"11900 Metric Boulevard, Austin, 78758",shop,Austin,US,No website listed on OpenStreetMap for this shop - potential web design / marketing lead.,2026-08-26
Metric Liquor,+1-512-275-0320,"11900 Metric Boulevard, Austin, 78758",shop,Austin,US,No website listed on OpenStreetMap for this shop - potential web design / marketing lead.,2026-08-26
Kohl's,+1 512-670-7778,"13609 North Interstate 35, Austin, 78753",shop,Austin,US,No website listed on OpenStreetMap for this shop - potential web design / marketing lead.,2026-08-26
Rivers & Reefs Pet Center,+1-512-445-5101,"2008 S 1st St, Austin, 78704",shop,Austin,US,No website listed on OpenStreetMap for this shop - potential web design / marketing lead.,2026-08-26
Smart Pawn & Jewelry,+1-512-977-8000,"2121 West Parmer Lane, Austin, 78727",shop,Austin,US,No website listed on OpenStreetMap for this shop - potential web design / marketing lead.,2026-08-26
Monarch Food Mart,+1-512-478-4492,"1402 East 38½ Street, Austin, 78722",shop,Austin,US,No website listed on OpenStreetMap for this shop - potential web design / marketing lead.,2026-08-26
Budget Lube,+1-512-258-5545,"8661 Spicewood Springs Road, Austin, 78750",shop,Austin,US,No website listed on OpenStreetMap for this shop - potential web design / marketing lead.,2026-08-26
Discount Tire,+1-512-280-8922,"1807 West Slaughter Lane, Austin, 78748",shop,Austin,US,No website listed on OpenStreetMap for this shop - potential web design / marketing lead.,2026-08-26
Fuel Stop,+1-507-434-0001,"3401 Oakland Avenue West, Austin, 55912",shop,Austin,US,No website listed on OpenStreetMap for this shop - potential web design / marketing lead.,2026-08-26
BP Shop,+1-507-433-5752,"3010 Oakland Avenue West, Austin, 55912",shop,Austin,US,No website listed on OpenStreetMap for this shop - potential web design / marketing lead.,2026-08-26
Apollo III,+1-507-355-3100,"3011 Oakland Avenue West, Austin, 55912",shop,Austin,US,No website listed on OpenStreetMap for this shop - potential web design / marketing lead.,2026-08-26
BP,+1-507-433-5752,"3010 Oakland Avenue West, Austin, 55912",shop,Austin,US,No website listed on OpenStreetMap for this shop - potential web design / marketing lead.,2026-08-26
Kingdom barbershop,+1-737-400-8767,"12400 North Interstate 35, Austin, 78753",shop,Austin,US,No website listed on OpenStreetMap for this shop - potential web design / marketing lead.,2026-08-26
Quarters Market,+1-512-720-8825,"2222 Rio Grande Street, Austin, 78705",shop,Austin,US,No website listed on OpenStreetMap for this shop - potential web design / marketing lead.,2026-08-26
Austin Vape And Smoke,+1-512-579-7361,"4200 South 1st Street, Austin, 78745",shop,Austin,US,No website listed on OpenStreetMap for this shop - potential web design / marketing lead.,2026-08-26
Far West Liquor,+1-512-343-8020,"3616 Far West Boulevard, Austin, 78731",shop,Austin,US,No website listed on OpenStreetMap for this shop - potential web design / marketing lead.,2026-08-26
Hoiden,+1-512-271-1426,"2055 South Lamar Blvd., Austin, 78704",shop,Austin,US,No website listed on OpenStreetMap for this shop - potential web design / marketing lead.,2026-08-26
Goodwill,+1-512-451-2306,"5555 North Lamar Boulevard suite #B100, Austin, 78751",shop,Austin,US,No website listed on OpenStreetMap for this shop - potential web design / marketing lead.,2026-08-26
Pavement,+1-512-551-3511,"2932 Guadalupe Street, Austin, 78705",shop,Austin,US,No website listed on OpenStreetMap for this shop - potential web design / marketing lead.,2026-08-26
Ignite Outdoor Kitchens,+1-512-900-6536,"311 East Saint Elmo Road, Austin, 78745",shop,Austin,US,No website listed on OpenStreetMap for this shop - potential web design / marketing lead.,2026-08-26
HomeGoods,+1 512-241-0052,"10225 Great Hills Trail, Austin, 78759",shop,Austin,US,No website listed on OpenStreetMap for this shop - potential web design / marketing lead.,2026-08-26
Tesla Austin - The Domain,+1-512-833-6321,Austin,shop,Austin,US,No website listed on OpenStreetMap for this shop - potential web design / marketing lead.,2026-08-26
Cavender's Boot City,+1-512-451-7474,"8809 Burnet Road, Austin, 78757",shop,Austin,US,No website listed on OpenStreetMap for this shop - potential web design / marketing lead.,2026-08-26
"Auto Glass Solutions, Inc",+1-512-241-1211,"9705 Burnet Road, Austin, 78758",shop,Austin,US,No website listed on OpenStreetMap for this shop - potential web design / marketing lead.,2026-08-26
Wheatsville Co-op,+1-512-814-2888,"4001 South Lamar Boulevard, Austin, 78704",shop,Austin,US,No website listed on OpenStreetMap for this shop - potential web design / marketing lead.,2026-08-26
Dollar Tree,+1-512-419-0309,"5425 North Interstate Highway 35, Austin, 78723",shop,Austin,US,No website listed on OpenStreetMap for this shop - potential web design / marketing lead.,2026-08-26
Nothing Bundt Cakes,+1-512-292-1093,"9600 South Interstate 35, Austin, 78748",shop,Austin,US,No website listed on OpenStreetMap for this shop - potential web design / marketing lead.,2026-08-26
Nothing Bundt Cakes,+1-512-986-7453,"10225 Research, Austin, 78759",shop,Austin,US,No website listed on OpenStreetMap for this shop - potential web design / marketing lead.,2026-08-26
DC Haircuts,+1-512-490-1684,"1212 West Parmer Lane, Austin, 78753",shop,Austin,US,No website listed on OpenStreetMap for this shop - potential web design / marketing lead.,2026-08-26
Infocom Systems Inc,+1-512-837-9797,"9514 McNeil Road, Austin, 78758",shop,Austin,US,No website listed on OpenStreetMap for this shop - potential web design / marketing lead.,2026-08-26
Chris’s Liquor,+1-512-707-7511,"6800 West Gate Boulevard, Austin, 78745",shop,Austin,US,No website listed on OpenStreetMap for this shop - potential web design / marketing lead.,2026-08-26
Discount Tire,+1-512-258-4466,"13376 Research Boulevard, Austin, 78750",shop,Austin,US,No website listed on OpenStreetMap for this shop - potential web design / marketing lead.,2026-08-26
Biondillo Bakery,+1-773-921-8282,"4900 West Division Street, Chicago, 60651",shop,Austin,US,No website listed on OpenStreetMap for this shop - potential web design / marketing lead.,2026-08-26
Southshore Bakery,+1-773-287-2886,"5418 West Division Street, Chicago, 60651",shop,Austin,US,No website listed on OpenStreetMap for this shop - potential web design / marketing lead.,2026-08-26
Travis Tile Warehouse North,+1-512-478-8705,"10315 Metropolitan Drive, Austin, 78758",shop,Austin,US,No website listed on OpenStreetMap for this shop - potential web design / marketing lead.,2026-08-26
Roffler School of Hair Design,+1-512-458-2620,"5339 Burnet Rd, Austin, 78756",shop,Austin,US,No website listed on OpenStreetMap for this shop - potential web design / marketing lead.,2026-08-26
Mobile Bicycle Workshop,+1-800-690-2107,"2220 South Lakeshore Boulevard, Austin, 78741",shop,Austin,US,No website listed on OpenStreetMap for this shop - potential web design / marketing lead.,2026-08-26
Bearden Automative,+1-512-336-7010,"12402 Technology Boulevard, Austin",shop,Austin,US,No website listed on OpenStreetMap for this shop - potential web design / marketing lead.,2026-08-26
Tip & Toe Spa,+1-512-989-0565,"12901 North Interstate 35, Austin, 78753",shop,Austin,US,No website listed on OpenStreetMap for this shop - potential web design / marketing lead.,2026-08-26
CupPrimo,+1-512-335-7746,"8650 Spicewood Springs Road, Austin, 78759",shop,Austin,US,No website listed on OpenStreetMap for this shop - potential web design / marketing lead.,2026-08-26
Print Ink & Toner Hub,+1-512-853-9063,"8650 Spicewood Springs Road, Austin, 78759",shop,Austin,US,No website listed on OpenStreetMap for this shop - potential web design / marketing lead.,2026-08-26
The Touch Salon,+1-512-917-7128,"8650 Spicewood Springs Road, Austin, 78759",shop,Austin,US,No website listed on OpenStreetMap for this shop - potential web design / marketing lead.,2026-08-26
Debs Liquor,+1-512-219-9997,"6001 West Parmer Lane, Austin, 78727",shop,Austin,US,No website listed on OpenStreetMap for this shop - potential web design / marketing lead.,2026-08-26
Ten Pretty Nails,+1-512-249-8962,"6001 West Parmer Lane, Austin, 78727",shop,Austin,US,No website listed on OpenStreetMap for this shop - potential web design / marketing lead.,2026-08-26
Anand Bazaar,+1-512-837-9701,"2121 West Parmer Lane, Austin, 78727",shop,Austin,US,No website listed on OpenStreetMap for this shop - potential web design / marketing lead.,2026-08-26
Twin Liquors,+1-512-835-1505,"12407 North MoPac Expressway, Austin, 78758",shop,Austin,US,No website listed on OpenStreetMap for this shop - potential web design / marketing lead.,2026-08-26
The UPS Store,+1-512-834-2633,"12407 North MoPac Expressway, Austin, 78758",shop,Austin,US,No website listed on OpenStreetMap for this shop - potential web design / marketing lead.,2026-08-26
Great Clips,+1-512-719-3196,"12407 North MoPac Expressway, Austin, 78758",shop,Austin,US,No website listed on OpenStreetMap for this shop - potential web design / marketing lead.,2026-08-26
Ross,+1 773-772-0309,"4939 West North Avenue, Chicago, 60639",shop,Austin,US,No website listed on OpenStreetMap for this shop - potential web design / marketing lead.,2026-08-26
Sierra Cleaners,+1-512-833-4454,"17101 West Parmer Lane, Austin, 78727",shop,Austin,US,No website listed on OpenStreetMap for this shop - potential web design / marketing lead.,2026-08-26
Exclusive Alterations,+1-512-451-0292,"3202 West Anderson Lane, Austin, 78757",shop,Austin,US,No website listed on OpenStreetMap for this shop - potential web design / marketing lead.,2026-08-26
Empire Hair Co.,+1-512-565-4447,"2900 West Anderson Lane, Austin, 78757",shop,Austin,US,No website listed on OpenStreetMap for this shop - potential web design / marketing lead.,2026-08-26
Austin's Liquor,+1-512-420-8817,"8312 Burnet Road, Austin, 78757",shop,Austin,US,No website listed on OpenStreetMap for this shop - potential web design / marketing lead.,2026-08-26
Hair By Jose Salon,+1-512-454-1708,"8312 Burnet Road, Austin, 78757",shop,Austin,US,No website listed on OpenStreetMap for this shop - potential web design / marketing lead.,2026-08-26
Crestview Beauty Salon,+1-512-453-1561,"7111 Woodrow Avenue, Austin, 78757",shop,Austin,US,No website listed on OpenStreetMap for this shop - potential web design / marketing lead.,2026-08-26
DSA Auto Body,+1-512-967-9292,"1115 West Anderson Lane, Austin, 78757",shop,Austin,US,No website listed on OpenStreetMap for this shop - potential web design / marketing lead.,2026-08-26
Massage Golden Daisy,+1-512-252-7680,"1200 West Howard Lane, Austin, 78753",shop,Austin,US,No website listed on OpenStreetMap for this shop - potential web design / marketing lead.,2026-08-26
Sky Nails,+1-512-833-9080,"13000 North Lamar Boulevard, Austin, 78753",shop,Austin,US,No website listed on OpenStreetMap for this shop - potential web design / marketing lead.,2026-08-26
Diamond Wholesale Inc,+1-512-491-8300,"12410 North Lamar Boulevard, Austin, 78753",shop,Austin,US,No website listed on OpenStreetMap for this shop - potential web design / marketing lead.,2026-08-26
Double Apple Smoke Shop,+1-512-351-8012,"112200 North Lamar Boulevard, Austin, 78753",shop,Austin,US,No website listed on OpenStreetMap for this shop - potential web design / marketing lead.,2026-08-26
Salon IVO,+1-512-836-6688,"11220 North Lamar Boulevard, Austin, 78753",shop,Austin,US,No website listed on OpenStreetMap for this shop - potential web design / marketing lead.,2026-08-26
Friendly Laundry,+1-512-767-4092,"1200 Kramer Lane, Austin, 78758",shop,Austin,US,No website listed on OpenStreetMap for this shop - potential web design / marketing lead.,2026-08-26
Austin Brick Company,+1-512-899-1550,"835 Kramer Lane, Austin, 78758",shop,Austin,US,No website listed on OpenStreetMap for this shop - potential web design / marketing lead.,2026-08-26
Brother Window Tint,+1-512-836-8468,"11114 North Lamar Boulevard, Austin, 78753",shop,Austin,US,No website listed on OpenStreetMap for this shop - potential web design / marketing lead.,2026-08-26
Cy's Car World,+1-512-837-1818,"11116 North Lamar Boulevard, Austin, 78753",shop,Austin,US,No website listed on OpenStreetMap for this shop - potential web design / marketing lead.,2026-08-26
Martin Preferred Foods,+1-512-973-8550,"2024 Centimeter Circle, Austin, 78758",shop,Austin,US,No website listed on OpenStreetMap for this shop - potential web design / marketing lead.,2026-08-26
Active Athlete,+1-512-206-0909,"3909 North Interstate 35, Austin, 78722",shop,Austin,US,No website listed on OpenStreetMap for this shop - potential web design / marketing lead.,2026-08-26
Kervin's Barber Shop,+1-512-453-2991,"3909 North Interstate 35, Austin, 78722",shop,Austin,US,No website listed on OpenStreetMap for this shop - potential web design / marketing lead.,2026-08-26
UT Nails,+1-512-323-9900,"3909 North Interstate 35, Austin, 78722",shop,Austin,US,No website listed on OpenStreetMap for this shop - potential web design / marketing lead.,2026-08-26
Metro by T-Mobile,+1-512-640-0001,"3909 North Interstate 35, Austin, 78722",shop,Austin,US,No website listed on OpenStreetMap for this shop - potential web design / marketing lead.,2026-08-26
Joe Motors Unlimited,+1-512-926-1266,"5209 Manor Road, Austin, 78723",shop,Austin,US,No website listed on OpenStreetMap for this shop - potential web design / marketing lead.,2026-08-26
Cecy's Beauty Salon & Supply,+1-512-926-8869,"5201 Manor Road, Austin, 78723",shop,Austin,US,No website listed on OpenStreetMap for this shop - potential web design / marketing lead.,2026-08-26
E-Z Stop,+1-512-926-0541,"5029 Manor Road, Austin, 78723",shop,Austin,US,No website listed on OpenStreetMap for this shop - potential web design / marketing lead.,2026-08-26
E-Z Laundry,+1-512-368-5575,"5027 Manor Road, Austin, 78723",shop,Austin,US,No website listed on OpenStreetMap for this shop - potential web design / marketing lead.,2026-08-26
My Salon,+1-512-470-8277,"5025 Manor Road, Austin, 78723",shop,Austin,US,No website listed on OpenStreetMap for this shop - potential web design / marketing lead.,2026-08-26
Nails by Tina,+1-512-385-1615,"1717 South Pleasant Valley Road, Austin, 78741",shop,Austin,US,No website listed on OpenStreetMap for this shop - potential web design / marketing lead.,2026-08-26
Nails Euphoria,+1-512-244-2880,"10510 West Parmer Lane, Austin, 78717",shop,Austin,US,No website listed on OpenStreetMap for this shop - potential web design / marketing lead.,2026-08-26
Salon by LBS,+1-512-382-7446,"11066 Pecan Park Boulevard, Cedar Park, 78613",shop,Austin,US,No website listed on OpenStreetMap for this shop - potential web design / marketing lead.,2026-08-26
Mattress Firm,+1 512-331-6470,"14005 Research Boulevard, Austin, 78717",shop,Austin,US,No website listed on OpenStreetMap for this shop - potential web design / marketing lead.,2026-08-26
Kwik Stop,+1-512-970-2513,"11331 North Lamar Boulevard, Austin, 78758",shop,Austin,US,No website listed on OpenStreetMap for this shop - potential web design / marketing lead.,2026-08-26
Rick's Auto Repair,+1-512-674-3328,"11108 North Lamar Boulevard, Austin, 78758",shop,Austin,US,No website listed on OpenStreetMap for this shop - potential web design / marketing lead.,2026-08-26
Happy Foot Spa,+1-512-832-7887,"10901 North Lamar Boulevard, Austin, 78753",shop,Austin,US,No website listed on OpenStreetMap for this shop - potential web design / marketing lead.,2026-08-26
Borinken Roots,+1-512-300-0070,"11800 North Lamar Boulevard, Austin, 78758",shop,Austin,US,No website listed on OpenStreetMap for this shop - potential web design / marketing lead.,2026-08-26
Man Pasand Grocery,+1-512-892-9600,"3601 West William Cannon Drive, Austin, 78749",shop,Austin,US,No website listed on OpenStreetMap for this shop - potential web design / marketing lead.,2026-08-26
Bread Basket Food Store,+1-512-474-2077,"1514 Holly Street, Austin, 78702",shop,Austin,US,No website listed on OpenStreetMap for this shop - potential web design / marketing lead.,2026-08-26
Furniture in the Raw,+1-512-451-0213,"7713 Burnet Road, Austin, 78757",shop,Austin,US,No website listed on OpenStreetMap for this shop - potential web design / marketing lead.,2026-08-26
MC Hair Cuts,+1-512-719-1188,"2121 West Parmer Lane, Austin, 78727",shop,Austin,US,No website listed on OpenStreetMap for this shop - potential web design / marketing lead.,2026-08-26
Natural Grocers,+1-512-323-5100,"4615 N Lamar Blvd, Austin, 78751",shop,Austin,US,No website listed on OpenStreetMap for this shop - potential web design / marketing lead.,2026-08-26
Verizon,+1-737-203-8667,"6929 Airport Boulevard, Austin, 78752",shop,Austin,US,No website listed on OpenStreetMap for this shop - potential web design / marketing lead.,2026-08-26
Brodie Food Mart,+1-512-292-0057,"7612 Brodie Lane, Austin, 78745",shop,Austin,US,No website listed on OpenStreetMap for this shop - potential web design / marketing lead.,2026-08-26
Big Bucket,+1-512-362-8710,"8906 Brodie Lane, Austin, 78749",shop,Austin,US,No website listed on OpenStreetMap for this shop - potential web design / marketing lead.,2026-08-26
Laundry Works,+1-512-482-9274,"Austin, 78705",shop,Austin,US,No website listed on OpenStreetMap for this shop - potential web design / marketing lead.,2026-08-26
Connoisseur Smoke Shop,+1-512-551-2892,"1011 East 6th Street, Austin, 78702",shop,Austin,US,No website listed on OpenStreetMap for this shop - potential web design / marketing lead.,2026-08-26
OPI Nails & Spa,+1-512-891-8781,"3601 West William Cannon Drive, Austin, 78749",shop,Austin,US,No website listed on OpenStreetMap for this shop - potential web design / marketing lead.,2026-08-26
Spectrum,+1-888-406-7063,"11920 Alterra Parkway, Austin",shop,Austin,US,No website listed on OpenStreetMap for this shop - potential web design / marketing lead.,2026-08-26
The UPS Store,+1-512-358-7100,"4301 West William Cannon Drive, Austin, 78749",shop,Austin,US,No website listed on OpenStreetMap for this shop - potential web design / marketing lead.,2026-08-26
Costco Tire Center,+1-512-382-3013,"4301 W William Cannon Drive, Austin, 78749",shop,Austin,US,No website listed on OpenStreetMap for this shop - potential web design / marketing lead.,2026-08-26
Paws on Chicon,+1-512-273-7297,"1301 Chicon Street, Austin, 78702",shop,Austin,US,No website listed on OpenStreetMap for this shop - potential web design / marketing lead.,2026-08-26
Cash America Pawn,+1-512-467-2568,"7544 North Lamar Boulevard, Austin, 78752",shop,Austin,US,No website listed on OpenStreetMap for this shop - potential web design / marketing lead.,2026-08-26
LJ Barber SHop,+1-512-680-9870,"7601 North Lamar Boulevard, Austin, 78752",shop,Austin,US,No website listed on OpenStreetMap for this shop - potential web design / marketing lead.,2026-08-26
Windy Hair Salon,+1-512-608-1170,"6929 Airport Boulevard, Austin, 78752",shop,Austin,US,No website listed on OpenStreetMap for this shop - potential web design / marketing lead.,2026-08-26
Shipley,+1-512-218-4944,"Austin, 78717",shop,Austin,US,No website listed on OpenStreetMap for this shop - potential web design / marketing lead.,2026-08-26
Zapco,+1-512-733-8300,"Austin, 78717",shop,Austin,US,No website listed on OpenStreetMap for this shop - potential web design / marketing lead.,2026-08-26
Claudia's Hair Salon,+1-512-260-2566,"2006 West Parmer Lane, Austin, 78727",shop,Austin,US,No website listed on OpenStreetMap for this shop - potential web design / marketing lead.,2026-08-26
Citgo,+1-512-206-6306,"1006 East Yager Lane, Austin, 78753",shop,Austin,US,No website listed on OpenStreetMap for this shop - potential web design / marketing lead.,2026-08-26
Blackjack Gunsmithing,+1-512-450-3535,"13043 Pond Springs Road, Austin, 78729",shop,Austin,US,No website listed on OpenStreetMap for this shop - potential web design / marketing lead.,2026-08-26
Austin Auto Assistance,+1-512-472-6605,"8801 FM 969, Austin, 78724",shop,Austin,US,No website listed on OpenStreetMap for this shop - potential web design / marketing lead.,2026-08-26
Fast Freddy's,+1-512-447-0055,"7811 South 1st Street, Austin",shop,Austin,US,No website listed on OpenStreetMap for this shop - potential web design / marketing lead.,2026-08-26
Old School Liquor & Market,+1-512-992-0633,"1901 West William Cannon Drive, Austin, 78745",shop,Austin,US,No website listed on OpenStreetMap for this shop - potential web design / marketing lead.,2026-08-26
Tiff's Treats,+1-512-813-7100,"1235 East 51st Street, Austin, 78723",shop,Austin,US,No website listed on OpenStreetMap for this shop - potential web design / marketing lead.,2026-08-26
Bath & Body Works,+1-512-362-5622,"1201 Barbara Jordan Boulevard, Austin, 78723",shop,Austin,US,No website listed on OpenStreetMap for this shop - potential web design / marketing lead.,2026-08-26
Brooklyn Bike Doctor ATX,+1 512 537 9632,"2709 East 5th Street, Austin, 78702",shop,Austin,US,No website listed on OpenStreetMap for this shop - potential web design / marketing lead.,2026-08-26
Adolph's Barbershop,+1-512-444-9153,"Austin, 78745",shop,Austin,US,No website listed on OpenStreetMap for this shop - potential web design / marketing lead.,2026-08-26
Justina's Salon,+1-512-928-5522,"8806 North Lamar Boulevard, Austin, 78753",shop,Austin,US,No website listed on OpenStreetMap for this shop - potential web design / marketing lead.,2026-08-26
The UPS Store,+1-512-444-6466,"6800 West Gate Boulevard, Austin, 78745",shop,Austin,US,No website listed on OpenStreetMap for this shop - potential web design / marketing lead.,2026-08-26
Bali Massage Spa,+1-512-320-8999,"6800 West Gate Boulevard, Austin, 78745",shop,Austin,US,No website listed on OpenStreetMap for this shop - potential web design / marketing lead.,2026-08-26
Twisted K Nutrition,+1-737-414-2930,"6800 West Gate Boulevard, Austin, 78745",shop,Austin,US,No website listed on OpenStreetMap for this shop - potential web design / marketing lead.,2026-08-26
Neighbor Self Storage,+1-737-250-7378,"2800 Bartons Bluff Lane, Austin, 78746",shop,Austin,US,No website listed on OpenStreetMap for this shop - potential web design / marketing lead.,2026-08-26
Quarter To Ten,+1-512-447-1147,"6800 West Gate Boulevard, Austin, 78745",shop,Austin,US,No website listed on OpenStreetMap for this shop - potential web design / marketing lead.,2026-08-26
Davis Liqour,+1-512-953-8098,"3008 Davis Lane, Austin, 78745",shop,Austin,US,No website listed on OpenStreetMap for this shop - potential web design / marketing lead.,2026-08-26
Somethings Brewing,+17755603195,"15 Main Street, Austin",shop,Austin,US,No website listed on OpenStreetMap for this shop - potential web design / marketing lead.,2026-08-26
OneMain Financial,+1-512-326-1151,"9900 South Interstate 35, Austin, 78748",shop,Austin,US,No website listed on OpenStreetMap for this shop - potential web design / marketing lead.,2026-08-26
Posh Nail Bar,+1-512-434-8956,"9900 South Interstate 35, Austin, 78748",shop,Austin,US,No website listed on OpenStreetMap for this shop - potential web design / marketing lead.,2026-08-26
Five Below,+1-737-279-7940,"9600 South Interstate 35, Austin, 78748",shop,Austin,US,No website listed on OpenStreetMap for this shop - potential web design / marketing lead.,2026-08-26
A-A1 Foods,+1-512-326-5222,"3913 Todd Lane, Austin, 78744",shop,Austin,US,No website listed on OpenStreetMap for this shop - potential web design / marketing lead.,2026-08-26
JD's Supermarket #9,+1-512-297-2118,"6214 East Riverside Drive, Austin, 78741",shop,Austin,US,No website listed on OpenStreetMap for this shop - potential web design / marketing lead.,2026-08-26
WEIRDO,+1-512-330-4854,"14125 The Lakes Boulevard, Pflugerville, 78660",shop,Austin,US,No website listed on OpenStreetMap for this shop - potential web design / marketing lead.,2026-08-26
Hermès,+1-737-309-0530,"1221 South Congress Avenue, Austin, 78704",shop,Austin,US,No website listed on OpenStreetMap for this shop - potential web design / marketing lead.,2026-08-26
Elmexabarber,+1-512-999-4411,"9063 Research Boulevard, Austin, 78758",shop,Austin,US,No website listed on OpenStreetMap for this shop - potential web design / marketing lead.,2026-08-26
Rathbone Moto Works,+1-512-953-5370,"8314 cross park dr, austin, 78754",shop,Austin,US,No website listed on OpenStreetMap for this shop - potential web design / marketing lead.,2026-08-26
Ideal Barbershop,+15124770542,"1914 B East 12th Street, Austin, 78702",shop,Austin,US,No website listed on OpenStreetMap for this shop - potential web design / marketing lead.,2026-08-26
H-E-B,+1-512-249-0400,"6001 West Parmer Lane, Austin, 78727",shop,Austin,US,No website listed on OpenStreetMap for this shop - potential web design / marketing lead.,2026-08-26
H-E-B,+1-512-506-9060,"12860 Research Boulevard, Austin, 78750",shop,Austin,US,No website listed on OpenStreetMap for this shop - potential web design / marketing lead.,2026-08-26
H-E-B plus!,+1-512-249-0558,"11521 Ranch Road 620, Austin, 78726",shop,Austin,US,No website listed on OpenStreetMap for this shop - potential web design / marketing lead.,2026-08-26
H-E-B,+1-512-336-7700,"7301 Ranch Road 620 North, Austin, 78726",shop,Austin,US,No website listed on OpenStreetMap for this shop - potential web design / marketing lead.,2026-08-26
H-E-B,+1 512 794 8221,"10710 Research Boulevard, Austin, 78759",shop,Austin,US,No website listed on OpenStreetMap for this shop - potential web design / marketing lead.,2026-08-26
BMW Motorcycles of Austin,+1-512-451-7979,Austin,shop,Austin,US,No website listed on OpenStreetMap for this shop - potential web design / marketing lead.,2026-08-26
Tesla Austin-Pond Springs,+1-737-207-8000,Austin,shop,Austin,US,No website listed on OpenStreetMap for this shop - potential web design / marketing lead.,2026-08-26
Discount Tire,+1-512-339-9796,"8219 Research Boulevard, Austin, 78758",shop,Austin,US,No website listed on OpenStreetMap for this shop - potential web design / marketing lead.,2026-08-26
Food Mart,+1-512-973-0330,"2601 West Braker Lane, Austin, 78758",shop,Austin,US,No website listed on OpenStreetMap for this shop - potential web design / marketing lead.,2026-08-26
Hobby Lobby,+1-512-358-0961,"6600 South Mopac Expressway, Austin, 78749",shop,Austin,US,No website listed on OpenStreetMap for this shop - potential web design / marketing lead.,2026-08-26
Verizon,+1-507-481-1000,"1801 14th Street Northwest, Austin, 55912",shop,Austin,US,No website listed on OpenStreetMap for this shop - potential web design / marketing lead.,2026-08-26
Lammes Candies,+1-512-453-2899,"5330 Airport Boulevard, Austin, 78751",shop,Austin,US,No website listed on OpenStreetMap for this shop - potential web design / marketing lead.,2026-08-26
Spec's,+1-512-280-7400,"9900 South Interstate 35, Austin, 78748",shop,Austin,US,No website listed on OpenStreetMap for this shop - potential web design / marketing lead.,2026-08-26
Leamington Foods,+1-773-261-3055,"5467 West Madison Street, Chicago, 60644",shop,Austin,US,No website listed on OpenStreetMap for this shop - potential web design / marketing lead.,2026-08-26
H-E-B,+1-512-926-1491,"7112 Ed Bluestein Boulevard, Austin, 78723",shop,Austin,US,No website listed on OpenStreetMap for this shop - potential web design / marketing lead.,2026-08-26
Sunrise Mini-Mart,+1-512-459-0746,"7401 Burnet Road, Austin, 78757",shop,Austin,US,No website listed on OpenStreetMap for this shop - potential web design / marketing lead.,2026-08-26
Prime Mart,+1-512-382-2986,"12430 North Lamar Boulevard, Austin, 78758",shop,Austin,US,No website listed on OpenStreetMap for this shop - potential web design / marketing lead.,2026-08-26
H-E-B,+1-512-502-8445,"7015 Village Center Drive, Austin, 78731",shop,Austin,US,No website listed on OpenStreetMap for this shop - potential web design / marketing lead.,2026-08-26
Circle K,+1-512-335-7277,"13014 Pond Springs Road, Austin, 78729",shop,Austin,US,No website listed on OpenStreetMap for this shop - potential web design / marketing lead.,2026-08-26
Discount Tire,+1-512-443-2616,"1411 West Ben White Boulevard, Austin, 78704",shop,Austin,US,No website listed on OpenStreetMap for this shop - potential web design / marketing lead.,2026-08-26
Austin Peel & Son Funeral Home,+1-512-419-7224,"607 East Anderson Lane, Austin, 78752",shop,Austin,US,No website listed on OpenStreetMap for this shop - potential web design / marketing lead.,2026-08-26
Crunch N Munch,+1-512-779-4442,"5816 North Interstate Highway 35 Service Road, Austin, 78751",shop,Austin,US,No website listed on OpenStreetMap for this shop - potential web design / marketing lead.,2026-08-26
APD Garage,+1 512-974-2000,"708 East 8th Street, Austin",shop,Austin,US,No website listed on OpenStreetMap for this shop - potential web design / marketing lead.,2026-08-26
East 1st Grocery,+1-512-477-0988,"1811 East Cesar Chavez Street, Austin, 78702",shop,Austin,US,No website listed on OpenStreetMap for this shop - potential web design / marketing lead.,2026-08-26
Austin Pets Alive! Thrift,+1-512-906-0303,"5102 Clarkson Avenue, Austin, 78751",shop,Austin,US,No website listed on OpenStreetMap for this shop - potential web design / marketing lead.,2026-08-26
H-E-B,+1-512-478-7328,"2701 East 7th Street, Austin, 78702",shop,Austin,US,No website listed on OpenStreetMap for this shop - potential web design / marketing lead.,2026-08-26
Ross,+1 512-206-3138,"2531 West Anderson Lane, Austin, 78757-1105",shop,Austin,US,No website listed on OpenStreetMap for this shop - potential web design / marketing lead.,2026-08-26
Sam's Mini Mart,+1-512-927-6117,"5210 Manor Road, Austin, 78723",shop,Austin,US,No website listed on OpenStreetMap for this shop - potential web design / marketing lead.,2026-08-26
Crestview Auto Repair,+1-512-467-0765,"7200 Woodrow Avenue, Austin, 78757",shop,Austin,US,No website listed on OpenStreetMap for this shop - potential web design / marketing lead.,2026-08-26
Austin Pets Alive! Thrift,+1-512-373-3099,"5801 Burnet Road, Austin, 78756",shop,Austin,US,No website listed on OpenStreetMap for this shop - potential web design / marketing lead.,2026-08-26
Mattress Firm,+1 512-371-0760,"3910 North Lamar Boulevard, Austin, 78756",shop,Austin,US,No website listed on OpenStreetMap for this shop - potential web design / marketing lead.,2026-08-26
Luu Auto Repair,+15128371417,"8225 North Lamar Boulevard, Austin, 78753",shop,Austin,US,No website listed on OpenStreetMap for this shop - potential web design / marketing lead.,2026-08-26
Star Stop 50,+1-512-382-1646,"6310 East Ben White Boulevard, Austin, 78741",shop,Austin,US,No website listed on OpenStreetMap for this shop - potential web design / marketing lead.,2026-08-26
Stop N Express,+1-512-926-2763,"5301 Manor Road, Austin, 78723",shop,Austin,US,No website listed on OpenStreetMap for this shop - potential web design / marketing lead.,2026-08-26
Capital Collision Auto Repair Center,+1-512-821-3100,"1950 Rutland Drive, Austin, 78758",shop,Austin,US,No website listed on OpenStreetMap for this shop - potential web design / marketing lead.,2026-08-26
Citgo,+1-512-252-8747,"13701 North Interstate Highway 35 Service Road, Pflugerville, 78660",shop,Austin,US,No website listed on OpenStreetMap for this shop - potential web design / marketing lead.,2026-08-26
Valero,+1-512-251-5551,"1310 West Howard Lane, Austin, 78753",shop,Austin,US,No website listed on OpenStreetMap for this shop - potential web design / marketing lead.,2026-08-26
Food Basket,+1-512-835-7767,"2015 West Parmer Lane, Austin, 78727",shop,Austin,US,No website listed on OpenStreetMap for this shop - potential web design / marketing lead.,2026-08-26
Luu Auto Repair & Body Shop,+1-512-837-3714,"903 Kramer Lane, Austin, 78758",shop,Austin,US,No website listed on OpenStreetMap for this shop - potential web design / marketing lead.,2026-08-26
Jiffy Lube,+1-512-280-5823,"8602 Brodie Lane, Austin, 78745",shop,Austin,US,No website listed on OpenStreetMap for this shop - potential web design / marketing lead.,2026-08-26
H-E-B Express,+1-512-448-3513,"2512 East Riverside Drive, Austin, 78741",shop,Austin,US,No website listed on OpenStreetMap for this shop - potential web design / marketing lead.,2026-08-26
Stop & Save,+1-512-447-3373,"1800 Burton Drive, Austin, 78741",shop,Austin,US,No website listed on OpenStreetMap for this shop - potential web design / marketing lead.,2026-08-26
Scenic Brook Food Mart,+1-512-288-6800,"7216 Highway 71 West, Austin, 78735",shop,Austin,US,No website listed on OpenStreetMap for this shop - potential web design / marketing lead.,2026-08-26
Discount Tire,+1-512-326-2422,"1607 Nelms Drive, Austin, 78744",shop,Austin,US,No website listed on OpenStreetMap for this shop - potential web design / marketing lead.,2026-08-26
Onion Creek Food Mart,+1-512-282-7211,"2101 Boca Raton Drive, Austin, 78747",shop,Austin,US,No website listed on OpenStreetMap for this shop - potential web design / marketing lead.,2026-08-26
Beatniks Market & Cafe,+1-512-502-5146,"4415 Menchaca Road, Austin, 78745",shop,Austin,US,No website listed on OpenStreetMap for this shop - potential web design / marketing lead.,2026-08-26
Tesla Austin-St Elmo Rd,+1-737-717-8919,"500 East Saint Elmo Road, Austin",shop,Austin,US,No website listed on OpenStreetMap for this shop - potential web design / marketing lead.,2026-08-26
H-E-B,+1-512-891-8900,"6900 Brodie Lane, Austin, 78745",shop,Austin,US,No website listed on OpenStreetMap for this shop - potential web design / marketing lead.,2026-08-26
Burpy Market,+1-512-386-5329,"6311 Burleson Road, Austin, 78744",shop,Austin,US,No website listed on OpenStreetMap for this shop - potential web design / marketing lead.,2026-08-26
Ten Pretty Nails,+1-512-251-6464,"1420 Wells Branch Parkway, Pflugerville, 78660",shop,Austin,US,No website listed on OpenStreetMap for this shop - potential web design / marketing lead.,2026-08-26
H-E-B,+1-737-236-8348,"8801 South Congress Avenue, Austin, 78745",shop,Austin,US,No website listed on OpenStreetMap for this shop - potential web design / marketing lead.,2026-08-26
Lexus,+1-737-214-4509,"9910 Stonelake Boulevard, Austin, 78759",shop,Austin,US,No website listed on OpenStreetMap for this shop - potential web design / marketing lead.,2026-08-26
Wells Branch Food Mart,+1-512-335-6666,"3505 Wells Branch Parkway, Austin, 78727",shop,Austin,US,No website listed on OpenStreetMap for this shop - potential web design / marketing lead.,2026-08-26
Foodie's,+1-512-992-0273,"8225 Highway 71 West, Austin, 78735",shop,Austin,US,No website listed on OpenStreetMap for this shop - potential web design / marketing lead.,2026-08-26
Central Self Storage,+1-512-280-6438,"8327 South Congress Avenue, Austin, 78745",shop,Austin,US,No website listed on OpenStreetMap for this shop - potential web design / marketing lead.,2026-08-26
Maha Market,+1-512-551-2544,"5212 Manchaca Road, Austin, 78745",shop,Austin,US,No website listed on OpenStreetMap for this shop - potential web design / marketing lead.,2026-08-26
Tinnin Food Mart,+1-512-445-6700,"1516 Tinnin Ford Road, Austin, 78741",shop,Austin,US,No website listed on OpenStreetMap for this shop - potential web design / marketing lead.,2026-08-26
Self Edge,+1-512-284-7225,"1300 South Lamar Boulevard, Austin, 78704",shop,Austin,US,No website listed on OpenStreetMap for this shop - potential web design / marketing lead.,2026-08-26
Public Storage,+1-512-634-8351,"9814 West Gate Boulevard, Austin, 78748",shop,Austin,US,No website listed on OpenStreetMap for this shop - potential web design / marketing lead.,2026-08-26
HokkaiSan,+1-512-906-0966,"609 Congress Avenue, Austin, 78701",shop,Austin,US,No website listed on OpenStreetMap for this shop - potential web design / marketing lead.,2026-08-26
BMW of South Austin,+1-512-792-2386,"5501 South Interstate 35, Austin, 78744",shop,Austin,US,No website listed on OpenStreetMap for this shop - potential web design / marketing lead.,2026-08-26
Maxwell Ford,+1-512-443-5000,Austin,shop,Austin,US,No website listed on OpenStreetMap for this shop - potential web design / marketing lead.,2026-08-26
O'Reilly Auto Parts,+15122984988,"12489 Los Indios Trail, Austin, 78729",shop,Austin,US,No website listed on OpenStreetMap for this shop - potential web design / marketing lead.,2026-08-26
